{
    "svm": {
        "tol": 0.001,
        "probability": true,
        "kernel": "rbf",
        "gamma": 0.01,
        "class_weight": "balanced",
        "C": 0.1
    },
    "logistic_regression": {
        "tol": 0.1,
        "solver": "sag",
        "random_state": 42,
        "max_iter": 2000,
        "class_weight": "balanced",
        "C": 0.001
    },
    "lstm": {
        "hidden_size": 16,
        "num_layers": 2,
        "dropout": 0.41909679154360285,
        "learning_rate": 0.00020541969382042096,
        "batch_size": 8,
        "weight_decay": 0.0002089801077881484
    },
    "transformer": {
        "d_model": 13,
        "num_layers": 2,
        "dropout": 0.6589094070996404,
        "learning_rate": 0.00011424399052626787,
        "batch_size": 4,
        "nhead": 2,
        "weight_decay": 0.0024881955735599464
    }
}