{
    "svm": {
        "tol": 0.001,
        "probability": true,
        "kernel": "rbf",
        "gamma": 0.1,
        "class_weight": "balanced",
        "C": 0.1
    },
    "logistic_regression": {
        "tol": 1.0,
        "solver": "newton-cg",
        "random_state": 42,
        "max_iter": 2000,
        "class_weight": "balanced",
        "C": 0.001
    },
    "lstm": {
        "hidden_size": 18,
        "num_layers": 1,
        "dropout": 0.6058964728868743,
        "learning_rate": 0.00019104285131032924,
        "batch_size": 4,
        "weight_decay": 0.00020731712417620696
    },
    "transformer": {
        "d_model": 17,
        "num_layers": 1,
        "dropout": 0.6706192352842449,
        "learning_rate": 0.0001879899986088076,
        "batch_size": 8,
        "nhead": 2,
        "weight_decay": 0.0038536233522052806
    }
}