{
    "svm": {
        "tol": 0.001,
        "probability": true,
        "kernel": "rbf",
        "gamma": 0.1,
        "class_weight": "balanced",
        "C": 1e-06
    },
    "logistic_regression": {
        "tol": 0.1,
        "solver": "sag",
        "random_state": 42,
        "max_iter": 2000,
        "class_weight": "balanced",
        "C": 0.1
    },
    "lstm": {
        "hidden_size": 12,
        "num_layers": 1,
        "dropout": 0.3620322018225816,
        "learning_rate": 0.0001346824716199823,
        "batch_size": 8,
        "weight_decay": 0.0002464765412869025
    },
    "transformer": {
        "d_model": 12,
        "num_layers": 1,
        "dropout": 0.6066244540629193,
        "learning_rate": 0.0005222406575218094,
        "batch_size": 4,
        "nhead": 2,
        "weight_decay": 0.05539163561040395
    }
}