{
    "svm": {
        "tol": 0.001,
        "probability": true,
        "kernel": "rbf",
        "gamma": 0.1,
        "class_weight": "balanced",
        "C": 0.1
    },
    "logistic_regression": {
        "tol": 1.0,
        "solver": "newton-cg",
        "random_state": 42,
        "max_iter": 2000,
        "class_weight": "balanced",
        "C": 0.001
    },
    "lstm": {
        "hidden_size": 14,
        "num_layers": 1,
        "dropout": 0.6996427345948791,
        "learning_rate": 0.00010358518218982523,
        "batch_size": 8,
        "weight_decay": 0.00015734313001178086
    },
    "transformer": {
        "d_model": 10,
        "num_layers": 1,
        "dropout": 0.47911387080893614,
        "learning_rate": 0.00014367109603886534,
        "batch_size": 8,
        "nhead": 2,
        "weight_decay": 0.030800240766146222
    }
}