{
    "svm": {
        "tol": 0.001,
        "probability": true,
        "kernel": "linear",
        "gamma": 0.0001,
        "class_weight": "balanced",
        "C": 0.01
    },
    "logistic_regression": {
        "tol": 0.1,
        "solver": "lbfgs",
        "random_state": 42,
        "max_iter": 2000,
        "class_weight": "balanced",
        "C": 0.1
    },
    "lstm": {
        "hidden_size": 8,
        "num_layers": 1,
        "dropout": 0.6978442038657301,
        "learning_rate": 0.00022845624307295888,
        "batch_size": 8,
        "weight_decay": 0.006156709795926456
    },
    "transformer": {
        "d_model": 24,
        "num_layers": 2,
        "dropout": 0.6409793724280539,
        "learning_rate": 0.0005077565726217099,
        "batch_size": 4,
        "nhead": 2,
        "weight_decay": 0.0018446604360489434
    }
}