{
    "svm": {
        "tol": 0.001,
        "probability": true,
        "kernel": "linear",
        "gamma": 0.0001,
        "class_weight": "balanced",
        "C": 0.1
    },
    "logistic_regression": {
        "tol": 0.001,
        "solver": "newton-cg",
        "random_state": 42,
        "max_iter": 2000,
        "class_weight": "balanced",
        "C": 0.01
    },
    "lstm": {
        "hidden_size": 16,
        "num_layers": 1,
        "dropout": 0.5821570134536026,
        "learning_rate": 0.00010201778515460151,
        "batch_size": 8,
        "weight_decay": 0.02589366915289426
    },
    "transformer": {
        "d_model": 17,
        "num_layers": 2,
        "dropout": 0.5409274004661782,
        "learning_rate": 0.0001520754920475319,
        "batch_size": 4,
        "nhead": 2,
        "weight_decay": 0.00024652319208273845
    }
}