{
    "svm": {
        "tol": 0.001,
        "probability": true,
        "kernel": "rbf",
        "gamma": 0.1,
        "class_weight": "balanced",
        "C": 0.1
    },
    "logistic_regression": {
        "tol": 0.1,
        "solver": "saga",
        "random_state": 42,
        "max_iter": 2000,
        "class_weight": "balanced",
        "C": 0.1
    },
    "lstm": {
        "hidden_size": 22,
        "num_layers": 1,
        "dropout": 0.520091202523166,
        "learning_rate": 0.00011736878420871106,
        "batch_size": 8,
        "weight_decay": 0.0011584017935732996
    },
    "transformer": {
        "d_model": 21,
        "num_layers": 2,
        "dropout": 0.47904818085734924,
        "learning_rate": 0.00010374965234420341,
        "batch_size": 4,
        "nhead": 2,
        "weight_decay": 0.014875132077828342
    }
}