{
    "svm": {
        "tol": 0.001,
        "probability": true,
        "kernel": "linear",
        "gamma": 0.0001,
        "class_weight": "balanced",
        "C": 0.1
    },
    "logistic_regression": {
        "tol": 0.001,
        "solver": "newton-cg",
        "random_state": 42,
        "max_iter": 2000,
        "class_weight": "balanced",
        "C": 0.1
    },
    "lstm": {
        "hidden_size": 8,
        "num_layers": 1,
        "dropout": 0.41116722134924877,
        "learning_rate": 0.00010197185436120181,
        "batch_size": 8,
        "weight_decay": 0.0022484147380132666
    },
    "transformer": {
        "d_model": 14,
        "num_layers": 2,
        "dropout": 0.5191338045466576,
        "learning_rate": 0.00011866358625597809,
        "batch_size": 8,
        "nhead": 2,
        "weight_decay": 0.010332311813666928
    }
}