{
    "svm": {
        "tol": 0.001,
        "probability": true,
        "kernel": "linear",
        "gamma": 0.0001,
        "class_weight": "balanced",
        "C": 0.1
    },
    "logistic_regression": {
        "tol": 0.01,
        "solver": "newton-cg",
        "random_state": 42,
        "max_iter": 2000,
        "class_weight": "balanced",
        "C": 0.1
    },
    "lstm": {
        "hidden_size": 17,
        "num_layers": 2,
        "dropout": 0.38848308237235374,
        "learning_rate": 0.00011917475287794913,
        "batch_size": 8,
        "weight_decay": 0.0008721586485978342
    },
    "transformer": {
        "d_model": 16,
        "num_layers": 1,
        "dropout": 0.553213099764426,
        "learning_rate": 0.0003053303403380636,
        "batch_size": 4,
        "nhead": 2,
        "weight_decay": 0.000654563408107804
    }
}