{
    "svm": {
        "tol": 0.001,
        "probability": true,
        "kernel": "rbf",
        "gamma": 0.1,
        "class_weight": "balanced",
        "C": 0.1
    },
    "logistic_regression": {
        "tol": 0.001,
        "solver": "newton-cg",
        "random_state": 42,
        "max_iter": 2000,
        "class_weight": "balanced",
        "C": 0.1
    },
    "lstm": {
        "hidden_size": 20,
        "num_layers": 2,
        "dropout": 0.5820128852346828,
        "learning_rate": 0.00012509705853438235,
        "batch_size": 8,
        "weight_decay": 0.0002959969800743979
    },
    "transformer": {
        "d_model": 9,
        "num_layers": 1,
        "dropout": 0.4005621817066133,
        "learning_rate": 0.00016124706476391726,
        "batch_size": 4,
        "nhead": 2,
        "weight_decay": 0.003074856404814991
    }
}