{
    "svm": {
        "tol": 0.001,
        "probability": true,
        "kernel": "linear",
        "gamma": 0.0001,
        "class_weight": "balanced",
        "C": 0.1
    },
    "logistic_regression": {
        "tol": 0.01,
        "solver": "newton-cg",
        "random_state": 42,
        "max_iter": 2000,
        "class_weight": "balanced",
        "C": 0.1
    },
    "lstm": {
        "hidden_size": 13,
        "num_layers": 1,
        "dropout": 0.6768560949277389,
        "learning_rate": 0.0009533488234318823,
        "batch_size": 4,
        "weight_decay": 0.0193303658406286
    },
    "transformer": {
        "d_model": 24,
        "num_layers": 2,
        "dropout": 0.4738587405280521,
        "learning_rate": 0.0002619666124787892,
        "batch_size": 8,
        "nhead": 2,
        "weight_decay": 0.00030581816175107127
    }
}