{
    "svm": {
        "tol": 0.001,
        "probability": true,
        "kernel": "rbf",
        "gamma": 0.1,
        "class_weight": "balanced",
        "C": 0.1
    },
    "logistic_regression": {
        "tol": 0.001,
        "solver": "newton-cg",
        "random_state": 42,
        "max_iter": 2000,
        "class_weight": "balanced",
        "C": 0.01
    },
    "lstm": {
        "hidden_size": 17,
        "num_layers": 2,
        "dropout": 0.4950387242277707,
        "learning_rate": 0.00023334201887431624,
        "batch_size": 8,
        "weight_decay": 0.0957428591435102
    },
    "transformer": {
        "d_model": 10,
        "num_layers": 1,
        "dropout": 0.5104369611401014,
        "learning_rate": 0.00012843775869338586,
        "batch_size": 8,
        "nhead": 2,
        "weight_decay": 0.0017670334324107978
    }
}