{
    "svm": {
        "tol": 0.001,
        "probability": true,
        "kernel": "rbf",
        "gamma": 0.1,
        "class_weight": "balanced",
        "C": 0.1
    },
    "logistic_regression": {
        "tol": 0.001,
        "solver": "newton-cg",
        "random_state": 42,
        "max_iter": 2000,
        "class_weight": "balanced",
        "C": 0.1
    },
    "lstm": {
        "hidden_size": 15,
        "num_layers": 1,
        "dropout": 0.4560019229780837,
        "learning_rate": 0.00012878233554630385,
        "batch_size": 4,
        "weight_decay": 0.05947886656651877
    },
    "transformer": {
        "d_model": 10,
        "num_layers": 1,
        "dropout": 0.5124364753011547,
        "learning_rate": 0.0001024796102011445,
        "batch_size": 8,
        "nhead": 2,
        "weight_decay": 0.01459133975619804
    }
}