{
    "svm": {
        "tol": 0.001,
        "probability": true,
        "kernel": "rbf",
        "gamma": 0.1,
        "class_weight": "balanced",
        "C": 0.1
    },
    "logistic_regression": {
        "tol": 0.1,
        "solver": "lbfgs",
        "random_state": 42,
        "max_iter": 2000,
        "class_weight": "balanced",
        "C": 0.1
    },
    "lstm": {
        "hidden_size": 8,
        "num_layers": 1,
        "dropout": 0.6312495220188977,
        "learning_rate": 0.00020403787909294138,
        "batch_size": 8,
        "weight_decay": 0.005667859477807984
    },
    "transformer": {
        "d_model": 20,
        "num_layers": 1,
        "dropout": 0.487212981829807,
        "learning_rate": 0.0009030125792948303,
        "batch_size": 8,
        "nhead": 2,
        "weight_decay": 0.021221656787858388
    }
}