{
    "svm": {
        "tol": 0.001,
        "probability": true,
        "kernel": "rbf",
        "gamma": 0.1,
        "class_weight": "balanced",
        "C": 0.1
    },
    "logistic_regression": {
        "tol": 0.1,
        "solver": "saga",
        "random_state": 42,
        "max_iter": 2000,
        "class_weight": "balanced",
        "C": 0.1
    },
    "lstm": {
        "hidden_size": 17,
        "num_layers": 2,
        "dropout": 0.33651049602422445,
        "learning_rate": 0.00016740930144614518,
        "batch_size": 4,
        "weight_decay": 0.05927760164545794
    },
    "transformer": {
        "d_model": 18,
        "num_layers": 2,
        "dropout": 0.5642035492584091,
        "learning_rate": 0.0004610650416887187,
        "batch_size": 8,
        "nhead": 2,
        "weight_decay": 0.00010831474314027404
    }
}