{
    "svm": {
        "tol": 0.1,
        "probability": true,
        "kernel": "linear",
        "gamma": 0.0001,
        "class_weight": "balanced",
        "C": 0.1
    },
    "logistic_regression": {
        "tol": 0.1,
        "solver": "newton-cg",
        "random_state": 42,
        "max_iter": 2000,
        "class_weight": "balanced",
        "C": 0.1
    },
    "lstm": {
        "hidden_size": 18,
        "num_layers": 2,
        "dropout": 0.552035164765473,
        "learning_rate": 0.0003735258382294622,
        "batch_size": 8,
        "weight_decay": 0.0019975731629728053
    },
    "transformer": {
        "d_model": 14,
        "num_layers": 1,
        "dropout": 0.30644770025213447,
        "learning_rate": 0.0004246499590884193,
        "batch_size": 8,
        "nhead": 2,
        "weight_decay": 0.001281342539844567
    }
}