{
    "svm": {
        "tol": 0.001,
        "probability": true,
        "kernel": "linear",
        "gamma": 0.0001,
        "class_weight": "balanced",
        "C": 0.1
    },
    "logistic_regression": {
        "tol": 0.001,
        "solver": "newton-cg",
        "random_state": 42,
        "max_iter": 2000,
        "class_weight": "balanced",
        "C": 0.1
    },
    "lstm": {
        "hidden_size": 16,
        "num_layers": 1,
        "dropout": 0.33453175746462627,
        "learning_rate": 0.00018355457473427078,
        "batch_size": 4,
        "weight_decay": 0.00018850885800839176
    },
    "transformer": {
        "d_model": 14,
        "num_layers": 1,
        "dropout": 0.38206180201365136,
        "learning_rate": 0.0007562914535668363,
        "batch_size": 4,
        "nhead": 2,
        "weight_decay": 0.012598175419683432
    }
}