{
    "svm": {
        "tol": 0.001,
        "probability": true,
        "kernel": "linear",
        "gamma": 0.0001,
        "class_weight": "balanced",
        "C": 0.01
    },
    "logistic_regression": {
        "tol": 0.001,
        "solver": "newton-cg",
        "random_state": 42,
        "max_iter": 2000,
        "class_weight": "balanced",
        "C": 0.1
    },
    "lstm": {
        "hidden_size": 8,
        "num_layers": 1,
        "dropout": 0.5057343891571543,
        "learning_rate": 0.0009844168371738358,
        "batch_size": 4,
        "weight_decay": 0.00032223054864904656
    },
    "transformer": {
        "d_model": 22,
        "num_layers": 1,
        "dropout": 0.43797273482936216,
        "learning_rate": 0.000820886470319177,
        "batch_size": 4,
        "nhead": 2,
        "weight_decay": 0.0018353625455832944
    }
}