{
    "svm": {
        "tol": 0.001,
        "probability": true,
        "kernel": "linear",
        "gamma": 0.0001,
        "class_weight": "balanced",
        "C": 0.1
    },
    "logistic_regression": {
        "tol": 0.1,
        "solver": "newton-cg",
        "random_state": 42,
        "max_iter": 2000,
        "class_weight": "balanced",
        "C": 0.1
    },
    "lstm": {
        "hidden_size": 24,
        "num_layers": 2,
        "dropout": 0.6538475723926764,
        "learning_rate": 0.00013821578874009309,
        "batch_size": 4,
        "weight_decay": 0.0001317282824163125
    },
    "transformer": {
        "d_model": 18,
        "num_layers": 1,
        "dropout": 0.655151139356956,
        "learning_rate": 0.0005676590080738239,
        "batch_size": 8,
        "nhead": 2,
        "weight_decay": 0.02897463699591392
    }
}