{
    "svm": {
        "tol": 0.001,
        "probability": true,
        "kernel": "linear",
        "gamma": 0.0001,
        "class_weight": "balanced",
        "C": 0.1
    },
    "logistic_regression": {
        "tol": 0.001,
        "solver": "newton-cg",
        "random_state": 42,
        "max_iter": 2000,
        "class_weight": "balanced",
        "C": 0.1
    },
    "lstm": {
        "hidden_size": 15,
        "num_layers": 2,
        "dropout": 0.6210802711952301,
        "learning_rate": 0.00012914131215002037,
        "batch_size": 8,
        "weight_decay": 0.0882994906157204
    },
    "transformer": {
        "d_model": 20,
        "num_layers": 1,
        "dropout": 0.5076217994400527,
        "learning_rate": 0.00011534972951847771,
        "batch_size": 8,
        "nhead": 2,
        "weight_decay": 0.0028290004054834068
    }
}