{
    "svm": {
        "tol": 0.001,
        "probability": true,
        "kernel": "linear",
        "gamma": 0.0001,
        "class_weight": "balanced",
        "C": 0.01
    },
    "logistic_regression": {
        "tol": 0.1,
        "solver": "newton-cg",
        "random_state": 42,
        "max_iter": 2000,
        "class_weight": "balanced",
        "C": 0.001
    },
    "lstm": {
        "hidden_size": 12,
        "num_layers": 1,
        "dropout": 0.6540192198197514,
        "learning_rate": 0.00022909121606670696,
        "batch_size": 8,
        "weight_decay": 0.01371458513011208
    },
    "transformer": {
        "d_model": 12,
        "num_layers": 2,
        "dropout": 0.679118523369829,
        "learning_rate": 0.0008028094408571938,
        "batch_size": 8,
        "nhead": 2,
        "weight_decay": 0.001075364449034547
    }
}