{
    "svm": {
        "tol": 0.001,
        "probability": true,
        "kernel": "linear",
        "gamma": 0.0001,
        "class_weight": "balanced",
        "C": 0.1
    },
    "logistic_regression": {
        "tol": 0.001,
        "solver": "newton-cg",
        "random_state": 42,
        "max_iter": 2000,
        "class_weight": "balanced",
        "C": 0.1
    },
    "lstm": {
        "hidden_size": 15,
        "num_layers": 2,
        "dropout": 0.6874568667031211,
        "learning_rate": 0.0003702392850058008,
        "batch_size": 8,
        "weight_decay": 0.0006454444374404881
    },
    "transformer": {
        "d_model": 9,
        "num_layers": 1,
        "dropout": 0.4503979815781857,
        "learning_rate": 0.00022663035405289252,
        "batch_size": 8,
        "nhead": 2,
        "weight_decay": 0.024079366943647963
    }
}