{
    "svm": {
        "tol": 0.001,
        "probability": true,
        "kernel": "linear",
        "gamma": 0.0001,
        "class_weight": "balanced",
        "C": 0.01
    },
    "logistic_regression": {
        "tol": 0.01,
        "solver": "newton-cg",
        "random_state": 42,
        "max_iter": 2000,
        "class_weight": "balanced",
        "C": 0.1
    },
    "lstm": {
        "hidden_size": 14,
        "num_layers": 2,
        "dropout": 0.5695398677064534,
        "learning_rate": 0.0003018364312755403,
        "batch_size": 8,
        "weight_decay": 0.017084251371595555
    },
    "transformer": {
        "d_model": 20,
        "num_layers": 2,
        "dropout": 0.5667835975532647,
        "learning_rate": 0.0003710641156062538,
        "batch_size": 8,
        "nhead": 2,
        "weight_decay": 0.002441960958063801
    }
}