{
    "svm": {
        "tol": 0.001,
        "probability": true,
        "kernel": "linear",
        "gamma": 0.0001,
        "class_weight": "balanced",
        "C": 0.1
    },
    "logistic_regression": {
        "tol": 0.1,
        "solver": "newton-cg",
        "random_state": 42,
        "max_iter": 2000,
        "class_weight": "balanced",
        "C": 0.1
    },
    "lstm": {
        "hidden_size": 21,
        "num_layers": 2,
        "dropout": 0.6849561557479638,
        "learning_rate": 0.0009363396864885314,
        "batch_size": 4,
        "weight_decay": 0.01611435644724162
    },
    "transformer": {
        "d_model": 13,
        "num_layers": 2,
        "dropout": 0.3704485817589735,
        "learning_rate": 0.00014302258990731825,
        "batch_size": 8,
        "nhead": 2,
        "weight_decay": 0.009833111312122325
    }
}