{
    "svm": {
        "tol": 0.1,
        "probability": true,
        "kernel": "linear",
        "gamma": 0.0001,
        "class_weight": "balanced",
        "C": 0.01
    },
    "logistic_regression": {
        "tol": 1.0,
        "solver": "saga",
        "random_state": 42,
        "max_iter": 2000,
        "class_weight": "balanced",
        "C": 0.001
    },
    "lstm": {
        "hidden_size": 8,
        "num_layers": 1,
        "dropout": 0.4939451593564441,
        "learning_rate": 0.0003415200194976512,
        "batch_size": 8,
        "weight_decay": 0.002247286070485762
    },
    "transformer": {
        "d_model": 17,
        "num_layers": 2,
        "dropout": 0.6188817669348124,
        "learning_rate": 0.00010283652259197495,
        "batch_size": 8,
        "nhead": 2,
        "weight_decay": 0.00027997027568835907
    }
}