{
    "svm": {
        "tol": 0.1,
        "probability": true,
        "kernel": "linear",
        "gamma": 0.0001,
        "class_weight": "balanced",
        "C": 0.1
    },
    "logistic_regression": {
        "tol": 1.0,
        "solver": "newton-cg",
        "random_state": 42,
        "max_iter": 2000,
        "class_weight": "balanced",
        "C": 0.001
    },
    "lstm": {
        "hidden_size": 21,
        "num_layers": 1,
        "dropout": 0.42340580864128585,
        "learning_rate": 0.00013716439932455734,
        "batch_size": 8,
        "weight_decay": 0.005681512955639172
    },
    "transformer": {
        "d_model": 24,
        "num_layers": 1,
        "dropout": 0.4610818847007414,
        "learning_rate": 0.00012113046631335071,
        "batch_size": 8,
        "nhead": 2,
        "weight_decay": 0.01695853382993726
    }
}