{
    "svm": {
        "tol": 0.001,
        "probability": true,
        "kernel": "linear",
        "gamma": 0.0001,
        "class_weight": "balanced",
        "C": 0.1
    },
    "logistic_regression": {
        "tol": 0.01,
        "solver": "sag",
        "random_state": 42,
        "max_iter": 2000,
        "class_weight": "balanced",
        "C": 0.1
    },
    "lstm": {
        "hidden_size": 8,
        "num_layers": 1,
        "dropout": 0.6988689669127521,
        "learning_rate": 0.00040398741434310206,
        "batch_size": 8,
        "weight_decay": 0.0009514033890500516
    },
    "transformer": {
        "d_model": 11,
        "num_layers": 2,
        "dropout": 0.6339736398918521,
        "learning_rate": 0.00017361748907065126,
        "batch_size": 8,
        "nhead": 2,
        "weight_decay": 0.011766055342683964
    }
}