{
    "svm": {
        "tol": 0.001,
        "probability": true,
        "kernel": "rbf",
        "gamma": 0.1,
        "class_weight": "balanced",
        "C": 0.1
    },
    "logistic_regression": {
        "tol": 0.01,
        "solver": "newton-cg",
        "random_state": 42,
        "max_iter": 2000,
        "class_weight": "balanced",
        "C": 0.001
    },
    "lstm": {
        "hidden_size": 15,
        "num_layers": 2,
        "dropout": 0.6760442697851935,
        "learning_rate": 0.00012983408316989198,
        "batch_size": 4,
        "weight_decay": 0.05600265030445287
    },
    "transformer": {
        "d_model": 20,
        "num_layers": 2,
        "dropout": 0.6141488261571932,
        "learning_rate": 0.0001452258159898743,
        "batch_size": 8,
        "nhead": 2,
        "weight_decay": 0.0035470050650423567
    }
}