{
    "svm": {
        "tol": 0.001,
        "probability": true,
        "kernel": "linear",
        "gamma": 0.0001,
        "class_weight": "balanced",
        "C": 0.01
    },
    "logistic_regression": {
        "tol": 0.1,
        "solver": "lbfgs",
        "random_state": 42,
        "max_iter": 2000,
        "class_weight": "balanced",
        "C": 0.1
    },
    "lstm": {
        "hidden_size": 17,
        "num_layers": 1,
        "dropout": 0.5736517839782247,
        "learning_rate": 0.00011833250254395197,
        "batch_size": 4,
        "weight_decay": 0.00029267588017001955
    },
    "transformer": {
        "d_model": 16,
        "num_layers": 2,
        "dropout": 0.6812543500600983,
        "learning_rate": 0.0001476352702696437,
        "batch_size": 8,
        "nhead": 2,
        "weight_decay": 0.022900572744321022
    }
}