{
    "svm": {
        "tol": 0.001,
        "probability": true,
        "kernel": "rbf",
        "gamma": 0.1,
        "class_weight": "balanced",
        "C": 0.1
    },
    "logistic_regression": {
        "tol": 0.1,
        "solver": "saga",
        "random_state": 42,
        "max_iter": 2000,
        "class_weight": "balanced",
        "C": 0.1
    },
    "lstm": {
        "hidden_size": 13,
        "num_layers": 1,
        "dropout": 0.44575095535162296,
        "learning_rate": 0.0005937490616290794,
        "batch_size": 8,
        "weight_decay": 0.00013178255972635605
    },
    "transformer": {
        "d_model": 14,
        "num_layers": 2,
        "dropout": 0.4614672657908062,
        "learning_rate": 0.0002691927097660937,
        "batch_size": 8,
        "nhead": 2,
        "weight_decay": 0.09590518476041111
    }
}