{
    "svm": {
        "tol": 0.001,
        "probability": true,
        "kernel": "rbf",
        "gamma": 1.0,
        "class_weight": "balanced",
        "C": 1e-06
    },
    "logistic_regression": {
        "tol": 0.1,
        "solver": "sag",
        "random_state": 42,
        "max_iter": 2000,
        "class_weight": "balanced",
        "C": 0.1
    },
    "lstm": {
        "hidden_size": 10,
        "num_layers": 2,
        "dropout": 0.38549148758558066,
        "learning_rate": 0.00024315517739788666,
        "batch_size": 8,
        "weight_decay": 0.00014211506211794043
    },
    "transformer": {
        "d_model": 15,
        "num_layers": 1,
        "dropout": 0.5094363150073962,
        "learning_rate": 0.00010326381412920835,
        "batch_size": 8,
        "nhead": 2,
        "weight_decay": 0.0005838074587238997
    }
}