{
    "svm": {
        "tol": 0.1,
        "probability": true,
        "kernel": "rbf",
        "gamma": 0.1,
        "class_weight": "balanced",
        "C": 0.1
    },
    "logistic_regression": {
        "tol": 1.0,
        "solver": "sag",
        "random_state": 42,
        "max_iter": 2000,
        "class_weight": "balanced",
        "C": 0.1
    },
    "lstm": {
        "hidden_size": 12,
        "num_layers": 2,
        "dropout": 0.6780127000853251,
        "learning_rate": 0.00017024672481620153,
        "batch_size": 8,
        "weight_decay": 0.006630766834040254
    },
    "transformer": {
        "d_model": 21,
        "num_layers": 2,
        "dropout": 0.4903252781816442,
        "learning_rate": 0.00018108571116603502,
        "batch_size": 8,
        "nhead": 2,
        "weight_decay": 0.06828110432085716
    }
}