{
    "svm": {
        "tol": 0.001,
        "probability": true,
        "kernel": "linear",
        "gamma": 0.0001,
        "class_weight": "balanced",
        "C": 0.1
    },
    "logistic_regression": {
        "tol": 0.01,
        "solver": "sag",
        "random_state": 42,
        "max_iter": 2000,
        "class_weight": "balanced",
        "C": 0.1
    },
    "lstm": {
        "hidden_size": 8,
        "num_layers": 2,
        "dropout": 0.6132750107899332,
        "learning_rate": 0.00016870958922006885,
        "batch_size": 8,
        "weight_decay": 0.002406326139900281
    },
    "transformer": {
        "d_model": 24,
        "num_layers": 1,
        "dropout": 0.6477766255893948,
        "learning_rate": 0.00012401731141317452,
        "batch_size": 4,
        "nhead": 2,
        "weight_decay": 0.048728705418517426
    }
}