{
    "svm": {
        "tol": 0.001,
        "probability": true,
        "kernel": "linear",
        "gamma": 0.0001,
        "class_weight": "balanced",
        "C": 0.1
    },
    "logistic_regression": {
        "tol": 0.01,
        "solver": "lbfgs",
        "random_state": 42,
        "max_iter": 2000,
        "class_weight": "balanced",
        "C": 0.1
    },
    "lstm": {
        "hidden_size": 11,
        "num_layers": 2,
        "dropout": 0.48702091108913337,
        "learning_rate": 0.0002165923450843282,
        "batch_size": 8,
        "weight_decay": 0.00012424675757248565
    },
    "transformer": {
        "d_model": 11,
        "num_layers": 2,
        "dropout": 0.6197611509215668,
        "learning_rate": 0.00010236575362056588,
        "batch_size": 8,
        "nhead": 2,
        "weight_decay": 0.03930466343585991
    }
}