{
    "svm": {
        "tol": 0.01,
        "probability": true,
        "kernel": "rbf",
        "gamma": 0.1,
        "class_weight": "balanced",
        "C": 0.1
    },
    "logistic_regression": {
        "tol": 0.001,
        "solver": "newton-cg",
        "random_state": 42,
        "max_iter": 2000,
        "class_weight": "balanced",
        "C": 0.1
    },
    "lstm": {
        "hidden_size": 18,
        "num_layers": 1,
        "dropout": 0.5350188613681032,
        "learning_rate": 0.00014398967451070905,
        "batch_size": 8,
        "weight_decay": 0.0006243610934872593
    },
    "transformer": {
        "d_model": 21,
        "num_layers": 1,
        "dropout": 0.5116911525650005,
        "learning_rate": 0.00014428161122626766,
        "batch_size": 4,
        "nhead": 2,
        "weight_decay": 0.0004800893346142242
    }
}