{
    "svm": {
        "tol": 0.001,
        "probability": true,
        "kernel": "rbf",
        "gamma": 0.1,
        "class_weight": "balanced",
        "C": 0.1
    },
    "logistic_regression": {
        "tol": 0.1,
        "solver": "sag",
        "random_state": 42,
        "max_iter": 2000,
        "class_weight": "balanced",
        "C": 0.1
    },
    "lstm": {
        "hidden_size": 10,
        "num_layers": 2,
        "dropout": 0.5852222532667234,
        "learning_rate": 0.00013963162778673368,
        "batch_size": 4,
        "weight_decay": 0.0006790989512081767
    },
    "transformer": {
        "d_model": 12,
        "num_layers": 1,
        "dropout": 0.662848033906866,
        "learning_rate": 0.00021460180528911995,
        "batch_size": 4,
        "nhead": 2,
        "weight_decay": 0.00012802937403756138
    }
}