{
    "svm": {
        "tol": 0.001,
        "probability": true,
        "kernel": "linear",
        "gamma": 0.0001,
        "class_weight": "balanced",
        "C": 0.0001
    },
    "logistic_regression": {
        "tol": 1.0,
        "solver": "newton-cg",
        "random_state": 42,
        "max_iter": 2000,
        "class_weight": "balanced",
        "C": 0.001
    },
    "lstm": {
        "hidden_size": 14,
        "num_layers": 1,
        "dropout": 0.5464515635393367,
        "learning_rate": 0.00014865497020790118,
        "batch_size": 8,
        "weight_decay": 0.03423113206007379
    },
    "transformer": {
        "d_model": 19,
        "num_layers": 1,
        "dropout": 0.6814640244276888,
        "learning_rate": 0.0001249878035189988,
        "batch_size": 8,
        "nhead": 2,
        "weight_decay": 0.031650359195351925
    }
}