{
    "svm": {
        "tol": 0.001,
        "probability": true,
        "kernel": "rbf",
        "gamma": 1.0,
        "class_weight": "balanced",
        "C": 0.1
    },
    "logistic_regression": {
        "tol": 1.0,
        "solver": "newton-cg",
        "random_state": 42,
        "max_iter": 2000,
        "class_weight": "balanced",
        "C": 0.001
    },
    "lstm": {
        "hidden_size": 10,
        "num_layers": 1,
        "dropout": 0.5481894232677057,
        "learning_rate": 0.00011692517048703204,
        "batch_size": 8,
        "weight_decay": 0.03832304024728373
    },
    "transformer": {
        "d_model": 9,
        "num_layers": 1,
        "dropout": 0.6495339385372351,
        "learning_rate": 0.00010549315025654608,
        "batch_size": 8,
        "nhead": 2,
        "weight_decay": 0.0035833899130467504
    }
}