{
    "svm": {
        "tol": 0.001,
        "probability": true,
        "kernel": "linear",
        "gamma": 0.0001,
        "class_weight": "balanced",
        "C": 0.1
    },
    "logistic_regression": {
        "tol": 0.1,
        "solver": "newton-cg",
        "random_state": 42,
        "max_iter": 2000,
        "class_weight": "balanced",
        "C": 0.01
    },
    "lstm": {
        "hidden_size": 10,
        "num_layers": 1,
        "dropout": 0.6155155273400431,
        "learning_rate": 0.00012127103910124806,
        "batch_size": 4,
        "weight_decay": 0.018845099864352927
    },
    "transformer": {
        "d_model": 13,
        "num_layers": 2,
        "dropout": 0.5611605009373103,
        "learning_rate": 0.00047864089080126686,
        "batch_size": 4,
        "nhead": 2,
        "weight_decay": 0.0007840946262577909
    }
}