{
    "svm": {
        "tol": 0.001,
        "probability": true,
        "kernel": "linear",
        "gamma": 0.0001,
        "class_weight": "balanced",
        "C": 0.1
    },
    "logistic_regression": {
        "tol": 0.1,
        "solver": "sag",
        "random_state": 42,
        "max_iter": 2000,
        "class_weight": "balanced",
        "C": 0.1
    },
    "lstm": {
        "hidden_size": 16,
        "num_layers": 1,
        "dropout": 0.5932343205825826,
        "learning_rate": 0.00023847024422018963,
        "batch_size": 4,
        "weight_decay": 0.0009180487772820607
    },
    "transformer": {
        "d_model": 18,
        "num_layers": 2,
        "dropout": 0.49639407729666946,
        "learning_rate": 0.00018568210582230903,
        "batch_size": 8,
        "nhead": 2,
        "weight_decay": 0.0072241775948239575
    }
}