{
    "svm": {
        "tol": 0.1,
        "probability": true,
        "kernel": "linear",
        "gamma": 0.0001,
        "class_weight": "balanced",
        "C": 0.1
    },
    "logistic_regression": {
        "tol": 1.0,
        "solver": "saga",
        "random_state": 42,
        "max_iter": 2000,
        "class_weight": "balanced",
        "C": 0.1
    },
    "lstm": {
        "hidden_size": 12,
        "num_layers": 1,
        "dropout": 0.4327858477561871,
        "learning_rate": 0.0001655774545338584,
        "batch_size": 4,
        "weight_decay": 0.028153616351415972
    },
    "transformer": {
        "d_model": 10,
        "num_layers": 2,
        "dropout": 0.6541926465756758,
        "learning_rate": 0.00018099855317617973,
        "batch_size": 8,
        "nhead": 2,
        "weight_decay": 0.00023229969774086757
    }
}