{
    "svm": {
        "tol": 0.001,
        "probability": true,
        "kernel": "linear",
        "gamma": 0.0001,
        "class_weight": "balanced",
        "C": 0.01
    },
    "logistic_regression": {
        "tol": 0.01,
        "solver": "newton-cg",
        "random_state": 42,
        "max_iter": 2000,
        "class_weight": "balanced",
        "C": 0.1
    },
    "lstm": {
        "hidden_size": 22,
        "num_layers": 2,
        "dropout": 0.3725318026414154,
        "learning_rate": 0.00020133085736453543,
        "batch_size": 8,
        "weight_decay": 0.009738773924703467
    },
    "transformer": {
        "d_model": 10,
        "num_layers": 2,
        "dropout": 0.4012986737358046,
        "learning_rate": 0.00013463244611468914,
        "batch_size": 8,
        "nhead": 2,
        "weight_decay": 0.00026618016360193254
    }
}