{
    "svm": {
        "tol": 0.001,
        "probability": true,
        "kernel": "linear",
        "gamma": 0.0001,
        "class_weight": "balanced",
        "C": 0.1
    },
    "logistic_regression": {
        "tol": 0.1,
        "solver": "saga",
        "random_state": 42,
        "max_iter": 2000,
        "class_weight": "balanced",
        "C": 0.1
    },
    "lstm": {
        "hidden_size": 17,
        "num_layers": 1,
        "dropout": 0.37059425087812486,
        "learning_rate": 0.00011335836271481103,
        "batch_size": 4,
        "weight_decay": 0.0037280769528873323
    },
    "transformer": {
        "d_model": 16,
        "num_layers": 2,
        "dropout": 0.3123185733094376,
        "learning_rate": 0.00048805065583517834,
        "batch_size": 8,
        "nhead": 2,
        "weight_decay": 0.0023361540509019194
    }
}