{
    "svm": {
        "tol": 0.001,
        "probability": true,
        "kernel": "rbf",
        "gamma": 0.1,
        "class_weight": "balanced",
        "C": 0.1
    },
    "logistic_regression": {
        "tol": 0.1,
        "solver": "sag",
        "random_state": 42,
        "max_iter": 2000,
        "class_weight": "balanced",
        "C": 0.1
    },
    "lstm": {
        "hidden_size": 18,
        "num_layers": 2,
        "dropout": 0.6701005865534903,
        "learning_rate": 0.00023819999862345886,
        "batch_size": 4,
        "weight_decay": 0.00016335328183303128
    },
    "transformer": {
        "d_model": 12,
        "num_layers": 1,
        "dropout": 0.3061412142171628,
        "learning_rate": 0.0003458365412911249,
        "batch_size": 8,
        "nhead": 2,
        "weight_decay": 0.001544907830995936
    }
}