{
    "svm": {
        "tol": 0.001,
        "probability": true,
        "kernel": "linear",
        "gamma": 0.0001,
        "class_weight": "balanced",
        "C": 0.01
    },
    "logistic_regression": {
        "tol": 0.01,
        "solver": "lbfgs",
        "random_state": 42,
        "max_iter": 2000,
        "class_weight": "balanced",
        "C": 0.1
    },
    "lstm": {
        "hidden_size": 19,
        "num_layers": 2,
        "dropout": 0.6084667470346938,
        "learning_rate": 0.00018766356813654757,
        "batch_size": 8,
        "weight_decay": 0.0003538252594572305
    },
    "transformer": {
        "d_model": 9,
        "num_layers": 2,
        "dropout": 0.4641050494799646,
        "learning_rate": 0.00014218808391356762,
        "batch_size": 4,
        "nhead": 2,
        "weight_decay": 0.00040488552177916367
    }
}