{
    "svm": {
        "tol": 0.001,
        "probability": true,
        "kernel": "rbf",
        "gamma": 0.1,
        "class_weight": "balanced",
        "C": 0.1
    },
    "logistic_regression": {
        "tol": 0.001,
        "solver": "newton-cg",
        "random_state": 42,
        "max_iter": 2000,
        "class_weight": "balanced",
        "C": 0.1
    },
    "lstm": {
        "hidden_size": 8,
        "num_layers": 2,
        "dropout": 0.4346207264752504,
        "learning_rate": 0.00025229843692248813,
        "batch_size": 8,
        "weight_decay": 0.09508459848749683
    },
    "transformer": {
        "d_model": 16,
        "num_layers": 2,
        "dropout": 0.5149380999598667,
        "learning_rate": 0.00017708434302226805,
        "batch_size": 4,
        "nhead": 2,
        "weight_decay": 0.012564835523758741
    }
}