{
    "svm": {
        "tol": 0.001,
        "probability": true,
        "kernel": "linear",
        "gamma": 0.0001,
        "class_weight": "balanced",
        "C": 0.1
    },
    "logistic_regression": {
        "tol": 0.1,
        "solver": "saga",
        "random_state": 42,
        "max_iter": 2000,
        "class_weight": "balanced",
        "C": 0.1
    },
    "lstm": {
        "hidden_size": 22,
        "num_layers": 1,
        "dropout": 0.5163003639304977,
        "learning_rate": 0.00018385487593603633,
        "batch_size": 4,
        "weight_decay": 0.07812615574112966
    },
    "transformer": {
        "d_model": 16,
        "num_layers": 2,
        "dropout": 0.3516706868596928,
        "learning_rate": 0.00024322519048555023,
        "batch_size": 4,
        "nhead": 2,
        "weight_decay": 0.006602113580515783
    }
}