{
    "svm": {
        "tol": 0.001,
        "probability": true,
        "kernel": "rbf",
        "gamma": 0.1,
        "class_weight": "balanced",
        "C": 0.1
    },
    "logistic_regression": {
        "tol": 0.001,
        "solver": "newton-cg",
        "random_state": 42,
        "max_iter": 2000,
        "class_weight": "balanced",
        "C": 0.1
    },
    "lstm": {
        "hidden_size": 13,
        "num_layers": 1,
        "dropout": 0.5165233475890803,
        "learning_rate": 0.00014544485255343177,
        "batch_size": 4,
        "weight_decay": 0.0002218408818586885
    },
    "transformer": {
        "d_model": 13,
        "num_layers": 1,
        "dropout": 0.6726563467673939,
        "learning_rate": 0.0002435732123225055,
        "batch_size": 8,
        "nhead": 2,
        "weight_decay": 0.0007926755485501438
    }
}