{
    "svm": {
        "tol": 0.001,
        "probability": true,
        "kernel": "linear",
        "gamma": 0.0001,
        "class_weight": "balanced",
        "C": 0.01
    },
    "logistic_regression": {
        "tol": 0.01,
        "solver": "newton-cg",
        "random_state": 42,
        "max_iter": 2000,
        "class_weight": "balanced",
        "C": 0.1
    },
    "lstm": {
        "hidden_size": 24,
        "num_layers": 2,
        "dropout": 0.5518642435384731,
        "learning_rate": 0.00010080071297572137,
        "batch_size": 8,
        "weight_decay": 0.001518098957475642
    },
    "transformer": {
        "d_model": 16,
        "num_layers": 1,
        "dropout": 0.5959779313441171,
        "learning_rate": 0.00027559320454492595,
        "batch_size": 4,
        "nhead": 2,
        "weight_decay": 0.0015782897965508748
    }
}