{
    "svm": {
        "tol": 0.001,
        "probability": true,
        "kernel": "rbf",
        "gamma": 0.1,
        "class_weight": "balanced",
        "C": 0.1
    },
    "logistic_regression": {
        "tol": 0.001,
        "solver": "newton-cg",
        "random_state": 42,
        "max_iter": 2000,
        "class_weight": "balanced",
        "C": 0.01
    },
    "lstm": {
        "hidden_size": 11,
        "num_layers": 2,
        "dropout": 0.4521438683545214,
        "learning_rate": 0.0002405921203331759,
        "batch_size": 8,
        "weight_decay": 0.014213933187074245
    },
    "transformer": {
        "d_model": 9,
        "num_layers": 1,
        "dropout": 0.6950014201083229,
        "learning_rate": 0.00022502445783570077,
        "batch_size": 4,
        "nhead": 2,
        "weight_decay": 0.017958931981448836
    }
}