{
    "svm": {
        "tol": 0.001,
        "probability": true,
        "kernel": "linear",
        "gamma": 0.0001,
        "class_weight": "balanced",
        "C": 0.1
    },
    "logistic_regression": {
        "tol": 0.01,
        "solver": "saga",
        "random_state": 42,
        "max_iter": 2000,
        "class_weight": "balanced",
        "C": 0.1
    },
    "lstm": {
        "hidden_size": 15,
        "num_layers": 1,
        "dropout": 0.6606888759304698,
        "learning_rate": 0.00020108470468389796,
        "batch_size": 4,
        "weight_decay": 0.013486169704454909
    },
    "transformer": {
        "d_model": 9,
        "num_layers": 1,
        "dropout": 0.30620640851046876,
        "learning_rate": 0.00023158486572106914,
        "batch_size": 4,
        "nhead": 2,
        "weight_decay": 0.0012453897684711324
    }
}