{
    "svm": {
        "tol": 0.001,
        "probability": true,
        "kernel": "linear",
        "gamma": 0.0001,
        "class_weight": "balanced",
        "C": 0.1
    },
    "logistic_regression": {
        "tol": 0.1,
        "solver": "newton-cg",
        "random_state": 42,
        "max_iter": 2000,
        "class_weight": "balanced",
        "C": 0.1
    },
    "lstm": {
        "hidden_size": 14,
        "num_layers": 1,
        "dropout": 0.3008635791319133,
        "learning_rate": 0.00011848530010625086,
        "batch_size": 8,
        "weight_decay": 0.0002054879539588156
    },
    "transformer": {
        "d_model": 15,
        "num_layers": 2,
        "dropout": 0.4546119871382718,
        "learning_rate": 0.0002620464888551055,
        "batch_size": 8,
        "nhead": 2,
        "weight_decay": 0.002236966765580157
    }
}