{
    "svm": {
        "tol": 0.001,
        "probability": true,
        "kernel": "linear",
        "gamma": 0.0001,
        "class_weight": "balanced",
        "C": 0.1
    },
    "logistic_regression": {
        "tol": 1.0,
        "solver": "sag",
        "random_state": 42,
        "max_iter": 2000,
        "class_weight": "balanced",
        "C": 0.1
    },
    "lstm": {
        "hidden_size": 9,
        "num_layers": 1,
        "dropout": 0.6922073565817876,
        "learning_rate": 0.00012029935259273312,
        "batch_size": 4,
        "weight_decay": 0.004601913770194011
    },
    "transformer": {
        "d_model": 11,
        "num_layers": 1,
        "dropout": 0.39701952650648337,
        "learning_rate": 0.0001385182462824945,
        "batch_size": 8,
        "nhead": 2,
        "weight_decay": 0.00011265011247632403
    }
}