{
    "svm": {
        "tol": 0.001,
        "probability": true,
        "kernel": "linear",
        "gamma": 0.0001,
        "class_weight": "balanced",
        "C": 0.1
    },
    "logistic_regression": {
        "tol": 0.01,
        "solver": "lbfgs",
        "random_state": 42,
        "max_iter": 2000,
        "class_weight": "balanced",
        "C": 0.1
    },
    "lstm": {
        "hidden_size": 13,
        "num_layers": 2,
        "dropout": 0.6095396777778596,
        "learning_rate": 0.00016475225385806375,
        "batch_size": 8,
        "weight_decay": 0.002848145272632259
    },
    "transformer": {
        "d_model": 9,
        "num_layers": 2,
        "dropout": 0.3969436276666404,
        "learning_rate": 0.00021611695712055637,
        "batch_size": 8,
        "nhead": 2,
        "weight_decay": 0.02466798705934587
    }
}