{
    "svm": {
        "tol": 0.001,
        "probability": true,
        "kernel": "linear",
        "gamma": 0.0001,
        "class_weight": "balanced",
        "C": 0.1
    },
    "logistic_regression": {
        "tol": 0.1,
        "solver": "lbfgs",
        "random_state": 42,
        "max_iter": 2000,
        "class_weight": "balanced",
        "C": 0.1
    },
    "lstm": {
        "hidden_size": 23,
        "num_layers": 1,
        "dropout": 0.45569163464481977,
        "learning_rate": 0.0001283137212688078,
        "batch_size": 4,
        "weight_decay": 0.0006917036098824111
    },
    "transformer": {
        "d_model": 13,
        "num_layers": 1,
        "dropout": 0.5721153041379564,
        "learning_rate": 0.0006823495633240714,
        "batch_size": 8,
        "nhead": 2,
        "weight_decay": 0.009449210496121019
    }
}