{
    "svm": {
        "tol": 0.001,
        "probability": true,
        "kernel": "rbf",
        "gamma": 0.1,
        "class_weight": "balanced",
        "C": 0.01
    },
    "logistic_regression": {
        "tol": 1.0,
        "solver": "sag",
        "random_state": 42,
        "max_iter": 2000,
        "class_weight": "balanced",
        "C": 0.1
    },
    "lstm": {
        "hidden_size": 17,
        "num_layers": 1,
        "dropout": 0.6503504726760164,
        "learning_rate": 0.00011621625598353369,
        "batch_size": 8,
        "weight_decay": 0.0017720145819875915
    },
    "transformer": {
        "d_model": 17,
        "num_layers": 1,
        "dropout": 0.5388981171155609,
        "learning_rate": 0.00011391269300819066,
        "batch_size": 4,
        "nhead": 2,
        "weight_decay": 0.0019770761806435114
    }
}