{
    "svm": {
        "tol": 0.001,
        "probability": true,
        "kernel": "rbf",
        "gamma": 0.1,
        "class_weight": "balanced",
        "C": 0.1
    },
    "logistic_regression": {
        "tol": 1.0,
        "solver": "newton-cg",
        "random_state": 42,
        "max_iter": 2000,
        "class_weight": "balanced",
        "C": 0.001
    },
    "lstm": {
        "hidden_size": 14,
        "num_layers": 2,
        "dropout": 0.6990248127016735,
        "learning_rate": 0.00010121389495518665,
        "batch_size": 8,
        "weight_decay": 0.0008366762575808547
    },
    "transformer": {
        "d_model": 17,
        "num_layers": 1,
        "dropout": 0.4895696269758619,
        "learning_rate": 0.0001244254323192402,
        "batch_size": 4,
        "nhead": 2,
        "weight_decay": 0.0019166575069515283
    }
}