{
    "svm": {
        "tol": 0.001,
        "probability": true,
        "kernel": "linear",
        "gamma": 0.0001,
        "class_weight": "balanced",
        "C": 0.1
    },
    "logistic_regression": {
        "tol": 0.001,
        "solver": "newton-cg",
        "random_state": 42,
        "max_iter": 2000,
        "class_weight": "balanced",
        "C": 0.1
    },
    "lstm": {
        "hidden_size": 8,
        "num_layers": 2,
        "dropout": 0.4894006346686237,
        "learning_rate": 0.00018438287121720718,
        "batch_size": 4,
        "weight_decay": 0.0009427886287932816
    },
    "transformer": {
        "d_model": 11,
        "num_layers": 2,
        "dropout": 0.595019262060067,
        "learning_rate": 0.00011936488819579719,
        "batch_size": 8,
        "nhead": 2,
        "weight_decay": 0.012931377398558156
    }
}