{
    "svm": {
        "tol": 0.001,
        "probability": true,
        "kernel": "rbf",
        "gamma": 0.1,
        "class_weight": "balanced",
        "C": 0.1
    },
    "logistic_regression": {
        "tol": 0.001,
        "solver": "newton-cg",
        "random_state": 42,
        "max_iter": 2000,
        "class_weight": "balanced",
        "C": 0.1
    },
    "lstm": {
        "hidden_size": 17,
        "num_layers": 1,
        "dropout": 0.5797030661413614,
        "learning_rate": 0.0001377352347648502,
        "batch_size": 4,
        "weight_decay": 0.0386983460480275
    },
    "transformer": {
        "d_model": 15,
        "num_layers": 1,
        "dropout": 0.5270010615698217,
        "learning_rate": 0.00010079599419411744,
        "batch_size": 8,
        "nhead": 2,
        "weight_decay": 0.004592978770449677
    }
}