{
    "svm": {
        "tol": 0.001,
        "probability": true,
        "kernel": "linear",
        "gamma": 0.0001,
        "class_weight": "balanced",
        "C": 0.1
    },
    "logistic_regression": {
        "tol": 0.1,
        "solver": "sag",
        "random_state": 42,
        "max_iter": 2000,
        "class_weight": "balanced",
        "C": 0.1
    },
    "lstm": {
        "hidden_size": 15,
        "num_layers": 2,
        "dropout": 0.4005959678623796,
        "learning_rate": 0.00020090088544388654,
        "batch_size": 4,
        "weight_decay": 0.0007748394870178381
    },
    "transformer": {
        "d_model": 24,
        "num_layers": 1,
        "dropout": 0.3006444342929304,
        "learning_rate": 0.0009531938515811114,
        "batch_size": 8,
        "nhead": 2,
        "weight_decay": 0.0982964167805829
    }
}