{
    "svm": {
        "tol": 0.001,
        "probability": true,
        "kernel": "rbf",
        "gamma": 0.1,
        "class_weight": "balanced",
        "C": 0.1
    },
    "logistic_regression": {
        "tol": 1.0,
        "solver": "newton-cg",
        "random_state": 42,
        "max_iter": 2000,
        "class_weight": "balanced",
        "C": 0.001
    },
    "lstm": {
        "hidden_size": 19,
        "num_layers": 1,
        "dropout": 0.5642460330787833,
        "learning_rate": 0.00020137727392296497,
        "batch_size": 8,
        "weight_decay": 0.00034996226153635734
    },
    "transformer": {
        "d_model": 9,
        "num_layers": 1,
        "dropout": 0.46333275414687203,
        "learning_rate": 0.00011739214394519381,
        "batch_size": 8,
        "nhead": 2,
        "weight_decay": 0.0012317169595699726
    }
}