{
    "svm": {
        "tol": 0.001,
        "probability": true,
        "kernel": "linear",
        "gamma": 0.0001,
        "class_weight": "balanced",
        "C": 0.01
    },
    "logistic_regression": {
        "tol": 0.1,
        "solver": "newton-cg",
        "random_state": 42,
        "max_iter": 2000,
        "class_weight": "balanced",
        "C": 0.01
    },
    "lstm": {
        "hidden_size": 12,
        "num_layers": 2,
        "dropout": 0.6158144747154691,
        "learning_rate": 0.0009694152981424239,
        "batch_size": 8,
        "weight_decay": 0.010014552681080225
    },
    "transformer": {
        "d_model": 21,
        "num_layers": 1,
        "dropout": 0.5392129222408584,
        "learning_rate": 0.0008443842316860205,
        "batch_size": 8,
        "nhead": 2,
        "weight_decay": 0.04170554982011501
    }
}