{
    "svm": {
        "tol": 0.001,
        "probability": true,
        "kernel": "linear",
        "gamma": 0.0001,
        "class_weight": "balanced",
        "C": 0.1
    },
    "logistic_regression": {
        "tol": 0.001,
        "solver": "newton-cg",
        "random_state": 42,
        "max_iter": 2000,
        "class_weight": "balanced",
        "C": 0.1
    },
    "lstm": {
        "hidden_size": 24,
        "num_layers": 1,
        "dropout": 0.5836807811953852,
        "learning_rate": 0.00013193404909339471,
        "batch_size": 4,
        "weight_decay": 0.053474093919166896
    },
    "transformer": {
        "d_model": 16,
        "num_layers": 2,
        "dropout": 0.41739643395235826,
        "learning_rate": 0.00016161237345746964,
        "batch_size": 4,
        "nhead": 2,
        "weight_decay": 0.010736354887322514
    }
}