{
    "svm": {
        "tol": 0.001,
        "probability": true,
        "kernel": "linear",
        "gamma": 0.0001,
        "class_weight": "balanced",
        "C": 0.1
    },
    "logistic_regression": {
        "tol": 0.1,
        "solver": "newton-cg",
        "random_state": 42,
        "max_iter": 2000,
        "class_weight": "balanced",
        "C": 0.1
    },
    "lstm": {
        "hidden_size": 22,
        "num_layers": 1,
        "dropout": 0.3130328224994231,
        "learning_rate": 0.0007003670924228965,
        "batch_size": 4,
        "weight_decay": 0.08166309712841668
    },
    "transformer": {
        "d_model": 18,
        "num_layers": 2,
        "dropout": 0.40893924150281286,
        "learning_rate": 0.00030921455212324,
        "batch_size": 8,
        "nhead": 2,
        "weight_decay": 0.0018921756442279562
    }
}