{
    "svm": {
        "tol": 0.1,
        "probability": true,
        "kernel": "linear",
        "gamma": 0.0001,
        "class_weight": "balanced",
        "C": 0.1
    },
    "logistic_regression": {
        "tol": 0.1,
        "solver": "newton-cg",
        "random_state": 42,
        "max_iter": 2000,
        "class_weight": "balanced",
        "C": 0.001
    },
    "lstm": {
        "hidden_size": 8,
        "num_layers": 1,
        "dropout": 0.5460205725722808,
        "learning_rate": 0.00012661826628290878,
        "batch_size": 8,
        "weight_decay": 0.00011720426141742953
    },
    "transformer": {
        "d_model": 14,
        "num_layers": 1,
        "dropout": 0.5830645060887,
        "learning_rate": 0.00011136857899935822,
        "batch_size": 4,
        "nhead": 2,
        "weight_decay": 0.005814991839813633
    }
}