{
    "svm": {
        "tol": 0.001,
        "probability": true,
        "kernel": "rbf",
        "gamma": 0.1,
        "class_weight": "balanced",
        "C": 0.1
    },
    "logistic_regression": {
        "tol": 0.1,
        "solver": "newton-cg",
        "random_state": 42,
        "max_iter": 2000,
        "class_weight": "balanced",
        "C": 0.001
    },
    "lstm": {
        "hidden_size": 17,
        "num_layers": 1,
        "dropout": 0.6348845520300063,
        "learning_rate": 0.00013384465913159405,
        "batch_size": 8,
        "weight_decay": 0.0006430738786257297
    },
    "transformer": {
        "d_model": 20,
        "num_layers": 2,
        "dropout": 0.6196004323112493,
        "learning_rate": 0.00012933189073573877,
        "batch_size": 8,
        "nhead": 2,
        "weight_decay": 0.05030186777352203
    }
}