{
    "svm": {
        "tol": 0.001,
        "probability": true,
        "kernel": "rbf",
        "gamma": 0.01,
        "class_weight": "balanced",
        "C": 0.1
    },
    "logistic_regression": {
        "tol": 1.0,
        "solver": "sag",
        "random_state": 42,
        "max_iter": 2000,
        "class_weight": "balanced",
        "C": 0.1
    },
    "lstm": {
        "hidden_size": 19,
        "num_layers": 1,
        "dropout": 0.47249214269262113,
        "learning_rate": 0.0005304477651259126,
        "batch_size": 4,
        "weight_decay": 0.048999102692106035
    },
    "transformer": {
        "d_model": 22,
        "num_layers": 1,
        "dropout": 0.36760813123961833,
        "learning_rate": 0.000415136289939872,
        "batch_size": 4,
        "nhead": 2,
        "weight_decay": 0.0036686653078871635
    }
}