{
    "svm": {
        "tol": 0.001,
        "probability": true,
        "kernel": "linear",
        "gamma": 0.0001,
        "class_weight": "balanced",
        "C": 0.1
    },
    "logistic_regression": {
        "tol": 0.1,
        "solver": "newton-cg",
        "random_state": 42,
        "max_iter": 2000,
        "class_weight": "balanced",
        "C": 0.1
    },
    "lstm": {
        "hidden_size": 8,
        "num_layers": 1,
        "dropout": 0.6911683430885477,
        "learning_rate": 0.00015756673064675877,
        "batch_size": 8,
        "weight_decay": 0.00020542512388442542
    },
    "transformer": {
        "d_model": 10,
        "num_layers": 1,
        "dropout": 0.6915397382600792,
        "learning_rate": 0.00010186032709858196,
        "batch_size": 8,
        "nhead": 2,
        "weight_decay": 0.09426126321914256
    }
}