{
    "svm": {
        "tol": 0.001,
        "probability": true,
        "kernel": "linear",
        "gamma": 0.0001,
        "class_weight": "balanced",
        "C": 0.1
    },
    "logistic_regression": {
        "tol": 0.1,
        "solver": "saga",
        "random_state": 42,
        "max_iter": 2000,
        "class_weight": "balanced",
        "C": 0.1
    },
    "lstm": {
        "hidden_size": 15,
        "num_layers": 1,
        "dropout": 0.6637938989921642,
        "learning_rate": 0.0001333945560503774,
        "batch_size": 8,
        "weight_decay": 0.009854047736826273
    },
    "transformer": {
        "d_model": 11,
        "num_layers": 2,
        "dropout": 0.6912485025391845,
        "learning_rate": 0.0002031178244925598,
        "batch_size": 8,
        "nhead": 2,
        "weight_decay": 0.0036429529701042696
    }
}