{
    "svm": {
        "tol": 0.001,
        "probability": true,
        "kernel": "linear",
        "gamma": 0.0001,
        "class_weight": "balanced",
        "C": 0.01
    },
    "logistic_regression": {
        "tol": 1.0,
        "solver": "sag",
        "random_state": 42,
        "max_iter": 2000,
        "class_weight": "balanced",
        "C": 0.1
    },
    "lstm": {
        "hidden_size": 9,
        "num_layers": 2,
        "dropout": 0.45669043670092957,
        "learning_rate": 0.00012420740468433952,
        "batch_size": 4,
        "weight_decay": 0.027041378118456756
    },
    "transformer": {
        "d_model": 20,
        "num_layers": 1,
        "dropout": 0.6712557909133317,
        "learning_rate": 0.0002374168195201874,
        "batch_size": 8,
        "nhead": 2,
        "weight_decay": 0.00035793687118185603
    }
}