{
    "svm": {
        "tol": 0.001,
        "probability": true,
        "kernel": "rbf",
        "gamma": 0.1,
        "class_weight": "balanced",
        "C": 0.1
    },
    "logistic_regression": {
        "tol": 0.001,
        "solver": "newton-cg",
        "random_state": 42,
        "max_iter": 2000,
        "class_weight": "balanced",
        "C": 0.1
    },
    "lstm": {
        "hidden_size": 22,
        "num_layers": 1,
        "dropout": 0.6521756899528086,
        "learning_rate": 0.00022097322363997564,
        "batch_size": 4,
        "weight_decay": 0.03671868743004378
    },
    "transformer": {
        "d_model": 19,
        "num_layers": 2,
        "dropout": 0.401091830261133,
        "learning_rate": 0.0002533021109032602,
        "batch_size": 4,
        "nhead": 2,
        "weight_decay": 0.007975139960872134
    }
}