{
    "svm": {
        "tol": 0.001,
        "probability": true,
        "kernel": "rbf",
        "gamma": 0.1,
        "class_weight": "balanced",
        "C": 0.1
    },
    "logistic_regression": {
        "tol": 0.001,
        "solver": "newton-cg",
        "random_state": 42,
        "max_iter": 2000,
        "class_weight": "balanced",
        "C": 0.1
    },
    "lstm": {
        "hidden_size": 8,
        "num_layers": 2,
        "dropout": 0.6511730706808834,
        "learning_rate": 0.0001611883338158937,
        "batch_size": 8,
        "weight_decay": 0.050651347962760426
    },
    "transformer": {
        "d_model": 19,
        "num_layers": 2,
        "dropout": 0.5710656357125162,
        "learning_rate": 0.00012777815909996876,
        "batch_size": 4,
        "nhead": 2,
        "weight_decay": 0.0033528201993235215
    }
}