{
    "svm": {
        "tol": 0.001,
        "probability": true,
        "kernel": "rbf",
        "gamma": 0.1,
        "class_weight": "balanced",
        "C": 0.1
    },
    "logistic_regression": {
        "tol": 0.001,
        "solver": "newton-cg",
        "random_state": 42,
        "max_iter": 2000,
        "class_weight": "balanced",
        "C": 0.1
    },
    "lstm": {
        "hidden_size": 18,
        "num_layers": 1,
        "dropout": 0.49989473022898867,
        "learning_rate": 0.0001058445236796228,
        "batch_size": 4,
        "weight_decay": 0.02395874931422252
    },
    "transformer": {
        "d_model": 21,
        "num_layers": 1,
        "dropout": 0.347680108372494,
        "learning_rate": 0.0008219601899673162,
        "batch_size": 4,
        "nhead": 2,
        "weight_decay": 0.018922825150123408
    }
}