{
    "svm": {
        "tol": 0.001,
        "probability": true,
        "kernel": "rbf",
        "gamma": 0.1,
        "class_weight": "balanced",
        "C": 0.1
    },
    "logistic_regression": {
        "tol": 0.1,
        "solver": "newton-cg",
        "random_state": 42,
        "max_iter": 2000,
        "class_weight": "balanced",
        "C": 0.1
    },
    "lstm": {
        "hidden_size": 13,
        "num_layers": 2,
        "dropout": 0.34979432999978294,
        "learning_rate": 0.00016243314758423736,
        "batch_size": 8,
        "weight_decay": 0.0010649009067975372
    },
    "transformer": {
        "d_model": 19,
        "num_layers": 2,
        "dropout": 0.6201221827745191,
        "learning_rate": 0.0001277454943685218,
        "batch_size": 8,
        "nhead": 2,
        "weight_decay": 0.002620529572889782
    }
}