{
    "svm": {
        "tol": 0.1,
        "probability": true,
        "kernel": "linear",
        "gamma": 0.0001,
        "class_weight": "balanced",
        "C": 0.1
    },
    "logistic_regression": {
        "tol": 0.1,
        "solver": "sag",
        "random_state": 42,
        "max_iter": 2000,
        "class_weight": "balanced",
        "C": 0.1
    },
    "lstm": {
        "hidden_size": 14,
        "num_layers": 1,
        "dropout": 0.641717350255629,
        "learning_rate": 0.00011114603000857326,
        "batch_size": 8,
        "weight_decay": 0.00014433397685759762
    },
    "transformer": {
        "d_model": 19,
        "num_layers": 1,
        "dropout": 0.30992173105636045,
        "learning_rate": 0.00010121378004674766,
        "batch_size": 4,
        "nhead": 2,
        "weight_decay": 0.05621543152564437
    }
}