{
    "svm": {
        "tol": 0.001,
        "probability": true,
        "kernel": "linear",
        "gamma": 0.0001,
        "class_weight": "balanced",
        "C": 1e-06
    },
    "logistic_regression": {
        "tol": 1.0,
        "solver": "newton-cg",
        "random_state": 42,
        "max_iter": 2000,
        "class_weight": "balanced",
        "C": 0.001
    },
    "lstm": {
        "hidden_size": 21,
        "num_layers": 1,
        "dropout": 0.39856238919805576,
        "learning_rate": 0.0002937296151814616,
        "batch_size": 4,
        "weight_decay": 0.0060819937294213505
    },
    "transformer": {
        "d_model": 21,
        "num_layers": 1,
        "dropout": 0.5416386771993424,
        "learning_rate": 0.0006646301895629925,
        "batch_size": 4,
        "nhead": 2,
        "weight_decay": 0.003058154806817438
    }
}