{
    "svm": {
        "tol": 0.001,
        "probability": true,
        "kernel": "linear",
        "gamma": 0.0001,
        "class_weight": "balanced",
        "C": 0.1
    },
    "logistic_regression": {
        "tol": 0.1,
        "solver": "newton-cg",
        "random_state": 42,
        "max_iter": 2000,
        "class_weight": "balanced",
        "C": 0.001
    },
    "lstm": {
        "hidden_size": 14,
        "num_layers": 1,
        "dropout": 0.5873744441867075,
        "learning_rate": 0.0001509478297804815,
        "batch_size": 8,
        "weight_decay": 0.0002747827660283761
    },
    "transformer": {
        "d_model": 11,
        "num_layers": 2,
        "dropout": 0.6494132044393601,
        "learning_rate": 0.0001740295161699752,
        "batch_size": 4,
        "nhead": 2,
        "weight_decay": 0.011885800752009571
    }
}