{
    "svm": {
        "tol": 0.001,
        "probability": true,
        "kernel": "linear",
        "gamma": 0.0001,
        "class_weight": "balanced",
        "C": 0.1
    },
    "logistic_regression": {
        "tol": 0.1,
        "solver": "lbfgs",
        "random_state": 42,
        "max_iter": 2000,
        "class_weight": "balanced",
        "C": 0.1
    },
    "lstm": {
        "hidden_size": 15,
        "num_layers": 1,
        "dropout": 0.4924912200804173,
        "learning_rate": 0.00020379792613134935,
        "batch_size": 4,
        "weight_decay": 0.03337797474923691
    },
    "transformer": {
        "d_model": 19,
        "num_layers": 2,
        "dropout": 0.37446437915710257,
        "learning_rate": 0.0007637899140053115,
        "batch_size": 4,
        "nhead": 2,
        "weight_decay": 0.00010203920566690074
    }
}