{
    "svm": {
        "tol": 0.001,
        "probability": true,
        "kernel": "linear",
        "gamma": 0.0001,
        "class_weight": "balanced",
        "C": 0.1
    },
    "logistic_regression": {
        "tol": 0.001,
        "solver": "newton-cg",
        "random_state": 42,
        "max_iter": 2000,
        "class_weight": "balanced",
        "C": 0.1
    },
    "lstm": {
        "hidden_size": 24,
        "num_layers": 2,
        "dropout": 0.5769861088102758,
        "learning_rate": 0.00010577508292384116,
        "batch_size": 8,
        "weight_decay": 0.002622464142964432
    },
    "transformer": {
        "d_model": 19,
        "num_layers": 1,
        "dropout": 0.6638891395709454,
        "learning_rate": 0.00036412716429249145,
        "batch_size": 8,
        "nhead": 2,
        "weight_decay": 0.005500795606516391
    }
}