{
    "svm": {
        "tol": 0.001,
        "probability": true,
        "kernel": "linear",
        "gamma": 0.0001,
        "class_weight": "balanced",
        "C": 0.01
    },
    "logistic_regression": {
        "tol": 0.1,
        "solver": "sag",
        "random_state": 42,
        "max_iter": 2000,
        "class_weight": "balanced",
        "C": 0.1
    },
    "lstm": {
        "hidden_size": 15,
        "num_layers": 1,
        "dropout": 0.3680328623732858,
        "learning_rate": 0.00010391235957840201,
        "batch_size": 4,
        "weight_decay": 0.0004970670786280766
    },
    "transformer": {
        "d_model": 15,
        "num_layers": 1,
        "dropout": 0.4632466651966951,
        "learning_rate": 0.00011605918911230942,
        "batch_size": 8,
        "nhead": 2,
        "weight_decay": 0.0002052416397776446
    }
}