{
    "svm": {
        "tol": 0.01,
        "probability": true,
        "kernel": "linear",
        "gamma": 0.0001,
        "class_weight": "balanced",
        "C": 0.1
    },
    "logistic_regression": {
        "tol": 0.1,
        "solver": "lbfgs",
        "random_state": 42,
        "max_iter": 2000,
        "class_weight": "balanced",
        "C": 0.1
    },
    "lstm": {
        "hidden_size": 24,
        "num_layers": 1,
        "dropout": 0.5563194726661301,
        "learning_rate": 0.0002642390300629803,
        "batch_size": 8,
        "weight_decay": 0.0002816442670615629
    },
    "transformer": {
        "d_model": 22,
        "num_layers": 2,
        "dropout": 0.399749255402055,
        "learning_rate": 0.00035662815935521235,
        "batch_size": 4,
        "nhead": 2,
        "weight_decay": 0.0036223155520238807
    }
}