{
    "svm": {
        "tol": 0.001,
        "probability": true,
        "kernel": "rbf",
        "gamma": 0.1,
        "class_weight": "balanced",
        "C": 0.1
    },
    "logistic_regression": {
        "tol": 0.001,
        "solver": "newton-cg",
        "random_state": 42,
        "max_iter": 2000,
        "class_weight": "balanced",
        "C": 0.1
    },
    "lstm": {
        "hidden_size": 10,
        "num_layers": 2,
        "dropout": 0.6228364603917211,
        "learning_rate": 0.00020090718540114445,
        "batch_size": 4,
        "weight_decay": 0.09400023132067908
    },
    "transformer": {
        "d_model": 11,
        "num_layers": 1,
        "dropout": 0.49092562056053013,
        "learning_rate": 0.00012565439367329096,
        "batch_size": 4,
        "nhead": 2,
        "weight_decay": 0.013459998115582749
    }
}