{
    "svm": {
        "tol": 0.001,
        "probability": true,
        "kernel": "rbf",
        "gamma": 0.1,
        "class_weight": "balanced",
        "C": 1e-06
    },
    "logistic_regression": {
        "tol": 1.0,
        "solver": "saga",
        "random_state": 42,
        "max_iter": 2000,
        "class_weight": "balanced",
        "C": 0.1
    },
    "lstm": {
        "hidden_size": 10,
        "num_layers": 2,
        "dropout": 0.47236939517340415,
        "learning_rate": 0.00010739183819992776,
        "batch_size": 8,
        "weight_decay": 0.006220643269832799
    },
    "transformer": {
        "d_model": 8,
        "num_layers": 1,
        "dropout": 0.4819262997605073,
        "learning_rate": 0.00015240782058871134,
        "batch_size": 4,
        "nhead": 2,
        "weight_decay": 0.0011983634671453207
    }
}