{
    "svm": {
        "tol": 0.001,
        "probability": true,
        "kernel": "rbf",
        "gamma": 0.01,
        "class_weight": "balanced",
        "C": 0.1
    },
    "logistic_regression": {
        "tol": 0.01,
        "solver": "newton-cg",
        "random_state": 42,
        "max_iter": 2000,
        "class_weight": "balanced",
        "C": 0.1
    },
    "lstm": {
        "hidden_size": 11,
        "num_layers": 1,
        "dropout": 0.5988783381890238,
        "learning_rate": 0.00028798611936233805,
        "batch_size": 4,
        "weight_decay": 0.0012356284516062915
    },
    "transformer": {
        "d_model": 18,
        "num_layers": 1,
        "dropout": 0.3732173729395543,
        "learning_rate": 0.00035541142688318936,
        "batch_size": 4,
        "nhead": 2,
        "weight_decay": 0.000565070466680195
    }
}