{
    "svm": {
        "tol": 0.001,
        "probability": true,
        "kernel": "rbf",
        "gamma": 0.1,
        "class_weight": "balanced",
        "C": 0.01
    },
    "logistic_regression": {
        "tol": 0.1,
        "solver": "newton-cg",
        "random_state": 42,
        "max_iter": 2000,
        "class_weight": "balanced",
        "C": 0.1
    },
    "lstm": {
        "hidden_size": 22,
        "num_layers": 2,
        "dropout": 0.6635839150887589,
        "learning_rate": 0.0002544263592916521,
        "batch_size": 8,
        "weight_decay": 0.011905856528341351
    },
    "transformer": {
        "d_model": 10,
        "num_layers": 2,
        "dropout": 0.41043871520645364,
        "learning_rate": 0.0007122990747788784,
        "batch_size": 8,
        "nhead": 2,
        "weight_decay": 0.0003224798373806594
    }
}