{
    "svm": {
        "tol": 0.001,
        "probability": true,
        "kernel": "rbf",
        "gamma": 0.1,
        "class_weight": "balanced",
        "C": 1e-06
    },
    "logistic_regression": {
        "tol": 1.0,
        "solver": "sag",
        "random_state": 42,
        "max_iter": 2000,
        "class_weight": "balanced",
        "C": 0.1
    },
    "lstm": {
        "hidden_size": 11,
        "num_layers": 1,
        "dropout": 0.5963522136100718,
        "learning_rate": 0.00011772009790431326,
        "batch_size": 4,
        "weight_decay": 0.00031006806911463837
    },
    "transformer": {
        "d_model": 8,
        "num_layers": 2,
        "dropout": 0.30104340752590775,
        "learning_rate": 0.00010499679013433626,
        "batch_size": 4,
        "nhead": 2,
        "weight_decay": 0.0006125229389429969
    }
}