{
    "svm": {
        "tol": 0.001,
        "probability": true,
        "kernel": "linear",
        "gamma": 0.0001,
        "class_weight": "balanced",
        "C": 0.1
    },
    "logistic_regression": {
        "tol": 0.1,
        "solver": "newton-cg",
        "random_state": 42,
        "max_iter": 2000,
        "class_weight": "balanced",
        "C": 0.1
    },
    "lstm": {
        "hidden_size": 22,
        "num_layers": 2,
        "dropout": 0.41389558944800986,
        "learning_rate": 0.0009100705602540427,
        "batch_size": 4,
        "weight_decay": 0.011801551470631208
    },
    "transformer": {
        "d_model": 19,
        "num_layers": 1,
        "dropout": 0.3199776588348931,
        "learning_rate": 0.0002772508172512295,
        "batch_size": 4,
        "nhead": 2,
        "weight_decay": 0.00036194085675825456
    }
}