{
    "svm": {
        "tol": 0.1,
        "probability": true,
        "kernel": "rbf",
        "gamma": 0.1,
        "class_weight": "balanced",
        "C": 0.1
    },
    "logistic_regression": {
        "tol": 1.0,
        "solver": "newton-cg",
        "random_state": 42,
        "max_iter": 2000,
        "class_weight": "balanced",
        "C": 0.001
    },
    "lstm": {
        "hidden_size": 19,
        "num_layers": 2,
        "dropout": 0.462758997745328,
        "learning_rate": 0.0009988653813902185,
        "batch_size": 4,
        "weight_decay": 0.007085204144258714
    },
    "transformer": {
        "d_model": 21,
        "num_layers": 1,
        "dropout": 0.34084091122134774,
        "learning_rate": 0.0005431331314984911,
        "batch_size": 4,
        "nhead": 2,
        "weight_decay": 0.004001632229025392
    }
}