{
    "svm": {
        "tol": 0.001,
        "probability": true,
        "kernel": "rbf",
        "gamma": 0.1,
        "class_weight": "balanced",
        "C": 0.1
    },
    "logistic_regression": {
        "tol": 0.001,
        "solver": "newton-cg",
        "random_state": 42,
        "max_iter": 2000,
        "class_weight": "balanced",
        "C": 0.1
    },
    "lstm": {
        "hidden_size": 12,
        "num_layers": 2,
        "dropout": 0.6654232782183013,
        "learning_rate": 0.0001328344267590229,
        "batch_size": 4,
        "weight_decay": 0.015618672293273407
    },
    "transformer": {
        "d_model": 9,
        "num_layers": 1,
        "dropout": 0.594553485720243,
        "learning_rate": 0.0004933035540962457,
        "batch_size": 8,
        "nhead": 2,
        "weight_decay": 0.0005858178971358825
    }
}