{
    "svm": {
        "tol": 0.001,
        "probability": true,
        "kernel": "linear",
        "gamma": 0.0001,
        "class_weight": "balanced",
        "C": 0.01
    },
    "logistic_regression": {
        "tol": 0.001,
        "solver": "newton-cg",
        "random_state": 42,
        "max_iter": 2000,
        "class_weight": "balanced",
        "C": 0.1
    },
    "lstm": {
        "hidden_size": 8,
        "num_layers": 2,
        "dropout": 0.6527097564748213,
        "learning_rate": 0.0002590450660067637,
        "batch_size": 4,
        "weight_decay": 0.0006471454084166355
    },
    "transformer": {
        "d_model": 12,
        "num_layers": 1,
        "dropout": 0.4935304379580529,
        "learning_rate": 0.0003780192483809537,
        "batch_size": 8,
        "nhead": 2,
        "weight_decay": 0.003454102339527074
    }
}