{
    "svm": {
        "tol": 0.001,
        "probability": true,
        "kernel": "rbf",
        "gamma": 0.1,
        "class_weight": "balanced",
        "C": 0.1
    },
    "logistic_regression": {
        "tol": 1.0,
        "solver": "newton-cg",
        "random_state": 42,
        "max_iter": 2000,
        "class_weight": "balanced",
        "C": 0.001
    },
    "lstm": {
        "hidden_size": 12,
        "num_layers": 2,
        "dropout": 0.5696911508058458,
        "learning_rate": 0.0001237244061467886,
        "batch_size": 4,
        "weight_decay": 0.0012908779837326042
    },
    "transformer": {
        "d_model": 21,
        "num_layers": 1,
        "dropout": 0.5983417947524369,
        "learning_rate": 0.00036337815088425965,
        "batch_size": 8,
        "nhead": 2,
        "weight_decay": 0.0952288193950787
    }
}