{
    "svm": {
        "tol": 0.001,
        "probability": true,
        "kernel": "linear",
        "gamma": 0.0001,
        "class_weight": "balanced",
        "C": 0.01
    },
    "logistic_regression": {
        "tol": 0.1,
        "solver": "saga",
        "random_state": 42,
        "max_iter": 2000,
        "class_weight": "balanced",
        "C": 0.1
    },
    "lstm": {
        "hidden_size": 12,
        "num_layers": 1,
        "dropout": 0.639239513738042,
        "learning_rate": 0.0007627398805060437,
        "batch_size": 4,
        "weight_decay": 0.00277764786327959
    },
    "transformer": {
        "d_model": 13,
        "num_layers": 1,
        "dropout": 0.4069168677090824,
        "learning_rate": 0.0001370959980895737,
        "batch_size": 4,
        "nhead": 2,
        "weight_decay": 0.00015037628342370678
    }
}