{
    "svm": {
        "tol": 0.001,
        "probability": true,
        "kernel": "linear",
        "gamma": 0.0001,
        "class_weight": "balanced",
        "C": 0.1
    },
    "logistic_regression": {
        "tol": 0.01,
        "solver": "sag",
        "random_state": 42,
        "max_iter": 2000,
        "class_weight": "balanced",
        "C": 0.1
    },
    "lstm": {
        "hidden_size": 8,
        "num_layers": 1,
        "dropout": 0.32096210355425225,
        "learning_rate": 0.00033101552538655093,
        "batch_size": 8,
        "weight_decay": 0.021717974817768982
    },
    "transformer": {
        "d_model": 20,
        "num_layers": 2,
        "dropout": 0.5447811956868591,
        "learning_rate": 0.0002640796928072419,
        "batch_size": 4,
        "nhead": 2,
        "weight_decay": 0.00018626703564354906
    }
}