{
    "svm": {
        "tol": 0.001,
        "probability": true,
        "kernel": "linear",
        "gamma": 0.0001,
        "class_weight": "balanced",
        "C": 0.1
    },
    "logistic_regression": {
        "tol": 0.1,
        "solver": "saga",
        "random_state": 42,
        "max_iter": 2000,
        "class_weight": "balanced",
        "C": 0.1
    },
    "lstm": {
        "hidden_size": 24,
        "num_layers": 1,
        "dropout": 0.3731153638349519,
        "learning_rate": 0.00011131701413741696,
        "batch_size": 8,
        "weight_decay": 0.011849590503162496
    },
    "transformer": {
        "d_model": 23,
        "num_layers": 2,
        "dropout": 0.620486543024839,
        "learning_rate": 0.00011757600660058609,
        "batch_size": 8,
        "nhead": 2,
        "weight_decay": 0.009012753844377441
    }
}