{
    "svm": {
        "tol": 0.001,
        "probability": true,
        "kernel": "linear",
        "gamma": 0.0001,
        "class_weight": "balanced",
        "C": 0.01
    },
    "logistic_regression": {
        "tol": 0.1,
        "solver": "sag",
        "random_state": 42,
        "max_iter": 2000,
        "class_weight": "balanced",
        "C": 0.001
    },
    "lstm": {
        "hidden_size": 12,
        "num_layers": 1,
        "dropout": 0.6607531534147993,
        "learning_rate": 0.00012230763574253524,
        "batch_size": 8,
        "weight_decay": 0.06658252517012574
    },
    "transformer": {
        "d_model": 8,
        "num_layers": 2,
        "dropout": 0.5863440274767034,
        "learning_rate": 0.000139779789879173,
        "batch_size": 4,
        "nhead": 2,
        "weight_decay": 0.0010679626591430793
    }
}