{
    "svm": {
        "tol": 0.001,
        "probability": true,
        "kernel": "linear",
        "gamma": 0.0001,
        "class_weight": "balanced",
        "C": 0.01
    },
    "logistic_regression": {
        "tol": 0.1,
        "solver": "saga",
        "random_state": 42,
        "max_iter": 2000,
        "class_weight": "balanced",
        "C": 0.1
    },
    "lstm": {
        "hidden_size": 9,
        "num_layers": 1,
        "dropout": 0.5173030576911563,
        "learning_rate": 0.0001698593014744018,
        "batch_size": 8,
        "weight_decay": 0.01361926918823334
    },
    "transformer": {
        "d_model": 24,
        "num_layers": 2,
        "dropout": 0.6451212016841382,
        "learning_rate": 0.00010961830118466473,
        "batch_size": 8,
        "nhead": 2,
        "weight_decay": 0.09360211385532305
    }
}