{
    "svm": {
        "tol": 0.001,
        "probability": true,
        "kernel": "linear",
        "gamma": 0.0001,
        "class_weight": "balanced",
        "C": 0.1
    },
    "logistic_regression": {
        "tol": 0.1,
        "solver": "newton-cg",
        "random_state": 42,
        "max_iter": 2000,
        "class_weight": "balanced",
        "C": 0.1
    },
    "lstm": {
        "hidden_size": 18,
        "num_layers": 1,
        "dropout": 0.3686023901090261,
        "learning_rate": 0.0006953449364449252,
        "batch_size": 8,
        "weight_decay": 0.009289535877327905
    },
    "transformer": {
        "d_model": 17,
        "num_layers": 2,
        "dropout": 0.43519405927293614,
        "learning_rate": 0.00011957673870191277,
        "batch_size": 4,
        "nhead": 2,
        "weight_decay": 0.02419152534997801
    }
}