{
    "svm": {
        "tol": 0.001,
        "probability": true,
        "kernel": "linear",
        "gamma": 0.0001,
        "class_weight": "balanced",
        "C": 0.1
    },
    "logistic_regression": {
        "tol": 0.1,
        "solver": "newton-cg",
        "random_state": 42,
        "max_iter": 2000,
        "class_weight": "balanced",
        "C": 0.1
    },
    "lstm": {
        "hidden_size": 21,
        "num_layers": 2,
        "dropout": 0.6779770361532834,
        "learning_rate": 0.00020607392847295957,
        "batch_size": 4,
        "weight_decay": 0.0003066856980356866
    },
    "transformer": {
        "d_model": 15,
        "num_layers": 2,
        "dropout": 0.3195760411633157,
        "learning_rate": 0.00013960926470961592,
        "batch_size": 4,
        "nhead": 2,
        "weight_decay": 0.004384955158536832
    }
}