{
    "svm": {
        "tol": 0.001,
        "probability": true,
        "kernel": "rbf",
        "gamma": 0.1,
        "class_weight": "balanced",
        "C": 0.1
    },
    "logistic_regression": {
        "tol": 0.001,
        "solver": "newton-cg",
        "random_state": 42,
        "max_iter": 2000,
        "class_weight": "balanced",
        "C": 0.1
    },
    "lstm": {
        "hidden_size": 15,
        "num_layers": 1,
        "dropout": 0.3643281038669249,
        "learning_rate": 0.00010926022391674794,
        "batch_size": 4,
        "weight_decay": 0.00038153245927182854
    },
    "transformer": {
        "d_model": 8,
        "num_layers": 1,
        "dropout": 0.44983248960486094,
        "learning_rate": 0.00010445126893650511,
        "batch_size": 8,
        "nhead": 2,
        "weight_decay": 0.0022318963107125734
    }
}