{
    "svm": {
        "tol": 0.1,
        "probability": true,
        "kernel": "rbf",
        "gamma": 0.1,
        "class_weight": "balanced",
        "C": 0.1
    },
    "logistic_regression": {
        "tol": 0.01,
        "solver": "sag",
        "random_state": 42,
        "max_iter": 2000,
        "class_weight": "balanced",
        "C": 0.1
    },
    "lstm": {
        "hidden_size": 16,
        "num_layers": 1,
        "dropout": 0.43492980602087666,
        "learning_rate": 0.00013116371837356455,
        "batch_size": 8,
        "weight_decay": 0.0018356905758541919
    },
    "transformer": {
        "d_model": 19,
        "num_layers": 1,
        "dropout": 0.3530699219512908,
        "learning_rate": 0.00010340651966583875,
        "batch_size": 4,
        "nhead": 2,
        "weight_decay": 0.0010122344788721436
    }
}