{
    "svm": {
        "tol": 0.001,
        "probability": true,
        "kernel": "rbf",
        "gamma": 1.0,
        "class_weight": "balanced",
        "C": 0.001
    },
    "logistic_regression": {
        "tol": 1.0,
        "solver": "newton-cg",
        "random_state": 42,
        "max_iter": 2000,
        "class_weight": "balanced",
        "C": 0.001
    },
    "lstm": {
        "hidden_size": 8,
        "num_layers": 2,
        "dropout": 0.6770522242096959,
        "learning_rate": 0.00019485506578575346,
        "batch_size": 8,
        "weight_decay": 0.00019881450651558684
    },
    "transformer": {
        "d_model": 8,
        "num_layers": 2,
        "dropout": 0.4591407317080588,
        "learning_rate": 0.00025843799580676363,
        "batch_size": 8,
        "nhead": 2,
        "weight_decay": 0.003012373657288854
    }
}