{
    "svm": {
        "tol": 0.001,
        "probability": true,
        "kernel": "linear",
        "gamma": 0.0001,
        "class_weight": "balanced",
        "C": 0.1
    },
    "logistic_regression": {
        "tol": 0.001,
        "solver": "newton-cg",
        "random_state": 42,
        "max_iter": 2000,
        "class_weight": "balanced",
        "C": 0.1
    },
    "lstm": {
        "hidden_size": 13,
        "num_layers": 1,
        "dropout": 0.692497166447713,
        "learning_rate": 0.0009619752704725567,
        "batch_size": 8,
        "weight_decay": 0.061035307712572956
    },
    "transformer": {
        "d_model": 14,
        "num_layers": 2,
        "dropout": 0.4631748048876895,
        "learning_rate": 0.0007512342155509865,
        "batch_size": 4,
        "nhead": 2,
        "weight_decay": 0.008691266108078959
    }
}