{
    "svm": {
        "tol": 0.001,
        "probability": true,
        "kernel": "rbf",
        "gamma": 0.1,
        "class_weight": "balanced",
        "C": 0.1
    },
    "logistic_regression": {
        "tol": 0.1,
        "solver": "lbfgs",
        "random_state": 42,
        "max_iter": 2000,
        "class_weight": "balanced",
        "C": 0.1
    },
    "lstm": {
        "hidden_size": 14,
        "num_layers": 1,
        "dropout": 0.5622049347441921,
        "learning_rate": 0.00010838562711102268,
        "batch_size": 4,
        "weight_decay": 0.0003762620143303542
    },
    "transformer": {
        "d_model": 21,
        "num_layers": 2,
        "dropout": 0.47353793119317933,
        "learning_rate": 0.00012089517883572202,
        "batch_size": 8,
        "nhead": 2,
        "weight_decay": 0.012401312144413815
    }
}