{
    "svm": {
        "tol": 0.1,
        "probability": true,
        "kernel": "rbf",
        "gamma": 0.1,
        "class_weight": "balanced",
        "C": 0.1
    },
    "logistic_regression": {
        "tol": 0.1,
        "solver": "saga",
        "random_state": 42,
        "max_iter": 2000,
        "class_weight": "balanced",
        "C": 0.1
    },
    "lstm": {
        "hidden_size": 9,
        "num_layers": 1,
        "dropout": 0.39617190592833784,
        "learning_rate": 0.000121811403458069,
        "batch_size": 8,
        "weight_decay": 0.00022129404391338592
    },
    "transformer": {
        "d_model": 17,
        "num_layers": 1,
        "dropout": 0.554350628410955,
        "learning_rate": 0.0005500637557533376,
        "batch_size": 4,
        "nhead": 2,
        "weight_decay": 0.026982888917786423
    }
}