{
    "svm": {
        "tol": 0.001,
        "probability": true,
        "kernel": "rbf",
        "gamma": 0.1,
        "class_weight": "balanced",
        "C": 0.1
    },
    "logistic_regression": {
        "tol": 0.1,
        "solver": "lbfgs",
        "random_state": 42,
        "max_iter": 2000,
        "class_weight": "balanced",
        "C": 0.1
    },
    "lstm": {
        "hidden_size": 11,
        "num_layers": 1,
        "dropout": 0.502761475266274,
        "learning_rate": 0.0007041483474482509,
        "batch_size": 8,
        "weight_decay": 0.0024730714566774505
    },
    "transformer": {
        "d_model": 20,
        "num_layers": 2,
        "dropout": 0.32369630658085125,
        "learning_rate": 0.00039974503924750386,
        "batch_size": 8,
        "nhead": 2,
        "weight_decay": 0.00010299556186926281
    }
}