{
    "svm": {
        "tol": 0.001,
        "probability": true,
        "kernel": "linear",
        "gamma": 0.0001,
        "class_weight": "balanced",
        "C": 0.001
    },
    "logistic_regression": {
        "tol": 0.1,
        "solver": "newton-cg",
        "random_state": 42,
        "max_iter": 2000,
        "class_weight": "balanced",
        "C": 0.001
    },
    "lstm": {
        "hidden_size": 8,
        "num_layers": 1,
        "dropout": 0.5796159673505685,
        "learning_rate": 0.0005113981459207075,
        "batch_size": 8,
        "weight_decay": 0.0007257197191093705
    },
    "transformer": {
        "d_model": 8,
        "num_layers": 1,
        "dropout": 0.5930468678185687,
        "learning_rate": 0.00026862151509824816,
        "batch_size": 4,
        "nhead": 2,
        "weight_decay": 0.002537285008831347
    }
}