{
    "svm": {
        "tol": 0.001,
        "probability": true,
        "kernel": "rbf",
        "gamma": 0.1,
        "class_weight": "balanced",
        "C": 0.1
    },
    "logistic_regression": {
        "tol": 0.001,
        "solver": "newton-cg",
        "random_state": 42,
        "max_iter": 2000,
        "class_weight": "balanced",
        "C": 0.01
    },
    "lstm": {
        "hidden_size": 8,
        "num_layers": 2,
        "dropout": 0.6901188691688206,
        "learning_rate": 0.00041617685059919875,
        "batch_size": 8,
        "weight_decay": 0.00013783448965310377
    },
    "transformer": {
        "d_model": 19,
        "num_layers": 2,
        "dropout": 0.31032181033329814,
        "learning_rate": 0.0002963811790798895,
        "batch_size": 8,
        "nhead": 2,
        "weight_decay": 0.01729969742581404
    }
}