{
    "svm": {
        "tol": 0.001,
        "probability": true,
        "kernel": "linear",
        "gamma": 0.0001,
        "class_weight": "balanced",
        "C": 0.1
    },
    "logistic_regression": {
        "tol": 0.1,
        "solver": "newton-cg",
        "random_state": 42,
        "max_iter": 2000,
        "class_weight": "balanced",
        "C": 0.01
    },
    "lstm": {
        "hidden_size": 8,
        "num_layers": 1,
        "dropout": 0.40459347695150094,
        "learning_rate": 0.0005220039742405864,
        "batch_size": 4,
        "weight_decay": 0.014122390695039889
    },
    "transformer": {
        "d_model": 13,
        "num_layers": 2,
        "dropout": 0.5921995662850719,
        "learning_rate": 0.0002547755737217516,
        "batch_size": 4,
        "nhead": 2,
        "weight_decay": 0.0038143908802028455
    }
}