{
    "svm": {
        "tol": 0.001,
        "probability": true,
        "kernel": "rbf",
        "gamma": 0.1,
        "class_weight": "balanced",
        "C": 0.1
    },
    "logistic_regression": {
        "tol": 0.001,
        "solver": "newton-cg",
        "random_state": 42,
        "max_iter": 2000,
        "class_weight": "balanced",
        "C": 0.1
    },
    "lstm": {
        "hidden_size": 12,
        "num_layers": 2,
        "dropout": 0.3077319904355821,
        "learning_rate": 0.00011594317605346086,
        "batch_size": 4,
        "weight_decay": 0.001402043356826361
    },
    "transformer": {
        "d_model": 19,
        "num_layers": 1,
        "dropout": 0.6499007885705634,
        "learning_rate": 0.00013718337174663259,
        "batch_size": 8,
        "nhead": 2,
        "weight_decay": 0.004417682896669277
    }
}