{
    "svm": {
        "tol": 0.001,
        "probability": true,
        "kernel": "linear",
        "gamma": 0.0001,
        "class_weight": "balanced",
        "C": 1e-06
    },
    "logistic_regression": {
        "tol": 1.0,
        "solver": "newton-cg",
        "random_state": 42,
        "max_iter": 2000,
        "class_weight": "balanced",
        "C": 0.001
    },
    "lstm": {
        "hidden_size": 14,
        "num_layers": 1,
        "dropout": 0.42214654492890025,
        "learning_rate": 0.0001631906596141851,
        "batch_size": 8,
        "weight_decay": 0.0008399428543792088
    },
    "transformer": {
        "d_model": 19,
        "num_layers": 1,
        "dropout": 0.3917215266038047,
        "learning_rate": 0.000176478987283821,
        "batch_size": 8,
        "nhead": 2,
        "weight_decay": 0.0009068850394260334
    }
}