{
    "svm": {
        "tol": 0.001,
        "probability": true,
        "kernel": "rbf",
        "gamma": 0.1,
        "class_weight": "balanced",
        "C": 0.1
    },
    "logistic_regression": {
        "tol": 0.001,
        "solver": "newton-cg",
        "random_state": 42,
        "max_iter": 2000,
        "class_weight": "balanced",
        "C": 0.1
    },
    "lstm": {
        "hidden_size": 14,
        "num_layers": 2,
        "dropout": 0.6461499238491957,
        "learning_rate": 0.0006467609220363644,
        "batch_size": 4,
        "weight_decay": 0.04767860039715222
    },
    "transformer": {
        "d_model": 15,
        "num_layers": 1,
        "dropout": 0.3511985953386366,
        "learning_rate": 0.0008829915002292823,
        "batch_size": 4,
        "nhead": 2,
        "weight_decay": 0.00041097979257744547
    }
}