{
    "svm": {
        "tol": 0.001,
        "probability": true,
        "kernel": "rbf",
        "gamma": 0.1,
        "class_weight": "balanced",
        "C": 0.1
    },
    "logistic_regression": {
        "tol": 0.01,
        "solver": "sag",
        "random_state": 42,
        "max_iter": 2000,
        "class_weight": "balanced",
        "C": 0.001
    },
    "lstm": {
        "hidden_size": 19,
        "num_layers": 2,
        "dropout": 0.3327383141271416,
        "learning_rate": 0.0005562405757850482,
        "batch_size": 4,
        "weight_decay": 0.0001944069219270727
    },
    "transformer": {
        "d_model": 12,
        "num_layers": 1,
        "dropout": 0.554275129077187,
        "learning_rate": 0.0009221939474161123,
        "batch_size": 4,
        "nhead": 2,
        "weight_decay": 0.01379847092706625
    }
}