{
    "svm": {
        "tol": 0.1,
        "probability": true,
        "kernel": "rbf",
        "gamma": 0.1,
        "class_weight": "balanced",
        "C": 0.1
    },
    "logistic_regression": {
        "tol": 0.001,
        "solver": "newton-cg",
        "random_state": 42,
        "max_iter": 2000,
        "class_weight": "balanced",
        "C": 0.1
    },
    "lstm": {
        "hidden_size": 13,
        "num_layers": 1,
        "dropout": 0.6595245262928591,
        "learning_rate": 0.00019295179059357015,
        "batch_size": 4,
        "weight_decay": 0.00036816432159227693
    },
    "transformer": {
        "d_model": 14,
        "num_layers": 2,
        "dropout": 0.5199352334513929,
        "learning_rate": 0.00011088483808539395,
        "batch_size": 4,
        "nhead": 2,
        "weight_decay": 0.01486173353808994
    }
}