{
    "svm": {
        "tol": 0.001,
        "probability": true,
        "kernel": "linear",
        "gamma": 0.0001,
        "class_weight": "balanced",
        "C": 0.1
    },
    "logistic_regression": {
        "tol": 0.001,
        "solver": "newton-cg",
        "random_state": 42,
        "max_iter": 2000,
        "class_weight": "balanced",
        "C": 0.1
    },
    "lstm": {
        "hidden_size": 10,
        "num_layers": 2,
        "dropout": 0.3718718077221023,
        "learning_rate": 0.00010148282240602772,
        "batch_size": 8,
        "weight_decay": 0.0067130940455100326
    },
    "transformer": {
        "d_model": 21,
        "num_layers": 1,
        "dropout": 0.45255432899352055,
        "learning_rate": 0.00011895385842902727,
        "batch_size": 8,
        "nhead": 2,
        "weight_decay": 0.000892819774207898
    }
}