{
    "svm": {
        "tol": 0.001,
        "probability": true,
        "kernel": "rbf",
        "gamma": 0.1,
        "class_weight": "balanced",
        "C": 0.1
    },
    "logistic_regression": {
        "tol": 0.1,
        "solver": "lbfgs",
        "random_state": 42,
        "max_iter": 2000,
        "class_weight": "balanced",
        "C": 0.01
    },
    "lstm": {
        "hidden_size": 18,
        "num_layers": 1,
        "dropout": 0.6472987053711564,
        "learning_rate": 0.00016686399986868143,
        "batch_size": 8,
        "weight_decay": 0.009362116307849716
    },
    "transformer": {
        "d_model": 20,
        "num_layers": 2,
        "dropout": 0.5233061727668546,
        "learning_rate": 0.000150344614642317,
        "batch_size": 4,
        "nhead": 2,
        "weight_decay": 0.0011265744644062628
    }
}