{
    "svm": {
        "tol": 0.001,
        "probability": true,
        "kernel": "rbf",
        "gamma": 0.1,
        "class_weight": "balanced",
        "C": 0.1
    },
    "logistic_regression": {
        "tol": 0.1,
        "solver": "sag",
        "random_state": 42,
        "max_iter": 2000,
        "class_weight": "balanced",
        "C": 0.1
    },
    "lstm": {
        "hidden_size": 16,
        "num_layers": 1,
        "dropout": 0.5965451874037881,
        "learning_rate": 0.0001828551397296072,
        "batch_size": 8,
        "weight_decay": 0.0011132437029267115
    },
    "transformer": {
        "d_model": 16,
        "num_layers": 2,
        "dropout": 0.6266423502650824,
        "learning_rate": 0.0005858906659984538,
        "batch_size": 8,
        "nhead": 2,
        "weight_decay": 0.004365225538358267
    }
}