{
    "svm": {
        "tol": 0.001,
        "probability": true,
        "kernel": "linear",
        "gamma": 0.0001,
        "class_weight": "balanced",
        "C": 0.1
    },
    "logistic_regression": {
        "tol": 0.01,
        "solver": "lbfgs",
        "random_state": 42,
        "max_iter": 2000,
        "class_weight": "balanced",
        "C": 0.1
    },
    "lstm": {
        "hidden_size": 24,
        "num_layers": 1,
        "dropout": 0.4509402013898598,
        "learning_rate": 0.0003940490708381355,
        "batch_size": 8,
        "weight_decay": 0.0008424734135039867
    },
    "transformer": {
        "d_model": 11,
        "num_layers": 2,
        "dropout": 0.6308252370586169,
        "learning_rate": 0.0002690398141904268,
        "batch_size": 8,
        "nhead": 2,
        "weight_decay": 0.011024770638390375
    }
}