{
    "svm": {
        "tol": 0.001,
        "probability": true,
        "kernel": "linear",
        "gamma": 0.0001,
        "class_weight": "balanced",
        "C": 0.1
    },
    "logistic_regression": {
        "tol": 0.001,
        "solver": "newton-cg",
        "random_state": 42,
        "max_iter": 2000,
        "class_weight": "balanced",
        "C": 0.1
    },
    "lstm": {
        "hidden_size": 9,
        "num_layers": 1,
        "dropout": 0.5601879773840571,
        "learning_rate": 0.0005684933329964156,
        "batch_size": 4,
        "weight_decay": 0.00457475741993385
    },
    "transformer": {
        "d_model": 12,
        "num_layers": 1,
        "dropout": 0.44591222862728414,
        "learning_rate": 0.0003492461588986134,
        "batch_size": 4,
        "nhead": 2,
        "weight_decay": 0.0002644806673258626
    }
}