{
    "svm": {
        "tol": 0.001,
        "probability": true,
        "kernel": "linear",
        "gamma": 0.0001,
        "class_weight": "balanced",
        "C": 0.1
    },
    "logistic_regression": {
        "tol": 1.0,
        "solver": "sag",
        "random_state": 42,
        "max_iter": 2000,
        "class_weight": "balanced",
        "C": 0.1
    },
    "lstm": {
        "hidden_size": 8,
        "num_layers": 1,
        "dropout": 0.595205476495433,
        "learning_rate": 0.00023437215777870335,
        "batch_size": 4,
        "weight_decay": 0.008665244118585925
    },
    "transformer": {
        "d_model": 18,
        "num_layers": 1,
        "dropout": 0.3106390601635591,
        "learning_rate": 0.0002550970789929063,
        "batch_size": 8,
        "nhead": 2,
        "weight_decay": 0.012022627168276448
    }
}