{
    "svm": {
        "tol": 0.001,
        "probability": true,
        "kernel": "rbf",
        "gamma": 0.1,
        "class_weight": "balanced",
        "C": 0.1
    },
    "logistic_regression": {
        "tol": 0.1,
        "solver": "lbfgs",
        "random_state": 42,
        "max_iter": 2000,
        "class_weight": "balanced",
        "C": 0.01
    },
    "lstm": {
        "hidden_size": 8,
        "num_layers": 1,
        "dropout": 0.5597930976705572,
        "learning_rate": 0.0001290957246139607,
        "batch_size": 4,
        "weight_decay": 0.09767994121509321
    },
    "transformer": {
        "d_model": 15,
        "num_layers": 2,
        "dropout": 0.6103014311423945,
        "learning_rate": 0.00044773317409943454,
        "batch_size": 8,
        "nhead": 2,
        "weight_decay": 0.0012510555694984291
    }
}