{
    "svm": {
        "tol": 0.001,
        "probability": true,
        "kernel": "rbf",
        "gamma": 0.1,
        "class_weight": "balanced",
        "C": 0.1
    },
    "logistic_regression": {
        "tol": 0.001,
        "solver": "newton-cg",
        "random_state": 42,
        "max_iter": 2000,
        "class_weight": "balanced",
        "C": 0.1
    },
    "lstm": {
        "hidden_size": 9,
        "num_layers": 1,
        "dropout": 0.5996408760549928,
        "learning_rate": 0.00018917607892477312,
        "batch_size": 8,
        "weight_decay": 0.00026563582712185306
    },
    "transformer": {
        "d_model": 18,
        "num_layers": 1,
        "dropout": 0.3343163124641903,
        "learning_rate": 0.00018235488267606367,
        "batch_size": 8,
        "nhead": 2,
        "weight_decay": 0.04570596166269534
    }
}