{
    "svm": {
        "tol": 0.001,
        "probability": true,
        "kernel": "rbf",
        "gamma": 0.1,
        "class_weight": "balanced",
        "C": 0.1
    },
    "logistic_regression": {
        "tol": 0.1,
        "solver": "sag",
        "random_state": 42,
        "max_iter": 2000,
        "class_weight": "balanced",
        "C": 0.1
    },
    "lstm": {
        "hidden_size": 16,
        "num_layers": 1,
        "dropout": 0.49419447208057027,
        "learning_rate": 0.00032134147069491317,
        "batch_size": 4,
        "weight_decay": 0.00018817983626573146
    },
    "transformer": {
        "d_model": 21,
        "num_layers": 1,
        "dropout": 0.6471115238924616,
        "learning_rate": 0.0005864537242624988,
        "batch_size": 4,
        "nhead": 2,
        "weight_decay": 0.002365638941173911
    }
}