{
    "svm": {
        "tol": 0.001,
        "probability": true,
        "kernel": "rbf",
        "gamma": 0.1,
        "class_weight": "balanced",
        "C": 0.1
    },
    "logistic_regression": {
        "tol": 0.001,
        "solver": "newton-cg",
        "random_state": 42,
        "max_iter": 2000,
        "class_weight": "balanced",
        "C": 0.01
    },
    "lstm": {
        "hidden_size": 8,
        "num_layers": 2,
        "dropout": 0.6870197334612391,
        "learning_rate": 0.00010158941494853837,
        "batch_size": 8,
        "weight_decay": 0.07097849249669391
    },
    "transformer": {
        "d_model": 13,
        "num_layers": 1,
        "dropout": 0.6933934127968227,
        "learning_rate": 0.00010397957304617936,
        "batch_size": 4,
        "nhead": 2,
        "weight_decay": 0.009005727757937258
    }
}