{
    "svm": {
        "tol": 0.001,
        "probability": true,
        "kernel": "linear",
        "gamma": 0.0001,
        "class_weight": "balanced",
        "C": 0.001
    },
    "logistic_regression": {
        "tol": 0.1,
        "solver": "newton-cg",
        "random_state": 42,
        "max_iter": 2000,
        "class_weight": "balanced",
        "C": 0.1
    },
    "lstm": {
        "hidden_size": 24,
        "num_layers": 2,
        "dropout": 0.5666191237374106,
        "learning_rate": 0.0007897811471612803,
        "batch_size": 4,
        "weight_decay": 0.011285633371211709
    },
    "transformer": {
        "d_model": 22,
        "num_layers": 2,
        "dropout": 0.5178487572637642,
        "learning_rate": 0.0006310619028534686,
        "batch_size": 4,
        "nhead": 2,
        "weight_decay": 0.000160763292084304
    }
}