{
    "svm": {
        "tol": 0.001,
        "probability": true,
        "kernel": "linear",
        "gamma": 0.0001,
        "class_weight": "balanced",
        "C": 0.1
    },
    "logistic_regression": {
        "tol": 0.1,
        "solver": "sag",
        "random_state": 42,
        "max_iter": 2000,
        "class_weight": "balanced",
        "C": 0.1
    },
    "lstm": {
        "hidden_size": 8,
        "num_layers": 2,
        "dropout": 0.6611048883934006,
        "learning_rate": 0.0006368413047744761,
        "batch_size": 8,
        "weight_decay": 0.0005019682317477849
    },
    "transformer": {
        "d_model": 21,
        "num_layers": 2,
        "dropout": 0.4397526876609537,
        "learning_rate": 0.0001111636061407256,
        "batch_size": 8,
        "nhead": 2,
        "weight_decay": 0.0006313000351390294
    }
}