{
    "svm": {
        "tol": 0.001,
        "probability": true,
        "kernel": "linear",
        "gamma": 0.0001,
        "class_weight": "balanced",
        "C": 0.01
    },
    "logistic_regression": {
        "tol": 1.0,
        "solver": "saga",
        "random_state": 42,
        "max_iter": 2000,
        "class_weight": "balanced",
        "C": 0.001
    },
    "lstm": {
        "hidden_size": 11,
        "num_layers": 1,
        "dropout": 0.4782873064828112,
        "learning_rate": 0.0001224756619404714,
        "batch_size": 4,
        "weight_decay": 0.0004429096400032401
    },
    "transformer": {
        "d_model": 9,
        "num_layers": 1,
        "dropout": 0.6681752498882605,
        "learning_rate": 0.00018142439890061712,
        "batch_size": 4,
        "nhead": 2,
        "weight_decay": 0.09595849854936811
    }
}