{
    "svm": {
        "tol": 0.001,
        "probability": true,
        "kernel": "rbf",
        "gamma": 0.1,
        "class_weight": "balanced",
        "C": 0.1
    },
    "logistic_regression": {
        "tol": 0.001,
        "solver": "newton-cg",
        "random_state": 42,
        "max_iter": 2000,
        "class_weight": "balanced",
        "C": 0.1
    },
    "lstm": {
        "hidden_size": 13,
        "num_layers": 2,
        "dropout": 0.6114687216097843,
        "learning_rate": 0.00010205763047602919,
        "batch_size": 4,
        "weight_decay": 0.055717950592065746
    },
    "transformer": {
        "d_model": 10,
        "num_layers": 1,
        "dropout": 0.6637451421869388,
        "learning_rate": 0.00017916911512819703,
        "batch_size": 4,
        "nhead": 2,
        "weight_decay": 0.04298886892992067
    }
}