{
    "svm": {
        "tol": 0.1,
        "probability": true,
        "kernel": "linear",
        "gamma": 0.0001,
        "class_weight": "balanced",
        "C": 0.1
    },
    "logistic_regression": {
        "tol": 1.0,
        "solver": "sag",
        "random_state": 42,
        "max_iter": 2000,
        "class_weight": "balanced",
        "C": 0.1
    },
    "lstm": {
        "hidden_size": 9,
        "num_layers": 1,
        "dropout": 0.6215631481729496,
        "learning_rate": 0.0002204795629054839,
        "batch_size": 8,
        "weight_decay": 0.0011535333230446993
    },
    "transformer": {
        "d_model": 19,
        "num_layers": 2,
        "dropout": 0.5900622572103795,
        "learning_rate": 0.00021523161045987704,
        "batch_size": 4,
        "nhead": 2,
        "weight_decay": 0.007287842666460606
    }
}