{
    "svm": {
        "tol": 0.001,
        "probability": true,
        "kernel": "linear",
        "gamma": 0.0001,
        "class_weight": "balanced",
        "C": 0.01
    },
    "logistic_regression": {
        "tol": 0.1,
        "solver": "newton-cg",
        "random_state": 42,
        "max_iter": 2000,
        "class_weight": "balanced",
        "C": 0.1
    },
    "lstm": {
        "hidden_size": 15,
        "num_layers": 1,
        "dropout": 0.4830737992645598,
        "learning_rate": 0.00033131395785279634,
        "batch_size": 8,
        "weight_decay": 0.001034120936337505
    },
    "transformer": {
        "d_model": 13,
        "num_layers": 1,
        "dropout": 0.6170956243118533,
        "learning_rate": 0.0004998787036313854,
        "batch_size": 4,
        "nhead": 2,
        "weight_decay": 0.038875013407805276
    }
}