{
    "svm": {
        "tol": 0.001,
        "probability": true,
        "kernel": "linear",
        "gamma": 0.0001,
        "class_weight": "balanced",
        "C": 0.1
    },
    "logistic_regression": {
        "tol": 0.001,
        "solver": "newton-cg",
        "random_state": 42,
        "max_iter": 2000,
        "class_weight": "balanced",
        "C": 0.1
    },
    "lstm": {
        "hidden_size": 18,
        "num_layers": 1,
        "dropout": 0.5558393455944155,
        "learning_rate": 0.00028795501958854054,
        "batch_size": 4,
        "weight_decay": 0.03137839732144947
    },
    "transformer": {
        "d_model": 18,
        "num_layers": 1,
        "dropout": 0.46395552188429806,
        "learning_rate": 0.000807742014929453,
        "batch_size": 4,
        "nhead": 2,
        "weight_decay": 0.004652643966472063
    }
}