{
    "svm": {
        "tol": 0.001,
        "probability": true,
        "kernel": "rbf",
        "gamma": 0.1,
        "class_weight": "balanced",
        "C": 0.1
    },
    "logistic_regression": {
        "tol": 0.1,
        "solver": "sag",
        "random_state": 42,
        "max_iter": 2000,
        "class_weight": "balanced",
        "C": 0.1
    },
    "lstm": {
        "hidden_size": 11,
        "num_layers": 1,
        "dropout": 0.4148495934108056,
        "learning_rate": 0.00010423549737703292,
        "batch_size": 8,
        "weight_decay": 0.000594383526230969
    },
    "transformer": {
        "d_model": 22,
        "num_layers": 2,
        "dropout": 0.5030845645460095,
        "learning_rate": 0.00015892492412984368,
        "batch_size": 8,
        "nhead": 2,
        "weight_decay": 0.00010543597248533394
    }
}