{
    "svm": {
        "tol": 0.001,
        "probability": true,
        "kernel": "linear",
        "gamma": 0.0001,
        "class_weight": "balanced",
        "C": 0.01
    },
    "logistic_regression": {
        "tol": 0.01,
        "solver": "newton-cg",
        "random_state": 42,
        "max_iter": 2000,
        "class_weight": "balanced",
        "C": 0.1
    },
    "lstm": {
        "hidden_size": 14,
        "num_layers": 2,
        "dropout": 0.4575236371150627,
        "learning_rate": 0.0004201364187386099,
        "batch_size": 8,
        "weight_decay": 0.036492849070990374
    },
    "transformer": {
        "d_model": 24,
        "num_layers": 1,
        "dropout": 0.4738926038155944,
        "learning_rate": 0.00011721293328908289,
        "batch_size": 4,
        "nhead": 2,
        "weight_decay": 0.014481279533008118
    }
}