{
    "svm": {
        "tol": 0.001,
        "probability": true,
        "kernel": "rbf",
        "gamma": 0.1,
        "class_weight": "balanced",
        "C": 0.1
    },
    "logistic_regression": {
        "tol": 1.0,
        "solver": "newton-cg",
        "random_state": 42,
        "max_iter": 2000,
        "class_weight": "balanced",
        "C": 0.001
    },
    "lstm": {
        "hidden_size": 9,
        "num_layers": 1,
        "dropout": 0.5581106991386524,
        "learning_rate": 0.00012958492889546716,
        "batch_size": 8,
        "weight_decay": 0.0029465024546268775
    },
    "transformer": {
        "d_model": 8,
        "num_layers": 2,
        "dropout": 0.6787584848863845,
        "learning_rate": 0.00010403502375328867,
        "batch_size": 8,
        "nhead": 2,
        "weight_decay": 0.0970259291082577
    }
}