{
    "svm": {
        "tol": 0.001,
        "probability": true,
        "kernel": "linear",
        "gamma": 0.0001,
        "class_weight": "balanced",
        "C": 0.1
    },
    "logistic_regression": {
        "tol": 0.001,
        "solver": "newton-cg",
        "random_state": 42,
        "max_iter": 2000,
        "class_weight": "balanced",
        "C": 0.1
    },
    "lstm": {
        "hidden_size": 16,
        "num_layers": 1,
        "dropout": 0.5877849234209263,
        "learning_rate": 0.00017427991051558998,
        "batch_size": 4,
        "weight_decay": 0.0677787457498562
    },
    "transformer": {
        "d_model": 23,
        "num_layers": 2,
        "dropout": 0.3746271118580037,
        "learning_rate": 0.0002343718085153178,
        "batch_size": 4,
        "nhead": 2,
        "weight_decay": 0.008245260784863912
    }
}