{
    "svm": {
        "tol": 0.001,
        "probability": true,
        "kernel": "rbf",
        "gamma": 0.1,
        "class_weight": "balanced",
        "C": 0.1
    },
    "logistic_regression": {
        "tol": 0.1,
        "solver": "newton-cg",
        "random_state": 42,
        "max_iter": 2000,
        "class_weight": "balanced",
        "C": 0.001
    },
    "lstm": {
        "hidden_size": 21,
        "num_layers": 1,
        "dropout": 0.5339801564231171,
        "learning_rate": 0.0007094994523076537,
        "batch_size": 4,
        "weight_decay": 0.00032327176517136255
    },
    "transformer": {
        "d_model": 8,
        "num_layers": 1,
        "dropout": 0.4133353897460741,
        "learning_rate": 0.00033727804629965513,
        "batch_size": 4,
        "nhead": 2,
        "weight_decay": 0.09340033927865136
    }
}