{
    "svm": {
        "tol": 0.001,
        "probability": true,
        "kernel": "linear",
        "gamma": 0.0001,
        "class_weight": "balanced",
        "C": 0.001
    },
    "logistic_regression": {
        "tol": 1.0,
        "solver": "sag",
        "random_state": 42,
        "max_iter": 2000,
        "class_weight": "balanced",
        "C": 0.1
    },
    "lstm": {
        "hidden_size": 24,
        "num_layers": 2,
        "dropout": 0.6947317196214443,
        "learning_rate": 0.0009998582586952089,
        "batch_size": 4,
        "weight_decay": 0.0014056446689299958
    },
    "transformer": {
        "d_model": 22,
        "num_layers": 1,
        "dropout": 0.4454929266446687,
        "learning_rate": 0.0007521623054850059,
        "batch_size": 4,
        "nhead": 2,
        "weight_decay": 0.007042692792984362
    }
}