{
    "svm": {
        "tol": 0.001,
        "probability": true,
        "kernel": "rbf",
        "gamma": 0.0001,
        "class_weight": "balanced",
        "C": 0.01
    },
    "logistic_regression": {
        "tol": 1.0,
        "solver": "newton-cg",
        "random_state": 42,
        "max_iter": 2000,
        "class_weight": "balanced",
        "C": 0.001
    },
    "lstm": {
        "hidden_size": 23,
        "num_layers": 1,
        "dropout": 0.520437642255711,
        "learning_rate": 0.00010340026940598773,
        "batch_size": 8,
        "weight_decay": 0.020890966828863572
    },
    "transformer": {
        "d_model": 12,
        "num_layers": 1,
        "dropout": 0.6447280090959575,
        "learning_rate": 0.0001407184597339895,
        "batch_size": 8,
        "nhead": 2,
        "weight_decay": 0.0012751994142380465
    }
}