{
    "svm": {
        "tol": 0.001,
        "probability": true,
        "kernel": "linear",
        "gamma": 0.0001,
        "class_weight": "balanced",
        "C": 0.1
    },
    "logistic_regression": {
        "tol": 1.0,
        "solver": "sag",
        "random_state": 42,
        "max_iter": 2000,
        "class_weight": "balanced",
        "C": 0.1
    },
    "lstm": {
        "hidden_size": 13,
        "num_layers": 1,
        "dropout": 0.49718226562850487,
        "learning_rate": 0.00018006954390884257,
        "batch_size": 8,
        "weight_decay": 0.00010155776741120975
    },
    "transformer": {
        "d_model": 10,
        "num_layers": 2,
        "dropout": 0.47089968503061885,
        "learning_rate": 0.000322889577610347,
        "batch_size": 8,
        "nhead": 2,
        "weight_decay": 0.0012409030404397763
    }
}