{
    "svm": {
        "tol": 0.001,
        "probability": true,
        "kernel": "linear",
        "gamma": 0.0001,
        "class_weight": "balanced",
        "C": 0.01
    },
    "logistic_regression": {
        "tol": 0.1,
        "solver": "newton-cg",
        "random_state": 42,
        "max_iter": 2000,
        "class_weight": "balanced",
        "C": 0.1
    },
    "lstm": {
        "hidden_size": 22,
        "num_layers": 2,
        "dropout": 0.4313386293417272,
        "learning_rate": 0.00011597183387229648,
        "batch_size": 8,
        "weight_decay": 0.0009252011221636534
    },
    "transformer": {
        "d_model": 20,
        "num_layers": 1,
        "dropout": 0.6463986174362741,
        "learning_rate": 0.000855858719550435,
        "batch_size": 8,
        "nhead": 2,
        "weight_decay": 0.003239201272929551
    }
}