{
    "svm": {
        "tol": 0.001,
        "probability": true,
        "kernel": "rbf",
        "gamma": 0.1,
        "class_weight": "balanced",
        "C": 0.1
    },
    "logistic_regression": {
        "tol": 0.1,
        "solver": "newton-cg",
        "random_state": 42,
        "max_iter": 2000,
        "class_weight": "balanced",
        "C": 0.1
    },
    "lstm": {
        "hidden_size": 23,
        "num_layers": 1,
        "dropout": 0.681596982051932,
        "learning_rate": 0.0001026680290210953,
        "batch_size": 8,
        "weight_decay": 0.001130743750777736
    },
    "transformer": {
        "d_model": 17,
        "num_layers": 1,
        "dropout": 0.6737409053887402,
        "learning_rate": 0.00014010404434670144,
        "batch_size": 8,
        "nhead": 2,
        "weight_decay": 0.00010224856683746928
    }
}