{
    "svm": {
        "tol": 0.001,
        "probability": true,
        "kernel": "linear",
        "gamma": 0.0001,
        "class_weight": "balanced",
        "C": 0.01
    },
    "logistic_regression": {
        "tol": 1.0,
        "solver": "saga",
        "random_state": 42,
        "max_iter": 2000,
        "class_weight": "balanced",
        "C": 0.01
    },
    "lstm": {
        "hidden_size": 16,
        "num_layers": 1,
        "dropout": 0.5538072986282322,
        "learning_rate": 0.00015650688841768246,
        "batch_size": 8,
        "weight_decay": 0.08571872366924943
    },
    "transformer": {
        "d_model": 19,
        "num_layers": 1,
        "dropout": 0.3417474489776636,
        "learning_rate": 0.00016977808928613828,
        "batch_size": 8,
        "nhead": 2,
        "weight_decay": 0.0006814623180030962
    }
}