{
    "svm": {
        "tol": 0.001,
        "probability": true,
        "kernel": "linear",
        "gamma": 0.0001,
        "class_weight": "balanced",
        "C": 0.1
    },
    "logistic_regression": {
        "tol": 0.001,
        "solver": "newton-cg",
        "random_state": 42,
        "max_iter": 2000,
        "class_weight": "balanced",
        "C": 0.1
    },
    "lstm": {
        "hidden_size": 11,
        "num_layers": 1,
        "dropout": 0.5041104921148429,
        "learning_rate": 0.0002081701940158956,
        "batch_size": 8,
        "weight_decay": 0.005080732576732075
    },
    "transformer": {
        "d_model": 12,
        "num_layers": 1,
        "dropout": 0.6930093706160929,
        "learning_rate": 0.00014426805260059542,
        "batch_size": 4,
        "nhead": 2,
        "weight_decay": 0.00027504562230289223
    }
}