{
    "svm": {
        "tol": 0.001,
        "probability": true,
        "kernel": "linear",
        "gamma": 0.0001,
        "class_weight": "balanced",
        "C": 0.1
    },
    "logistic_regression": {
        "tol": 1.0,
        "solver": "sag",
        "random_state": 42,
        "max_iter": 2000,
        "class_weight": "balanced",
        "C": 0.1
    },
    "lstm": {
        "hidden_size": 16,
        "num_layers": 1,
        "dropout": 0.529241034937467,
        "learning_rate": 0.00027461731716219544,
        "batch_size": 8,
        "weight_decay": 0.004924764370855172
    },
    "transformer": {
        "d_model": 23,
        "num_layers": 2,
        "dropout": 0.529455438760747,
        "learning_rate": 0.00028565192585782817,
        "batch_size": 8,
        "nhead": 2,
        "weight_decay": 0.035935471304446166
    }
}