{
    "svm": {
        "tol": 0.1,
        "probability": true,
        "kernel": "linear",
        "gamma": 0.0001,
        "class_weight": "balanced",
        "C": 0.1
    },
    "logistic_regression": {
        "tol": 0.001,
        "solver": "newton-cg",
        "random_state": 42,
        "max_iter": 2000,
        "class_weight": "balanced",
        "C": 0.1
    },
    "lstm": {
        "hidden_size": 8,
        "num_layers": 1,
        "dropout": 0.38948683153416475,
        "learning_rate": 0.0009926996976243737,
        "batch_size": 4,
        "weight_decay": 0.0005023518603785263
    },
    "transformer": {
        "d_model": 17,
        "num_layers": 2,
        "dropout": 0.3501443334666388,
        "learning_rate": 0.0007404329058252105,
        "batch_size": 8,
        "nhead": 2,
        "weight_decay": 0.054946806235150365
    }
}