{
    "svm": {
        "tol": 0.001,
        "probability": true,
        "kernel": "rbf",
        "gamma": 0.1,
        "class_weight": "balanced",
        "C": 0.1
    },
    "logistic_regression": {
        "tol": 0.01,
        "solver": "lbfgs",
        "random_state": 42,
        "max_iter": 2000,
        "class_weight": "balanced",
        "C": 0.1
    },
    "lstm": {
        "hidden_size": 14,
        "num_layers": 2,
        "dropout": 0.5587674427121988,
        "learning_rate": 0.00010132033366010809,
        "batch_size": 4,
        "weight_decay": 0.028583750678049018
    },
    "transformer": {
        "d_model": 9,
        "num_layers": 2,
        "dropout": 0.5904131183501148,
        "learning_rate": 0.00018829814329942158,
        "batch_size": 4,
        "nhead": 2,
        "weight_decay": 0.002399336288728381
    }
}