{
    "svm": {
        "tol": 0.001,
        "probability": true,
        "kernel": "linear",
        "gamma": 0.0001,
        "class_weight": "balanced",
        "C": 0.1
    },
    "logistic_regression": {
        "tol": 0.001,
        "solver": "newton-cg",
        "random_state": 42,
        "max_iter": 2000,
        "class_weight": "balanced",
        "C": 0.1
    },
    "lstm": {
        "hidden_size": 8,
        "num_layers": 2,
        "dropout": 0.37318135280785164,
        "learning_rate": 0.00015553127305440093,
        "batch_size": 8,
        "weight_decay": 0.002115094373320216
    },
    "transformer": {
        "d_model": 13,
        "num_layers": 1,
        "dropout": 0.4782494259614271,
        "learning_rate": 0.0004942500562674431,
        "batch_size": 8,
        "nhead": 2,
        "weight_decay": 0.03030646325989561
    }
}