{
    "svm": {
        "tol": 0.1,
        "probability": true,
        "kernel": "linear",
        "gamma": 0.0001,
        "class_weight": "balanced",
        "C": 0.1
    },
    "logistic_regression": {
        "tol": 0.01,
        "solver": "newton-cg",
        "random_state": 42,
        "max_iter": 2000,
        "class_weight": "balanced",
        "C": 0.01
    },
    "lstm": {
        "hidden_size": 15,
        "num_layers": 1,
        "dropout": 0.3156309215919504,
        "learning_rate": 0.00046289516505973254,
        "batch_size": 4,
        "weight_decay": 0.0019587674773112844
    },
    "transformer": {
        "d_model": 21,
        "num_layers": 2,
        "dropout": 0.30009049851290853,
        "learning_rate": 0.0002952546655443122,
        "batch_size": 8,
        "nhead": 2,
        "weight_decay": 0.0065619464999610196
    }
}