{
    "svm": {
        "tol": 0.001,
        "probability": true,
        "kernel": "linear",
        "gamma": 0.0001,
        "class_weight": "balanced",
        "C": 0.1
    },
    "logistic_regression": {
        "tol": 1.0,
        "solver": "sag",
        "random_state": 42,
        "max_iter": 2000,
        "class_weight": "balanced",
        "C": 0.1
    },
    "lstm": {
        "hidden_size": 12,
        "num_layers": 1,
        "dropout": 0.6314969215796492,
        "learning_rate": 0.0003431715897050277,
        "batch_size": 4,
        "weight_decay": 0.041797356449401565
    },
    "transformer": {
        "d_model": 22,
        "num_layers": 2,
        "dropout": 0.5145681528429781,
        "learning_rate": 0.00025589631266590904,
        "batch_size": 4,
        "nhead": 2,
        "weight_decay": 0.0005450273378735899
    }
}