{
    "svm": {
        "tol": 0.1,
        "probability": true,
        "kernel": "rbf",
        "gamma": 0.01,
        "class_weight": "balanced",
        "C": 0.1
    },
    "logistic_regression": {
        "tol": 1.0,
        "solver": "sag",
        "random_state": 42,
        "max_iter": 2000,
        "class_weight": "balanced",
        "C": 0.01
    },
    "lstm": {
        "hidden_size": 8,
        "num_layers": 1,
        "dropout": 0.6705477443491187,
        "learning_rate": 0.0005987869136391858,
        "batch_size": 8,
        "weight_decay": 0.04287724910398637
    },
    "transformer": {
        "d_model": 23,
        "num_layers": 1,
        "dropout": 0.5282467061145116,
        "learning_rate": 0.0004989098703166162,
        "batch_size": 4,
        "nhead": 2,
        "weight_decay": 0.00011149210598899331
    }
}