{
    "svm": {
        "tol": 0.001,
        "probability": true,
        "kernel": "rbf",
        "gamma": 0.1,
        "class_weight": "balanced",
        "C": 0.1
    },
    "logistic_regression": {
        "tol": 0.1,
        "solver": "sag",
        "random_state": 42,
        "max_iter": 2000,
        "class_weight": "balanced",
        "C": 0.1
    },
    "lstm": {
        "hidden_size": 15,
        "num_layers": 2,
        "dropout": 0.5949913436139748,
        "learning_rate": 0.00016195143086156037,
        "batch_size": 4,
        "weight_decay": 0.025164167729711254
    },
    "transformer": {
        "d_model": 17,
        "num_layers": 1,
        "dropout": 0.36089841546630874,
        "learning_rate": 0.00017634423958361544,
        "batch_size": 8,
        "nhead": 2,
        "weight_decay": 0.016282984955944227
    }
}