{
    "svm": {
        "tol": 0.001,
        "probability": true,
        "kernel": "linear",
        "gamma": 0.0001,
        "class_weight": "balanced",
        "C": 0.1
    },
    "logistic_regression": {
        "tol": 0.001,
        "solver": "newton-cg",
        "random_state": 42,
        "max_iter": 2000,
        "class_weight": "balanced",
        "C": 0.1
    },
    "lstm": {
        "hidden_size": 20,
        "num_layers": 1,
        "dropout": 0.6943290118387102,
        "learning_rate": 0.0001672476306076567,
        "batch_size": 8,
        "weight_decay": 0.0010586103076187581
    },
    "transformer": {
        "d_model": 10,
        "num_layers": 1,
        "dropout": 0.6594544130310396,
        "learning_rate": 0.00010012611228330315,
        "batch_size": 8,
        "nhead": 2,
        "weight_decay": 0.00029297945071041524
    }
}