{
    "svm": {
        "tol": 0.001,
        "probability": true,
        "kernel": "linear",
        "gamma": 0.0001,
        "class_weight": "balanced",
        "C": 0.1
    },
    "logistic_regression": {
        "tol": 0.001,
        "solver": "newton-cg",
        "random_state": 42,
        "max_iter": 2000,
        "class_weight": "balanced",
        "C": 0.1
    },
    "lstm": {
        "hidden_size": 9,
        "num_layers": 1,
        "dropout": 0.5855795063378102,
        "learning_rate": 0.00018317028155367032,
        "batch_size": 4,
        "weight_decay": 0.05621313497811947
    },
    "transformer": {
        "d_model": 19,
        "num_layers": 1,
        "dropout": 0.5932179587341513,
        "learning_rate": 0.00013545141466083017,
        "batch_size": 8,
        "nhead": 2,
        "weight_decay": 0.0007163413457815867
    }
}