{
    "svm": {
        "tol": 0.001,
        "probability": true,
        "kernel": "linear",
        "gamma": 0.0001,
        "class_weight": "balanced",
        "C": 0.1
    },
    "logistic_regression": {
        "tol": 0.1,
        "solver": "lbfgs",
        "random_state": 42,
        "max_iter": 2000,
        "class_weight": "balanced",
        "C": 0.1
    },
    "lstm": {
        "hidden_size": 13,
        "num_layers": 1,
        "dropout": 0.4196570284994343,
        "learning_rate": 0.0002250087866271496,
        "batch_size": 8,
        "weight_decay": 0.00048344704846500417
    },
    "transformer": {
        "d_model": 20,
        "num_layers": 2,
        "dropout": 0.5282372892393044,
        "learning_rate": 0.0005339042361913491,
        "batch_size": 4,
        "nhead": 2,
        "weight_decay": 0.0002677650880985427
    }
}