{
    "svm": {
        "tol": 0.001,
        "probability": true,
        "kernel": "linear",
        "gamma": 0.0001,
        "class_weight": "balanced",
        "C": 0.1
    },
    "logistic_regression": {
        "tol": 0.001,
        "solver": "newton-cg",
        "random_state": 42,
        "max_iter": 2000,
        "class_weight": "balanced",
        "C": 0.1
    },
    "lstm": {
        "hidden_size": 15,
        "num_layers": 2,
        "dropout": 0.6192923208537873,
        "learning_rate": 0.00014007152492338126,
        "batch_size": 8,
        "weight_decay": 0.0006813803855121555
    },
    "transformer": {
        "d_model": 11,
        "num_layers": 1,
        "dropout": 0.5872317774314193,
        "learning_rate": 0.00013656672205973654,
        "batch_size": 8,
        "nhead": 2,
        "weight_decay": 0.05166939622704066
    }
}