{
    "svm": {
        "tol": 0.001,
        "probability": true,
        "kernel": "rbf",
        "gamma": 0.1,
        "class_weight": "balanced",
        "C": 0.01
    },
    "logistic_regression": {
        "tol": 1.0,
        "solver": "saga",
        "random_state": 42,
        "max_iter": 2000,
        "class_weight": "balanced",
        "C": 0.01
    },
    "lstm": {
        "hidden_size": 8,
        "num_layers": 1,
        "dropout": 0.6406535999675904,
        "learning_rate": 0.0001144450614250457,
        "batch_size": 4,
        "weight_decay": 0.003257449261030015
    },
    "transformer": {
        "d_model": 24,
        "num_layers": 2,
        "dropout": 0.671963771049578,
        "learning_rate": 0.00015339239967756204,
        "batch_size": 8,
        "nhead": 2,
        "weight_decay": 0.002765470326772292
    }
}