{
    "svm": {
        "tol": 0.01,
        "probability": true,
        "kernel": "linear",
        "gamma": 0.0001,
        "class_weight": "balanced",
        "C": 0.01
    },
    "logistic_regression": {
        "tol": 0.001,
        "solver": "newton-cg",
        "random_state": 42,
        "max_iter": 2000,
        "class_weight": "balanced",
        "C": 0.01
    },
    "lstm": {
        "hidden_size": 15,
        "num_layers": 2,
        "dropout": 0.5451824341761168,
        "learning_rate": 0.00012606384934233037,
        "batch_size": 8,
        "weight_decay": 0.01886400721371179
    },
    "transformer": {
        "d_model": 18,
        "num_layers": 2,
        "dropout": 0.5877493136189869,
        "learning_rate": 0.00019269005737904618,
        "batch_size": 8,
        "nhead": 2,
        "weight_decay": 0.039220349055628385
    }
}