{
    "svm": {
        "tol": 0.001,
        "probability": true,
        "kernel": "linear",
        "gamma": 0.0001,
        "class_weight": "balanced",
        "C": 0.01
    },
    "logistic_regression": {
        "tol": 1.0,
        "solver": "saga",
        "random_state": 42,
        "max_iter": 2000,
        "class_weight": "balanced",
        "C": 0.1
    },
    "lstm": {
        "hidden_size": 14,
        "num_layers": 1,
        "dropout": 0.6999232209112249,
        "learning_rate": 0.00020017349346984192,
        "batch_size": 4,
        "weight_decay": 0.0009348644062943157
    },
    "transformer": {
        "d_model": 9,
        "num_layers": 1,
        "dropout": 0.5145509359215455,
        "learning_rate": 0.0006308519615985167,
        "batch_size": 4,
        "nhead": 2,
        "weight_decay": 0.004984537068085457
    }
}