{
    "svm": {
        "tol": 0.001,
        "probability": true,
        "kernel": "linear",
        "gamma": 0.0001,
        "class_weight": "balanced",
        "C": 0.01
    },
    "logistic_regression": {
        "tol": 0.1,
        "solver": "sag",
        "random_state": 42,
        "max_iter": 2000,
        "class_weight": "balanced",
        "C": 0.001
    },
    "lstm": {
        "hidden_size": 11,
        "num_layers": 1,
        "dropout": 0.6817439144285106,
        "learning_rate": 0.00024359464295422534,
        "batch_size": 4,
        "weight_decay": 0.003646486915136304
    },
    "transformer": {
        "d_model": 17,
        "num_layers": 1,
        "dropout": 0.6916298045444028,
        "learning_rate": 0.00012452938477636394,
        "batch_size": 8,
        "nhead": 2,
        "weight_decay": 0.00025414012592939693
    }
}