{
    "svm": {
        "tol": 0.001,
        "probability": true,
        "kernel": "linear",
        "gamma": 0.0001,
        "class_weight": "balanced",
        "C": 0.1
    },
    "logistic_regression": {
        "tol": 0.1,
        "solver": "sag",
        "random_state": 42,
        "max_iter": 2000,
        "class_weight": "balanced",
        "C": 0.1
    },
    "lstm": {
        "hidden_size": 23,
        "num_layers": 1,
        "dropout": 0.5692761377918405,
        "learning_rate": 0.0007683719941378078,
        "batch_size": 4,
        "weight_decay": 0.004032966133313642
    },
    "transformer": {
        "d_model": 22,
        "num_layers": 2,
        "dropout": 0.3902693368511142,
        "learning_rate": 0.00010006411020200958,
        "batch_size": 8,
        "nhead": 2,
        "weight_decay": 0.00021585105025841226
    }
}