{
    "svm": {
        "tol": 0.001,
        "probability": true,
        "kernel": "linear",
        "gamma": 0.0001,
        "class_weight": "balanced",
        "C": 0.01
    },
    "logistic_regression": {
        "tol": 0.001,
        "solver": "newton-cg",
        "random_state": 42,
        "max_iter": 2000,
        "class_weight": "balanced",
        "C": 0.1
    },
    "lstm": {
        "hidden_size": 17,
        "num_layers": 2,
        "dropout": 0.5353888592973568,
        "learning_rate": 0.0005097169138943767,
        "batch_size": 4,
        "weight_decay": 0.0008999637108911112
    },
    "transformer": {
        "d_model": 18,
        "num_layers": 2,
        "dropout": 0.6643251685115036,
        "learning_rate": 0.0005190687394998325,
        "batch_size": 4,
        "nhead": 2,
        "weight_decay": 0.0012846596252800576
    }
}