{
    "svm": {
        "tol": 0.001,
        "probability": true,
        "kernel": "linear",
        "gamma": 0.0001,
        "class_weight": "balanced",
        "C": 0.001
    },
    "logistic_regression": {
        "tol": 0.1,
        "solver": "newton-cg",
        "random_state": 42,
        "max_iter": 2000,
        "class_weight": "balanced",
        "C": 0.001
    },
    "lstm": {
        "hidden_size": 18,
        "num_layers": 2,
        "dropout": 0.3497057145477133,
        "learning_rate": 0.0007004761371528178,
        "batch_size": 8,
        "weight_decay": 0.06324044383497661
    },
    "transformer": {
        "d_model": 24,
        "num_layers": 1,
        "dropout": 0.6134386374395694,
        "learning_rate": 0.0008664841754894626,
        "batch_size": 8,
        "nhead": 2,
        "weight_decay": 0.000713954891607829
    }
}