{
    "svm": {
        "tol": 0.001,
        "probability": true,
        "kernel": "linear",
        "gamma": 0.0001,
        "class_weight": "balanced",
        "C": 0.1
    },
    "logistic_regression": {
        "tol": 0.01,
        "solver": "newton-cg",
        "random_state": 42,
        "max_iter": 2000,
        "class_weight": "balanced",
        "C": 0.1
    },
    "lstm": {
        "hidden_size": 15,
        "num_layers": 1,
        "dropout": 0.40854725378546636,
        "learning_rate": 0.00011017529340047297,
        "batch_size": 8,
        "weight_decay": 0.0002633452992224132
    },
    "transformer": {
        "d_model": 24,
        "num_layers": 1,
        "dropout": 0.4034511935429188,
        "learning_rate": 0.0002450791511509658,
        "batch_size": 4,
        "nhead": 2,
        "weight_decay": 0.0006578463556395043
    }
}