{
    "svm": {
        "tol": 0.001,
        "probability": true,
        "kernel": "rbf",
        "gamma": 0.1,
        "class_weight": "balanced",
        "C": 1e-06
    },
    "logistic_regression": {
        "tol": 0.1,
        "solver": "sag",
        "random_state": 42,
        "max_iter": 2000,
        "class_weight": "balanced",
        "C": 0.1
    },
    "lstm": {
        "hidden_size": 15,
        "num_layers": 1,
        "dropout": 0.51356383594286,
        "learning_rate": 0.00034284896780197586,
        "batch_size": 8,
        "weight_decay": 0.0005668450973233097
    },
    "transformer": {
        "d_model": 9,
        "num_layers": 1,
        "dropout": 0.6153500827955777,
        "learning_rate": 0.00033097987783242824,
        "batch_size": 8,
        "nhead": 2,
        "weight_decay": 0.024457364019005647
    }
}