{
    "svm": {
        "tol": 0.001,
        "probability": true,
        "kernel": "linear",
        "gamma": 0.0001,
        "class_weight": "balanced",
        "C": 0.001
    },
    "logistic_regression": {
        "tol": 0.1,
        "solver": "lbfgs",
        "random_state": 42,
        "max_iter": 2000,
        "class_weight": "balanced",
        "C": 0.1
    },
    "lstm": {
        "hidden_size": 15,
        "num_layers": 1,
        "dropout": 0.5063835244518505,
        "learning_rate": 0.00011398284796608875,
        "batch_size": 8,
        "weight_decay": 0.0003898765502943991
    },
    "transformer": {
        "d_model": 18,
        "num_layers": 2,
        "dropout": 0.47859834403799334,
        "learning_rate": 0.00026180962074613386,
        "batch_size": 8,
        "nhead": 2,
        "weight_decay": 0.004249803305639446
    }
}