{
    "svm": {
        "tol": 0.001,
        "probability": true,
        "kernel": "rbf",
        "gamma": 0.1,
        "class_weight": "balanced",
        "C": 0.01
    },
    "logistic_regression": {
        "tol": 0.001,
        "solver": "newton-cg",
        "random_state": 42,
        "max_iter": 2000,
        "class_weight": "balanced",
        "C": 0.001
    },
    "lstm": {
        "hidden_size": 14,
        "num_layers": 2,
        "dropout": 0.4839052505121399,
        "learning_rate": 0.00010544111787362401,
        "batch_size": 4,
        "weight_decay": 0.011315484304559087
    },
    "transformer": {
        "d_model": 14,
        "num_layers": 2,
        "dropout": 0.5033445906143085,
        "learning_rate": 0.0005588801992727242,
        "batch_size": 8,
        "nhead": 2,
        "weight_decay": 0.0033970261894958956
    }
}