{
    "svm": {
        "tol": 0.001,
        "probability": true,
        "kernel": "linear",
        "gamma": 0.0001,
        "class_weight": "balanced",
        "C": 0.01
    },
    "logistic_regression": {
        "tol": 1.0,
        "solver": "sag",
        "random_state": 42,
        "max_iter": 2000,
        "class_weight": "balanced",
        "C": 0.1
    },
    "lstm": {
        "hidden_size": 12,
        "num_layers": 1,
        "dropout": 0.36608540863122585,
        "learning_rate": 0.00042631291862272474,
        "batch_size": 8,
        "weight_decay": 0.0005731406324623905
    },
    "transformer": {
        "d_model": 18,
        "num_layers": 2,
        "dropout": 0.40088311534221127,
        "learning_rate": 0.0003010649169354953,
        "batch_size": 4,
        "nhead": 2,
        "weight_decay": 0.012769568403509185
    }
}