{
    "svm": {
        "tol": 0.001,
        "probability": true,
        "kernel": "rbf",
        "gamma": 0.1,
        "class_weight": "balanced",
        "C": 0.1
    },
    "logistic_regression": {
        "tol": 0.001,
        "solver": "newton-cg",
        "random_state": 42,
        "max_iter": 2000,
        "class_weight": "balanced",
        "C": 0.1
    },
    "lstm": {
        "hidden_size": 16,
        "num_layers": 2,
        "dropout": 0.363661734997038,
        "learning_rate": 0.0009974988879475825,
        "batch_size": 4,
        "weight_decay": 0.002865873833115679
    },
    "transformer": {
        "d_model": 13,
        "num_layers": 1,
        "dropout": 0.4338616521709382,
        "learning_rate": 0.000610069252487379,
        "batch_size": 4,
        "nhead": 2,
        "weight_decay": 0.007792442168841059
    }
}