{
    "svm": {
        "tol": 0.001,
        "probability": true,
        "kernel": "rbf",
        "gamma": 0.001,
        "class_weight": "balanced",
        "C": 1e-06
    },
    "logistic_regression": {
        "tol": 0.1,
        "solver": "newton-cg",
        "random_state": 42,
        "max_iter": 2000,
        "class_weight": "balanced",
        "C": 0.001
    },
    "lstm": {
        "hidden_size": 24,
        "num_layers": 1,
        "dropout": 0.6849035598440735,
        "learning_rate": 0.000980861532846155,
        "batch_size": 4,
        "weight_decay": 0.00011691558833759517
    },
    "transformer": {
        "d_model": 21,
        "num_layers": 1,
        "dropout": 0.3553135314104138,
        "learning_rate": 0.0007509526627305138,
        "batch_size": 4,
        "nhead": 2,
        "weight_decay": 0.00010329343338245419
    }
}