{
    "svm": {
        "tol": 0.001,
        "probability": true,
        "kernel": "linear",
        "gamma": 0.0001,
        "class_weight": "balanced",
        "C": 0.1
    },
    "logistic_regression": {
        "tol": 1.0,
        "solver": "sag",
        "random_state": 42,
        "max_iter": 2000,
        "class_weight": "balanced",
        "C": 0.1
    },
    "lstm": {
        "hidden_size": 13,
        "num_layers": 2,
        "dropout": 0.6461025963286139,
        "learning_rate": 0.00010750613191871694,
        "batch_size": 8,
        "weight_decay": 0.020789250190478656
    },
    "transformer": {
        "d_model": 17,
        "num_layers": 1,
        "dropout": 0.6741993683395066,
        "learning_rate": 0.00012654557729164866,
        "batch_size": 4,
        "nhead": 2,
        "weight_decay": 0.0031961512261528286
    }
}