{
    "svm": {
        "tol": 0.001,
        "probability": true,
        "kernel": "rbf",
        "gamma": 0.1,
        "class_weight": "balanced",
        "C": 1e-05
    },
    "logistic_regression": {
        "tol": 1.0,
        "solver": "sag",
        "random_state": 42,
        "max_iter": 2000,
        "class_weight": "balanced",
        "C": 0.1
    },
    "lstm": {
        "hidden_size": 17,
        "num_layers": 1,
        "dropout": 0.3549674051397292,
        "learning_rate": 0.0002597274591062021,
        "batch_size": 8,
        "weight_decay": 0.0003006531145408097
    },
    "transformer": {
        "d_model": 23,
        "num_layers": 2,
        "dropout": 0.36796323921582175,
        "learning_rate": 0.0009346896281794622,
        "batch_size": 4,
        "nhead": 2,
        "weight_decay": 0.05518493300685916
    }
}