{
    "svm": {
        "tol": 0.001,
        "probability": true,
        "kernel": "rbf",
        "gamma": 0.1,
        "class_weight": "balanced",
        "C": 1e-06
    },
    "logistic_regression": {
        "tol": 1.0,
        "solver": "sag",
        "random_state": 42,
        "max_iter": 2000,
        "class_weight": "balanced",
        "C": 0.1
    },
    "lstm": {
        "hidden_size": 8,
        "num_layers": 1,
        "dropout": 0.6637222165138882,
        "learning_rate": 0.000468540794950826,
        "batch_size": 8,
        "weight_decay": 0.000315834564008122
    },
    "transformer": {
        "d_model": 17,
        "num_layers": 1,
        "dropout": 0.6072736039349488,
        "learning_rate": 0.0001620818272916011,
        "batch_size": 4,
        "nhead": 2,
        "weight_decay": 0.0013659276097830566
    }
}