{
    "svm": {
        "tol": 0.01,
        "probability": true,
        "kernel": "linear",
        "gamma": 0.0001,
        "class_weight": "balanced",
        "C": 0.01
    },
    "logistic_regression": {
        "tol": 1.0,
        "solver": "sag",
        "random_state": 42,
        "max_iter": 2000,
        "class_weight": "balanced",
        "C": 0.01
    },
    "lstm": {
        "hidden_size": 12,
        "num_layers": 1,
        "dropout": 0.525412027765993,
        "learning_rate": 0.00027400085017976247,
        "batch_size": 4,
        "weight_decay": 0.02922494013652099
    },
    "transformer": {
        "d_model": 8,
        "num_layers": 2,
        "dropout": 0.6978781265084756,
        "learning_rate": 0.000265838047754452,
        "batch_size": 4,
        "nhead": 2,
        "weight_decay": 0.00785622213797762
    }
}