{
    "svm": {
        "tol": 0.001,
        "probability": true,
        "kernel": "linear",
        "gamma": 0.0001,
        "class_weight": "balanced",
        "C": 0.1
    },
    "logistic_regression": {
        "tol": 0.01,
        "solver": "newton-cg",
        "random_state": 42,
        "max_iter": 2000,
        "class_weight": "balanced",
        "C": 0.01
    },
    "lstm": {
        "hidden_size": 24,
        "num_layers": 1,
        "dropout": 0.567947814781349,
        "learning_rate": 0.00010086934059387922,
        "batch_size": 8,
        "weight_decay": 0.050428397738436416
    },
    "transformer": {
        "d_model": 10,
        "num_layers": 2,
        "dropout": 0.6551560262155789,
        "learning_rate": 0.0006356637041177169,
        "batch_size": 8,
        "nhead": 2,
        "weight_decay": 0.04252796579494954
    }
}