{
    "svm": {
        "tol": 0.001,
        "probability": true,
        "kernel": "rbf",
        "gamma": 0.1,
        "class_weight": "balanced",
        "C": 0.1
    },
    "logistic_regression": {
        "tol": 1.0,
        "solver": "newton-cg",
        "random_state": 42,
        "max_iter": 2000,
        "class_weight": "balanced",
        "C": 0.001
    },
    "lstm": {
        "hidden_size": 14,
        "num_layers": 1,
        "dropout": 0.6177016608301126,
        "learning_rate": 0.0008496913238487769,
        "batch_size": 4,
        "weight_decay": 0.05450463072549321
    },
    "transformer": {
        "d_model": 21,
        "num_layers": 2,
        "dropout": 0.3490653395050022,
        "learning_rate": 0.00045180933754996656,
        "batch_size": 4,
        "nhead": 2,
        "weight_decay": 0.008723676385924693
    }
}