{
    "svm": {
        "tol": 0.1,
        "probability": true,
        "kernel": "linear",
        "gamma": 0.0001,
        "class_weight": "balanced",
        "C": 0.1
    },
    "logistic_regression": {
        "tol": 0.001,
        "solver": "newton-cg",
        "random_state": 42,
        "max_iter": 2000,
        "class_weight": "balanced",
        "C": 0.1
    },
    "lstm": {
        "hidden_size": 20,
        "num_layers": 1,
        "dropout": 0.4048723367882352,
        "learning_rate": 0.00017566393216902432,
        "batch_size": 4,
        "weight_decay": 0.0005468860002394271
    },
    "transformer": {
        "d_model": 22,
        "num_layers": 1,
        "dropout": 0.33183302260963504,
        "learning_rate": 0.00025259554173234604,
        "batch_size": 8,
        "nhead": 2,
        "weight_decay": 0.0005837534892335269
    }
}