{
    "svm": {
        "tol": 0.001,
        "probability": true,
        "kernel": "rbf",
        "gamma": 0.01,
        "class_weight": "balanced",
        "C": 0.1
    },
    "logistic_regression": {
        "tol": 0.1,
        "solver": "newton-cg",
        "random_state": 42,
        "max_iter": 2000,
        "class_weight": "balanced",
        "C": 0.001
    },
    "lstm": {
        "hidden_size": 10,
        "num_layers": 1,
        "dropout": 0.6569750233665227,
        "learning_rate": 0.00022678051322183788,
        "batch_size": 8,
        "weight_decay": 0.00044965278663401117
    },
    "transformer": {
        "d_model": 19,
        "num_layers": 1,
        "dropout": 0.671695506345678,
        "learning_rate": 0.00016440052385203303,
        "batch_size": 8,
        "nhead": 2,
        "weight_decay": 0.007394766380629296
    }
}