{
    "svm": {
        "tol": 0.001,
        "probability": true,
        "kernel": "rbf",
        "gamma": 0.1,
        "class_weight": "balanced",
        "C": 1e-06
    },
    "logistic_regression": {
        "tol": 0.001,
        "solver": "newton-cg",
        "random_state": 42,
        "max_iter": 2000,
        "class_weight": "balanced",
        "C": 0.01
    },
    "lstm": {
        "hidden_size": 13,
        "num_layers": 1,
        "dropout": 0.47161803053937085,
        "learning_rate": 0.00035688440277968246,
        "batch_size": 8,
        "weight_decay": 0.0008338673826092655
    },
    "transformer": {
        "d_model": 15,
        "num_layers": 2,
        "dropout": 0.4705005446540799,
        "learning_rate": 0.00042314545115237386,
        "batch_size": 4,
        "nhead": 2,
        "weight_decay": 0.004114657151140814
    }
}