{
    "svm": {
        "tol": 0.001,
        "probability": true,
        "kernel": "rbf",
        "gamma": 0.1,
        "class_weight": "balanced",
        "C": 0.1
    },
    "logistic_regression": {
        "tol": 0.1,
        "solver": "sag",
        "random_state": 42,
        "max_iter": 2000,
        "class_weight": "balanced",
        "C": 0.1
    },
    "lstm": {
        "hidden_size": 15,
        "num_layers": 1,
        "dropout": 0.44229381929664013,
        "learning_rate": 0.00010052222808005594,
        "batch_size": 8,
        "weight_decay": 0.0028425606382912355
    },
    "transformer": {
        "d_model": 10,
        "num_layers": 1,
        "dropout": 0.45013000365611594,
        "learning_rate": 0.00024254371903839446,
        "batch_size": 8,
        "nhead": 2,
        "weight_decay": 0.0016168440594828597
    }
}