{
    "svm": {
        "tol": 0.001,
        "probability": true,
        "kernel": "linear",
        "gamma": 0.0001,
        "class_weight": "balanced",
        "C": 0.01
    },
    "logistic_regression": {
        "tol": 0.01,
        "solver": "newton-cg",
        "random_state": 42,
        "max_iter": 2000,
        "class_weight": "balanced",
        "C": 0.1
    },
    "lstm": {
        "hidden_size": 13,
        "num_layers": 1,
        "dropout": 0.30512705178824534,
        "learning_rate": 0.00011596392769906863,
        "batch_size": 8,
        "weight_decay": 0.0016245790562352629
    },
    "transformer": {
        "d_model": 15,
        "num_layers": 2,
        "dropout": 0.6141433905819843,
        "learning_rate": 0.00011580857143084481,
        "batch_size": 8,
        "nhead": 2,
        "weight_decay": 0.0007322002742297701
    }
}