{
    "svm": {
        "tol": 0.1,
        "probability": true,
        "kernel": "linear",
        "gamma": 0.0001,
        "class_weight": "balanced",
        "C": 0.1
    },
    "logistic_regression": {
        "tol": 0.01,
        "solver": "newton-cg",
        "random_state": 42,
        "max_iter": 2000,
        "class_weight": "balanced",
        "C": 0.1
    },
    "lstm": {
        "hidden_size": 21,
        "num_layers": 2,
        "dropout": 0.6155307450801123,
        "learning_rate": 0.00022974542438721767,
        "batch_size": 8,
        "weight_decay": 0.021400802000733778
    },
    "transformer": {
        "d_model": 22,
        "num_layers": 2,
        "dropout": 0.6295527666025187,
        "learning_rate": 0.00032152547395314287,
        "batch_size": 4,
        "nhead": 2,
        "weight_decay": 0.00022306572683098745
    }
}