{
    "svm": {
        "tol": 0.001,
        "probability": true,
        "kernel": "linear",
        "gamma": 0.0001,
        "class_weight": "balanced",
        "C": 0.01
    },
    "logistic_regression": {
        "tol": 0.001,
        "solver": "newton-cg",
        "random_state": 42,
        "max_iter": 2000,
        "class_weight": "balanced",
        "C": 0.001
    },
    "lstm": {
        "hidden_size": 18,
        "num_layers": 2,
        "dropout": 0.6145971746976291,
        "learning_rate": 0.0009914753491816611,
        "batch_size": 4,
        "weight_decay": 0.00010953254123865198
    },
    "transformer": {
        "d_model": 22,
        "num_layers": 1,
        "dropout": 0.48252393041226505,
        "learning_rate": 0.00047795977632428103,
        "batch_size": 8,
        "nhead": 2,
        "weight_decay": 0.03029561843338932
    }
}