{
    "svm": {
        "tol": 0.001,
        "probability": true,
        "kernel": "linear",
        "gamma": 0.0001,
        "class_weight": "balanced",
        "C": 0.01
    },
    "logistic_regression": {
        "tol": 0.1,
        "solver": "newton-cg",
        "random_state": 42,
        "max_iter": 2000,
        "class_weight": "balanced",
        "C": 0.01
    },
    "lstm": {
        "hidden_size": 18,
        "num_layers": 2,
        "dropout": 0.6348260442075557,
        "learning_rate": 0.0005770749298722004,
        "batch_size": 4,
        "weight_decay": 0.0039001351588550098
    },
    "transformer": {
        "d_model": 13,
        "num_layers": 1,
        "dropout": 0.5098926244928287,
        "learning_rate": 0.0009786105946645366,
        "batch_size": 4,
        "nhead": 2,
        "weight_decay": 0.0004906181568458964
    }
}