{
    "svm": {
        "tol": 0.001,
        "probability": true,
        "kernel": "linear",
        "gamma": 0.0001,
        "class_weight": "balanced",
        "C": 1e-06
    },
    "logistic_regression": {
        "tol": 1.0,
        "solver": "newton-cg",
        "random_state": 42,
        "max_iter": 2000,
        "class_weight": "balanced",
        "C": 0.001
    },
    "lstm": {
        "hidden_size": 15,
        "num_layers": 1,
        "dropout": 0.6136173403167507,
        "learning_rate": 0.00012583365429264372,
        "batch_size": 8,
        "weight_decay": 0.0005885593200488222
    },
    "transformer": {
        "d_model": 20,
        "num_layers": 2,
        "dropout": 0.6972096216062524,
        "learning_rate": 0.0001011429282757528,
        "batch_size": 8,
        "nhead": 2,
        "weight_decay": 0.003551326020427648
    }
}