{
    "svm": {
        "tol": 0.001,
        "probability": true,
        "kernel": "linear",
        "gamma": 0.0001,
        "class_weight": "balanced",
        "C": 0.1
    },
    "logistic_regression": {
        "tol": 0.001,
        "solver": "newton-cg",
        "random_state": 42,
        "max_iter": 2000,
        "class_weight": "balanced",
        "C": 0.1
    },
    "lstm": {
        "hidden_size": 8,
        "num_layers": 1,
        "dropout": 0.30199397811318884,
        "learning_rate": 0.0001158906750272477,
        "batch_size": 4,
        "weight_decay": 0.009480990930590736
    },
    "transformer": {
        "d_model": 12,
        "num_layers": 2,
        "dropout": 0.4814298177770783,
        "learning_rate": 0.00019071100272337606,
        "batch_size": 8,
        "nhead": 2,
        "weight_decay": 0.0009937705961862882
    }
}