{
    "svm": {
        "tol": 0.001,
        "probability": true,
        "kernel": "linear",
        "gamma": 0.0001,
        "class_weight": "balanced",
        "C": 0.1
    },
    "logistic_regression": {
        "tol": 0.1,
        "solver": "saga",
        "random_state": 42,
        "max_iter": 2000,
        "class_weight": "balanced",
        "C": 0.1
    },
    "lstm": {
        "hidden_size": 8,
        "num_layers": 1,
        "dropout": 0.4460524374296117,
        "learning_rate": 0.00019525799692394425,
        "batch_size": 8,
        "weight_decay": 0.03971444330637608
    },
    "transformer": {
        "d_model": 12,
        "num_layers": 1,
        "dropout": 0.5127743041509714,
        "learning_rate": 0.0009138486085571571,
        "batch_size": 4,
        "nhead": 2,
        "weight_decay": 0.020430228487320738
    }
}