{
    "svm": {
        "tol": 0.001,
        "probability": true,
        "kernel": "linear",
        "gamma": 0.0001,
        "class_weight": "balanced",
        "C": 0.001
    },
    "logistic_regression": {
        "tol": 1.0,
        "solver": "sag",
        "random_state": 42,
        "max_iter": 2000,
        "class_weight": "balanced",
        "C": 0.001
    },
    "lstm": {
        "hidden_size": 12,
        "num_layers": 2,
        "dropout": 0.6597564905127367,
        "learning_rate": 0.0009985283300222524,
        "batch_size": 4,
        "weight_decay": 0.021452280624909795
    },
    "transformer": {
        "d_model": 15,
        "num_layers": 1,
        "dropout": 0.6115860480737124,
        "learning_rate": 0.0007191195968236802,
        "batch_size": 8,
        "nhead": 2,
        "weight_decay": 0.0019130039213061318
    }
}