{
    "svm": {
        "tol": 0.001,
        "probability": true,
        "kernel": "rbf",
        "gamma": 0.1,
        "class_weight": "balanced",
        "C": 0.1
    },
    "logistic_regression": {
        "tol": 1.0,
        "solver": "saga",
        "random_state": 42,
        "max_iter": 2000,
        "class_weight": "balanced",
        "C": 0.01
    },
    "lstm": {
        "hidden_size": 18,
        "num_layers": 2,
        "dropout": 0.6210224372622732,
        "learning_rate": 0.0008469451820266356,
        "batch_size": 4,
        "weight_decay": 0.004921142108996033
    },
    "transformer": {
        "d_model": 18,
        "num_layers": 2,
        "dropout": 0.385921502325264,
        "learning_rate": 0.0003965146014573749,
        "batch_size": 4,
        "nhead": 2,
        "weight_decay": 0.0024363757547271104
    }
}