{
    "svm": {
        "tol": 0.001,
        "probability": true,
        "kernel": "linear",
        "gamma": 0.0001,
        "class_weight": "balanced",
        "C": 0.01
    },
    "logistic_regression": {
        "tol": 0.1,
        "solver": "newton-cg",
        "random_state": 42,
        "max_iter": 2000,
        "class_weight": "balanced",
        "C": 0.1
    },
    "lstm": {
        "hidden_size": 12,
        "num_layers": 1,
        "dropout": 0.3800166743210387,
        "learning_rate": 0.0001319929117231473,
        "batch_size": 4,
        "weight_decay": 0.07361535324804533
    },
    "transformer": {
        "d_model": 15,
        "num_layers": 1,
        "dropout": 0.5323457137380069,
        "learning_rate": 0.0001695678395358514,
        "batch_size": 8,
        "nhead": 2,
        "weight_decay": 0.035315240276591414
    }
}