{
    "svm": {
        "tol": 0.1,
        "probability": true,
        "kernel": "linear",
        "gamma": 0.0001,
        "class_weight": "balanced",
        "C": 0.1
    },
    "logistic_regression": {
        "tol": 0.1,
        "solver": "sag",
        "random_state": 42,
        "max_iter": 2000,
        "class_weight": "balanced",
        "C": 0.1
    },
    "lstm": {
        "hidden_size": 19,
        "num_layers": 1,
        "dropout": 0.4131776056959165,
        "learning_rate": 0.00025963049626479733,
        "batch_size": 8,
        "weight_decay": 0.0019017450735207251
    },
    "transformer": {
        "d_model": 20,
        "num_layers": 2,
        "dropout": 0.3755397570999779,
        "learning_rate": 0.00010020030474361829,
        "batch_size": 4,
        "nhead": 2,
        "weight_decay": 0.0007869294116631253
    }
}