{
    "svm": {
        "tol": 0.001,
        "probability": true,
        "kernel": "rbf",
        "gamma": 0.1,
        "class_weight": "balanced",
        "C": 1e-06
    },
    "logistic_regression": {
        "tol": 0.001,
        "solver": "newton-cg",
        "random_state": 42,
        "max_iter": 2000,
        "class_weight": "balanced",
        "C": 0.1
    },
    "lstm": {
        "hidden_size": 11,
        "num_layers": 1,
        "dropout": 0.3773763131106185,
        "learning_rate": 0.00036408804451361804,
        "batch_size": 8,
        "weight_decay": 0.002553066468366398
    },
    "transformer": {
        "d_model": 13,
        "num_layers": 1,
        "dropout": 0.6911995356419698,
        "learning_rate": 0.00011119436310477236,
        "batch_size": 4,
        "nhead": 2,
        "weight_decay": 0.0014189180041665958
    }
}