{
    "svm": {
        "tol": 0.001,
        "probability": true,
        "kernel": "linear",
        "gamma": 0.0001,
        "class_weight": "balanced",
        "C": 0.1
    },
    "logistic_regression": {
        "tol": 0.1,
        "solver": "newton-cg",
        "random_state": 42,
        "max_iter": 2000,
        "class_weight": "balanced",
        "C": 0.1
    },
    "lstm": {
        "hidden_size": 9,
        "num_layers": 2,
        "dropout": 0.6906657750606321,
        "learning_rate": 0.00023056504058027643,
        "batch_size": 8,
        "weight_decay": 0.004689847992408962
    },
    "transformer": {
        "d_model": 18,
        "num_layers": 2,
        "dropout": 0.44096821608275993,
        "learning_rate": 0.0003960093336823495,
        "batch_size": 8,
        "nhead": 2,
        "weight_decay": 0.008418131118865288
    }
}