{
    "svm": {
        "tol": 0.1,
        "probability": true,
        "kernel": "linear",
        "gamma": 0.0001,
        "class_weight": "balanced",
        "C": 0.01
    },
    "logistic_regression": {
        "tol": 0.1,
        "solver": "sag",
        "random_state": 42,
        "max_iter": 2000,
        "class_weight": "balanced",
        "C": 0.1
    },
    "lstm": {
        "hidden_size": 13,
        "num_layers": 1,
        "dropout": 0.3238638430854335,
        "learning_rate": 0.0003664729075416526,
        "batch_size": 8,
        "weight_decay": 0.00918749911531781
    },
    "transformer": {
        "d_model": 17,
        "num_layers": 2,
        "dropout": 0.5852601966219704,
        "learning_rate": 0.0006503789880662352,
        "batch_size": 4,
        "nhead": 2,
        "weight_decay": 0.0019948402883054857
    }
}