{
    "svm": {
        "tol": 0.001,
        "probability": true,
        "kernel": "rbf",
        "gamma": 0.01,
        "class_weight": "balanced",
        "C": 1e-06
    },
    "logistic_regression": {
        "tol": 0.1,
        "solver": "newton-cg",
        "random_state": 42,
        "max_iter": 2000,
        "class_weight": "balanced",
        "C": 0.001
    },
    "lstm": {
        "hidden_size": 18,
        "num_layers": 2,
        "dropout": 0.6454331753581267,
        "learning_rate": 0.0001903937978006193,
        "batch_size": 8,
        "weight_decay": 0.0021366455578443475
    },
    "transformer": {
        "d_model": 8,
        "num_layers": 2,
        "dropout": 0.34312829901868996,
        "learning_rate": 0.00029551469422576653,
        "batch_size": 4,
        "nhead": 2,
        "weight_decay": 0.006811512616885441
    }
}