{
    "svm": {
        "tol": 0.001,
        "probability": true,
        "kernel": "rbf",
        "gamma": 0.1,
        "class_weight": "balanced",
        "C": 1e-06
    },
    "logistic_regression": {
        "tol": 0.01,
        "solver": "lbfgs",
        "random_state": 42,
        "max_iter": 2000,
        "class_weight": "balanced",
        "C": 0.1
    },
    "lstm": {
        "hidden_size": 14,
        "num_layers": 1,
        "dropout": 0.3411103815511575,
        "learning_rate": 0.0003076809904511976,
        "batch_size": 8,
        "weight_decay": 0.0008193715933282759
    },
    "transformer": {
        "d_model": 22,
        "num_layers": 2,
        "dropout": 0.3434352104799754,
        "learning_rate": 0.0005089829095419177,
        "batch_size": 4,
        "nhead": 2,
        "weight_decay": 0.002634471081105224
    }
}