{
    "svm": {
        "tol": 0.001,
        "probability": true,
        "kernel": "rbf",
        "gamma": 0.1,
        "class_weight": "balanced",
        "C": 1e-06
    },
    "logistic_regression": {
        "tol": 0.1,
        "solver": "sag",
        "random_state": 42,
        "max_iter": 2000,
        "class_weight": "balanced",
        "C": 0.1
    },
    "lstm": {
        "hidden_size": 24,
        "num_layers": 1,
        "dropout": 0.6192616812240674,
        "learning_rate": 0.00017242490679290806,
        "batch_size": 8,
        "weight_decay": 0.001743945808692475
    },
    "transformer": {
        "d_model": 10,
        "num_layers": 2,
        "dropout": 0.5472086623824751,
        "learning_rate": 0.0008003844479714162,
        "batch_size": 8,
        "nhead": 2,
        "weight_decay": 0.0014453733895362223
    }
}