{
    "svm": {
        "tol": 0.001,
        "probability": true,
        "kernel": "linear",
        "gamma": 0.0001,
        "class_weight": "balanced",
        "C": 0.1
    },
    "logistic_regression": {
        "tol": 0.1,
        "solver": "lbfgs",
        "random_state": 42,
        "max_iter": 2000,
        "class_weight": "balanced",
        "C": 0.1
    },
    "lstm": {
        "hidden_size": 15,
        "num_layers": 1,
        "dropout": 0.3726813386309484,
        "learning_rate": 0.00016380258955343087,
        "batch_size": 4,
        "weight_decay": 0.0009795164368818342
    },
    "transformer": {
        "d_model": 22,
        "num_layers": 2,
        "dropout": 0.37957646970202263,
        "learning_rate": 0.00038949505987825774,
        "batch_size": 4,
        "nhead": 2,
        "weight_decay": 0.0020528169802269823
    }
}