{
    "svm": {
        "tol": 0.001,
        "probability": true,
        "kernel": "rbf",
        "gamma": 0.1,
        "class_weight": "balanced",
        "C": 0.1
    },
    "logistic_regression": {
        "tol": 0.001,
        "solver": "newton-cg",
        "random_state": 42,
        "max_iter": 2000,
        "class_weight": "balanced",
        "C": 0.1
    },
    "lstm": {
        "hidden_size": 23,
        "num_layers": 1,
        "dropout": 0.3442691873009951,
        "learning_rate": 0.00012685757080890039,
        "batch_size": 8,
        "weight_decay": 0.0003346564425773324
    },
    "transformer": {
        "d_model": 23,
        "num_layers": 1,
        "dropout": 0.34493468567862284,
        "learning_rate": 0.00012298737561653974,
        "batch_size": 4,
        "nhead": 2,
        "weight_decay": 0.054355814987670815
    }
}