{
    "svm": {
        "tol": 0.001,
        "probability": true,
        "kernel": "rbf",
        "gamma": 0.1,
        "class_weight": "balanced",
        "C": 0.1
    },
    "logistic_regression": {
        "tol": 0.1,
        "solver": "newton-cg",
        "random_state": 42,
        "max_iter": 2000,
        "class_weight": "balanced",
        "C": 0.001
    },
    "lstm": {
        "hidden_size": 11,
        "num_layers": 1,
        "dropout": 0.6708458403456212,
        "learning_rate": 0.0002076012564400995,
        "batch_size": 4,
        "weight_decay": 0.024366112531286926
    },
    "transformer": {
        "d_model": 13,
        "num_layers": 1,
        "dropout": 0.5373289317978412,
        "learning_rate": 0.0001235033007708952,
        "batch_size": 4,
        "nhead": 2,
        "weight_decay": 0.0005163833034679157
    }
}