{
    "svm": {
        "tol": 0.001,
        "probability": true,
        "kernel": "rbf",
        "gamma": 0.1,
        "class_weight": "balanced",
        "C": 0.1
    },
    "logistic_regression": {
        "tol": 1.0,
        "solver": "saga",
        "random_state": 42,
        "max_iter": 2000,
        "class_weight": "balanced",
        "C": 0.01
    },
    "lstm": {
        "hidden_size": 14,
        "num_layers": 2,
        "dropout": 0.3900293673528931,
        "learning_rate": 0.00012046259939737421,
        "batch_size": 4,
        "weight_decay": 0.04582702872826196
    },
    "transformer": {
        "d_model": 21,
        "num_layers": 2,
        "dropout": 0.699227579350926,
        "learning_rate": 0.0001151999150946346,
        "batch_size": 4,
        "nhead": 2,
        "weight_decay": 0.001443759303152136
    }
}