{
    "svm": {
        "tol": 0.001,
        "probability": true,
        "kernel": "rbf",
        "gamma": 0.1,
        "class_weight": "balanced",
        "C": 0.1
    },
    "logistic_regression": {
        "tol": 0.001,
        "solver": "newton-cg",
        "random_state": 42,
        "max_iter": 2000,
        "class_weight": "balanced",
        "C": 0.1
    },
    "lstm": {
        "hidden_size": 10,
        "num_layers": 1,
        "dropout": 0.4609016408126274,
        "learning_rate": 0.0002034998810117252,
        "batch_size": 4,
        "weight_decay": 0.00016255562771863734
    },
    "transformer": {
        "d_model": 22,
        "num_layers": 1,
        "dropout": 0.4418454109766187,
        "learning_rate": 0.00026282295504491166,
        "batch_size": 4,
        "nhead": 2,
        "weight_decay": 0.006858649153725495
    }
}