{
    "svm": {
        "tol": 0.001,
        "probability": true,
        "kernel": "rbf",
        "gamma": 0.1,
        "class_weight": "balanced",
        "C": 0.01
    },
    "logistic_regression": {
        "tol": 1.0,
        "solver": "newton-cg",
        "random_state": 42,
        "max_iter": 2000,
        "class_weight": "balanced",
        "C": 0.001
    },
    "lstm": {
        "hidden_size": 8,
        "num_layers": 2,
        "dropout": 0.5364480787363833,
        "learning_rate": 0.00010515466928340976,
        "batch_size": 8,
        "weight_decay": 0.0004933131423386899
    },
    "transformer": {
        "d_model": 24,
        "num_layers": 1,
        "dropout": 0.6482326862849764,
        "learning_rate": 0.00011337678481618497,
        "batch_size": 8,
        "nhead": 2,
        "weight_decay": 0.0033211916840136693
    }
}