{
    "svm": {
        "tol": 0.001,
        "probability": true,
        "kernel": "linear",
        "gamma": 0.0001,
        "class_weight": "balanced",
        "C": 0.0001
    },
    "logistic_regression": {
        "tol": 1.0,
        "solver": "newton-cg",
        "random_state": 42,
        "max_iter": 2000,
        "class_weight": "balanced",
        "C": 0.001
    },
    "lstm": {
        "hidden_size": 8,
        "num_layers": 2,
        "dropout": 0.6907087328788843,
        "learning_rate": 0.00012332647013264312,
        "batch_size": 8,
        "weight_decay": 0.007991631422024859
    },
    "transformer": {
        "d_model": 18,
        "num_layers": 1,
        "dropout": 0.3346977445613922,
        "learning_rate": 0.0001031057537014287,
        "batch_size": 8,
        "nhead": 2,
        "weight_decay": 0.0006851500360169533
    }
}