{
    "svm": {
        "tol": 0.001,
        "probability": true,
        "kernel": "linear",
        "gamma": 0.0001,
        "class_weight": "balanced",
        "C": 0.1
    },
    "logistic_regression": {
        "tol": 0.1,
        "solver": "sag",
        "random_state": 42,
        "max_iter": 2000,
        "class_weight": "balanced",
        "C": 0.1
    },
    "lstm": {
        "hidden_size": 14,
        "num_layers": 1,
        "dropout": 0.6361565679848393,
        "learning_rate": 0.0002777944866564307,
        "batch_size": 8,
        "weight_decay": 0.08865284333603693
    },
    "transformer": {
        "d_model": 15,
        "num_layers": 1,
        "dropout": 0.4084611748566527,
        "learning_rate": 0.00021769453868545138,
        "batch_size": 4,
        "nhead": 2,
        "weight_decay": 0.002125456664340122
    }
}