{
    "svm": {
        "tol": 0.001,
        "probability": true,
        "kernel": "linear",
        "gamma": 0.0001,
        "class_weight": "balanced",
        "C": 0.1
    },
    "logistic_regression": {
        "tol": 1.0,
        "solver": "sag",
        "random_state": 42,
        "max_iter": 2000,
        "class_weight": "balanced",
        "C": 0.1
    },
    "lstm": {
        "hidden_size": 8,
        "num_layers": 1,
        "dropout": 0.45761024225124675,
        "learning_rate": 0.00021037196650720735,
        "batch_size": 8,
        "weight_decay": 0.00988174197853517
    },
    "transformer": {
        "d_model": 21,
        "num_layers": 2,
        "dropout": 0.5660409134206056,
        "learning_rate": 0.0001501148997282527,
        "batch_size": 4,
        "nhead": 2,
        "weight_decay": 0.03307009070201067
    }
}