{
    "svm": {
        "tol": 0.001,
        "probability": true,
        "kernel": "linear",
        "gamma": 0.0001,
        "class_weight": "balanced",
        "C": 0.01
    },
    "logistic_regression": {
        "tol": 0.001,
        "solver": "newton-cg",
        "random_state": 42,
        "max_iter": 2000,
        "class_weight": "balanced",
        "C": 0.1
    },
    "lstm": {
        "hidden_size": 23,
        "num_layers": 2,
        "dropout": 0.6808083558352515,
        "learning_rate": 0.0007653017715622373,
        "batch_size": 4,
        "weight_decay": 0.09341734762702084
    },
    "transformer": {
        "d_model": 16,
        "num_layers": 1,
        "dropout": 0.5343759117713329,
        "learning_rate": 0.0008680976885892909,
        "batch_size": 4,
        "nhead": 2,
        "weight_decay": 0.03723553653550731
    }
}