{
    "svm": {
        "tol": 0.001,
        "probability": true,
        "kernel": "linear",
        "gamma": 0.0001,
        "class_weight": "balanced",
        "C": 0.1
    },
    "logistic_regression": {
        "tol": 0.1,
        "solver": "sag",
        "random_state": 42,
        "max_iter": 2000,
        "class_weight": "balanced",
        "C": 0.1
    },
    "lstm": {
        "hidden_size": 20,
        "num_layers": 1,
        "dropout": 0.36209751898424675,
        "learning_rate": 0.0002588042205245177,
        "batch_size": 8,
        "weight_decay": 0.006137355436342427
    },
    "transformer": {
        "d_model": 21,
        "num_layers": 2,
        "dropout": 0.35103725634698435,
        "learning_rate": 0.00034180261539703644,
        "batch_size": 4,
        "nhead": 2,
        "weight_decay": 0.00019486954141107742
    }
}