{
    "svm": {
        "tol": 0.001,
        "probability": true,
        "kernel": "linear",
        "gamma": 0.0001,
        "class_weight": "balanced",
        "C": 0.0001
    },
    "logistic_regression": {
        "tol": 1.0,
        "solver": "newton-cg",
        "random_state": 42,
        "max_iter": 2000,
        "class_weight": "balanced",
        "C": 0.001
    },
    "lstm": {
        "hidden_size": 23,
        "num_layers": 1,
        "dropout": 0.4716066655275843,
        "learning_rate": 0.00012411106728611192,
        "batch_size": 4,
        "weight_decay": 0.00016532285717007017
    },
    "transformer": {
        "d_model": 13,
        "num_layers": 1,
        "dropout": 0.5292644785383314,
        "learning_rate": 0.00012325738400994989,
        "batch_size": 8,
        "nhead": 2,
        "weight_decay": 0.005196859051599977
    }
}