{
    "svm": {
        "tol": 0.001,
        "probability": true,
        "kernel": "linear",
        "gamma": 0.0001,
        "class_weight": "balanced",
        "C": 0.001
    },
    "logistic_regression": {
        "tol": 1.0,
        "solver": "saga",
        "random_state": 42,
        "max_iter": 2000,
        "class_weight": "balanced",
        "C": 0.01
    },
    "lstm": {
        "hidden_size": 21,
        "num_layers": 1,
        "dropout": 0.5369580147621136,
        "learning_rate": 0.0002512032418312702,
        "batch_size": 4,
        "weight_decay": 0.0068707722263296675
    },
    "transformer": {
        "d_model": 20,
        "num_layers": 1,
        "dropout": 0.5049695155479458,
        "learning_rate": 0.0003397162602171111,
        "batch_size": 8,
        "nhead": 2,
        "weight_decay": 0.005234555510213118
    }
}