{
    "svm": {
        "tol": 0.001,
        "probability": true,
        "kernel": "linear",
        "gamma": 0.0001,
        "class_weight": "balanced",
        "C": 0.1
    },
    "logistic_regression": {
        "tol": 0.001,
        "solver": "newton-cg",
        "random_state": 42,
        "max_iter": 2000,
        "class_weight": "balanced",
        "C": 0.1
    },
    "lstm": {
        "hidden_size": 9,
        "num_layers": 2,
        "dropout": 0.5976691857321619,
        "learning_rate": 0.00025565851537630004,
        "batch_size": 8,
        "weight_decay": 0.08371529513509311
    },
    "transformer": {
        "d_model": 11,
        "num_layers": 2,
        "dropout": 0.5493054938366337,
        "learning_rate": 0.00024923332132800795,
        "batch_size": 8,
        "nhead": 2,
        "weight_decay": 0.014677012746282928
    }
}