{
    "svm": {
        "tol": 0.001,
        "probability": true,
        "kernel": "rbf",
        "gamma": 0.1,
        "class_weight": "balanced",
        "C": 0.1
    },
    "logistic_regression": {
        "tol": 0.001,
        "solver": "newton-cg",
        "random_state": 42,
        "max_iter": 2000,
        "class_weight": "balanced",
        "C": 0.1
    },
    "lstm": {
        "hidden_size": 14,
        "num_layers": 1,
        "dropout": 0.6716390847188102,
        "learning_rate": 0.00011680302927906081,
        "batch_size": 8,
        "weight_decay": 0.001181613642709532
    },
    "transformer": {
        "d_model": 15,
        "num_layers": 1,
        "dropout": 0.6754688438028098,
        "learning_rate": 0.0006144586125877247,
        "batch_size": 4,
        "nhead": 2,
        "weight_decay": 0.00032965943554557936
    }
}