{
    "svm": {
        "tol": 0.001,
        "probability": true,
        "kernel": "rbf",
        "gamma": 0.1,
        "class_weight": "balanced",
        "C": 0.1
    },
    "logistic_regression": {
        "tol": 1.0,
        "solver": "newton-cg",
        "random_state": 42,
        "max_iter": 2000,
        "class_weight": "balanced",
        "C": 0.001
    },
    "lstm": {
        "hidden_size": 11,
        "num_layers": 2,
        "dropout": 0.5193827941234378,
        "learning_rate": 0.0009791864815085884,
        "batch_size": 4,
        "weight_decay": 0.003786688654634011
    },
    "transformer": {
        "d_model": 10,
        "num_layers": 1,
        "dropout": 0.33946179781870905,
        "learning_rate": 0.0007567379042676528,
        "batch_size": 4,
        "nhead": 2,
        "weight_decay": 0.0018483873296994118
    }
}