{
    "svm": {
        "tol": 0.001,
        "probability": true,
        "kernel": "linear",
        "gamma": 0.0001,
        "class_weight": "balanced",
        "C": 0.01
    },
    "logistic_regression": {
        "tol": 0.1,
        "solver": "newton-cg",
        "random_state": 42,
        "max_iter": 2000,
        "class_weight": "balanced",
        "C": 0.1
    },
    "lstm": {
        "hidden_size": 8,
        "num_layers": 1,
        "dropout": 0.5610130318959489,
        "learning_rate": 0.00023663850052928697,
        "batch_size": 8,
        "weight_decay": 0.08221674664025262
    },
    "transformer": {
        "d_model": 20,
        "num_layers": 2,
        "dropout": 0.3587491581982525,
        "learning_rate": 0.0003215209693145138,
        "batch_size": 8,
        "nhead": 2,
        "weight_decay": 0.00029185977102574303
    }
}