{
    "svm": {
        "tol": 0.001,
        "probability": true,
        "kernel": "rbf",
        "gamma": 0.1,
        "class_weight": "balanced",
        "C": 0.001
    },
    "logistic_regression": {
        "tol": 1.0,
        "solver": "newton-cg",
        "random_state": 42,
        "max_iter": 2000,
        "class_weight": "balanced",
        "C": 0.001
    },
    "lstm": {
        "hidden_size": 8,
        "num_layers": 1,
        "dropout": 0.6660239302396468,
        "learning_rate": 0.00013870705188029345,
        "batch_size": 8,
        "weight_decay": 0.004478505928386479
    },
    "transformer": {
        "d_model": 17,
        "num_layers": 2,
        "dropout": 0.47820691190489556,
        "learning_rate": 0.00015983015974156301,
        "batch_size": 8,
        "nhead": 2,
        "weight_decay": 0.0028270111537669544
    }
}