{
    "svm": {
        "tol": 0.001,
        "probability": true,
        "kernel": "rbf",
        "gamma": 0.1,
        "class_weight": "balanced",
        "C": 0.1
    },
    "logistic_regression": {
        "tol": 1.0,
        "solver": "saga",
        "random_state": 42,
        "max_iter": 2000,
        "class_weight": "balanced",
        "C": 0.001
    },
    "lstm": {
        "hidden_size": 24,
        "num_layers": 2,
        "dropout": 0.5186090754342028,
        "learning_rate": 0.0005476188816390567,
        "batch_size": 4,
        "weight_decay": 0.07416596477279279
    },
    "transformer": {
        "d_model": 23,
        "num_layers": 1,
        "dropout": 0.32665856525575826,
        "learning_rate": 0.00022595289434653327,
        "batch_size": 8,
        "nhead": 2,
        "weight_decay": 0.005139928269039209
    }
}