{
    "svm": {
        "tol": 0.001,
        "probability": true,
        "kernel": "rbf",
        "gamma": 1.0,
        "class_weight": "balanced",
        "C": 1e-06
    },
    "logistic_regression": {
        "tol": 1.0,
        "solver": "newton-cg",
        "random_state": 42,
        "max_iter": 2000,
        "class_weight": "balanced",
        "C": 0.001
    },
    "lstm": {
        "hidden_size": 23,
        "num_layers": 2,
        "dropout": 0.6555051069065688,
        "learning_rate": 0.0001427689916662432,
        "batch_size": 8,
        "weight_decay": 0.0005002540865314795
    },
    "transformer": {
        "d_model": 16,
        "num_layers": 1,
        "dropout": 0.5904213171654252,
        "learning_rate": 0.00020617067937293626,
        "batch_size": 8,
        "nhead": 2,
        "weight_decay": 0.0015866965293812659
    }
}