{
    "svm": {
        "tol": 0.001,
        "probability": true,
        "kernel": "linear",
        "gamma": 0.0001,
        "class_weight": "balanced",
        "C": 0.1
    },
    "logistic_regression": {
        "tol": 0.001,
        "solver": "newton-cg",
        "random_state": 42,
        "max_iter": 2000,
        "class_weight": "balanced",
        "C": 0.1
    },
    "lstm": {
        "hidden_size": 17,
        "num_layers": 1,
        "dropout": 0.41179726252410065,
        "learning_rate": 0.00016765770787276763,
        "batch_size": 8,
        "weight_decay": 0.012961955076953488
    },
    "transformer": {
        "d_model": 12,
        "num_layers": 2,
        "dropout": 0.4864576162924113,
        "learning_rate": 0.00028628213232562654,
        "batch_size": 8,
        "nhead": 2,
        "weight_decay": 0.0011185903673248726
    }
}