{
    "svm": {
        "tol": 0.001,
        "probability": true,
        "kernel": "linear",
        "gamma": 0.0001,
        "class_weight": "balanced",
        "C": 0.01
    },
    "logistic_regression": {
        "tol": 0.1,
        "solver": "saga",
        "random_state": 42,
        "max_iter": 2000,
        "class_weight": "balanced",
        "C": 0.1
    },
    "lstm": {
        "hidden_size": 8,
        "num_layers": 1,
        "dropout": 0.38273939683018354,
        "learning_rate": 0.0003386096080608165,
        "batch_size": 4,
        "weight_decay": 0.0011440387532485137
    },
    "transformer": {
        "d_model": 11,
        "num_layers": 2,
        "dropout": 0.3691401540272796,
        "learning_rate": 0.0003637939397363062,
        "batch_size": 8,
        "nhead": 2,
        "weight_decay": 0.004565382815653424
    }
}