{
    "svm": {
        "tol": 0.001,
        "probability": true,
        "kernel": "linear",
        "gamma": 0.0001,
        "class_weight": "balanced",
        "C": 0.01
    },
    "logistic_regression": {
        "tol": 0.01,
        "solver": "sag",
        "random_state": 42,
        "max_iter": 2000,
        "class_weight": "balanced",
        "C": 0.001
    },
    "lstm": {
        "hidden_size": 17,
        "num_layers": 2,
        "dropout": 0.5343281596715074,
        "learning_rate": 0.0002524923978118399,
        "batch_size": 8,
        "weight_decay": 0.014714561602232716
    },
    "transformer": {
        "d_model": 8,
        "num_layers": 1,
        "dropout": 0.31275607022065227,
        "learning_rate": 0.0007136231012368084,
        "batch_size": 4,
        "nhead": 2,
        "weight_decay": 0.09700072893345259
    }
}