{
    "svm": {
        "tol": 0.001,
        "probability": true,
        "kernel": "linear",
        "gamma": 0.0001,
        "class_weight": "balanced",
        "C": 0.1
    },
    "logistic_regression": {
        "tol": 1.0,
        "solver": "sag",
        "random_state": 42,
        "max_iter": 2000,
        "class_weight": "balanced",
        "C": 0.001
    },
    "lstm": {
        "hidden_size": 15,
        "num_layers": 1,
        "dropout": 0.5427292936290357,
        "learning_rate": 0.0009600159935002874,
        "batch_size": 4,
        "weight_decay": 0.02909061356269299
    },
    "transformer": {
        "d_model": 8,
        "num_layers": 1,
        "dropout": 0.3962808102417551,
        "learning_rate": 0.0006811850305330395,
        "batch_size": 8,
        "nhead": 2,
        "weight_decay": 0.00019320288632424922
    }
}