{
    "svm": {
        "tol": 0.001,
        "probability": true,
        "kernel": "rbf",
        "gamma": 0.1,
        "class_weight": "balanced",
        "C": 0.1
    },
    "logistic_regression": {
        "tol": 1.0,
        "solver": "sag",
        "random_state": 42,
        "max_iter": 2000,
        "class_weight": "balanced",
        "C": 0.01
    },
    "lstm": {
        "hidden_size": 8,
        "num_layers": 2,
        "dropout": 0.6083978081180322,
        "learning_rate": 0.00019203696907825287,
        "batch_size": 4,
        "weight_decay": 0.00041624976266832595
    },
    "transformer": {
        "d_model": 15,
        "num_layers": 2,
        "dropout": 0.4940065256388749,
        "learning_rate": 0.0001409835858158503,
        "batch_size": 4,
        "nhead": 2,
        "weight_decay": 0.0411733702697014
    }
}