{
    "svm": {
        "tol": 0.01,
        "probability": true,
        "kernel": "linear",
        "gamma": 0.0001,
        "class_weight": "balanced",
        "C": 0.1
    },
    "logistic_regression": {
        "tol": 1.0,
        "solver": "saga",
        "random_state": 42,
        "max_iter": 2000,
        "class_weight": "balanced",
        "C": 0.1
    },
    "lstm": {
        "hidden_size": 24,
        "num_layers": 1,
        "dropout": 0.5955338347120135,
        "learning_rate": 0.00019072392003232247,
        "batch_size": 8,
        "weight_decay": 0.006298782620481327
    },
    "transformer": {
        "d_model": 9,
        "num_layers": 1,
        "dropout": 0.3328896608710967,
        "learning_rate": 0.0003566175759453167,
        "batch_size": 8,
        "nhead": 2,
        "weight_decay": 0.000879660093033567
    }
}