{
    "svm": {
        "tol": 0.001,
        "probability": true,
        "kernel": "linear",
        "gamma": 0.0001,
        "class_weight": "balanced",
        "C": 0.1
    },
    "logistic_regression": {
        "tol": 0.001,
        "solver": "newton-cg",
        "random_state": 42,
        "max_iter": 2000,
        "class_weight": "balanced",
        "C": 0.1
    },
    "lstm": {
        "hidden_size": 20,
        "num_layers": 1,
        "dropout": 0.6554752151465995,
        "learning_rate": 0.00015836729413622405,
        "batch_size": 8,
        "weight_decay": 0.0007238943382031788
    },
    "transformer": {
        "d_model": 21,
        "num_layers": 1,
        "dropout": 0.398632841982802,
        "learning_rate": 0.0001690364808607674,
        "batch_size": 4,
        "nhead": 2,
        "weight_decay": 0.00010870939150746316
    }
}