{
    "svm": {
        "tol": 0.001,
        "probability": true,
        "kernel": "rbf",
        "gamma": 0.1,
        "class_weight": "balanced",
        "C": 0.1
    },
    "logistic_regression": {
        "tol": 0.001,
        "solver": "newton-cg",
        "random_state": 42,
        "max_iter": 2000,
        "class_weight": "balanced",
        "C": 0.1
    },
    "lstm": {
        "hidden_size": 16,
        "num_layers": 1,
        "dropout": 0.5991041631700372,
        "learning_rate": 0.00015103050948744496,
        "batch_size": 8,
        "weight_decay": 0.00028843308269761996
    },
    "transformer": {
        "d_model": 18,
        "num_layers": 1,
        "dropout": 0.6731596008369026,
        "learning_rate": 0.000148713622427142,
        "batch_size": 4,
        "nhead": 2,
        "weight_decay": 0.00869636885094386
    }
}