{
    "svm": {
        "tol": 0.001,
        "probability": true,
        "kernel": "linear",
        "gamma": 0.0001,
        "class_weight": "balanced",
        "C": 0.1
    },
    "logistic_regression": {
        "tol": 0.001,
        "solver": "newton-cg",
        "random_state": 42,
        "max_iter": 2000,
        "class_weight": "balanced",
        "C": 0.1
    },
    "lstm": {
        "hidden_size": 9,
        "num_layers": 1,
        "dropout": 0.5149857518389227,
        "learning_rate": 0.0008250947674499803,
        "batch_size": 4,
        "weight_decay": 0.0006542678854370954
    },
    "transformer": {
        "d_model": 15,
        "num_layers": 1,
        "dropout": 0.3033424363977303,
        "learning_rate": 0.0009942439066388592,
        "batch_size": 8,
        "nhead": 2,
        "weight_decay": 0.000277010715807155
    }
}