{
    "svm": {
        "tol": 0.001,
        "probability": true,
        "kernel": "rbf",
        "gamma": 0.01,
        "class_weight": "balanced",
        "C": 1e-06
    },
    "logistic_regression": {
        "tol": 0.01,
        "solver": "lbfgs",
        "random_state": 42,
        "max_iter": 2000,
        "class_weight": "balanced",
        "C": 0.1
    },
    "lstm": {
        "hidden_size": 10,
        "num_layers": 1,
        "dropout": 0.5293110484361788,
        "learning_rate": 0.00036927156687182445,
        "batch_size": 4,
        "weight_decay": 0.003015071069774985
    },
    "transformer": {
        "d_model": 24,
        "num_layers": 2,
        "dropout": 0.45268140110951477,
        "learning_rate": 0.00021948520367713094,
        "batch_size": 4,
        "nhead": 2,
        "weight_decay": 0.0021230859321645004
    }
}