{
    "svm": {
        "tol": 0.1,
        "probability": true,
        "kernel": "linear",
        "gamma": 0.0001,
        "class_weight": "balanced",
        "C": 0.1
    },
    "logistic_regression": {
        "tol": 0.001,
        "solver": "newton-cg",
        "random_state": 42,
        "max_iter": 2000,
        "class_weight": "balanced",
        "C": 0.1
    },
    "lstm": {
        "hidden_size": 22,
        "num_layers": 1,
        "dropout": 0.411193941171746,
        "learning_rate": 0.0002929874186353309,
        "batch_size": 4,
        "weight_decay": 0.02948203908354544
    },
    "transformer": {
        "d_model": 22,
        "num_layers": 1,
        "dropout": 0.5356885118783806,
        "learning_rate": 0.0002633765421639166,
        "batch_size": 4,
        "nhead": 2,
        "weight_decay": 0.015526311347187627
    }
}