{
    "svm": {
        "tol": 0.001,
        "probability": true,
        "kernel": "linear",
        "gamma": 0.0001,
        "class_weight": "balanced",
        "C": 0.1
    },
    "logistic_regression": {
        "tol": 0.1,
        "solver": "sag",
        "random_state": 42,
        "max_iter": 2000,
        "class_weight": "balanced",
        "C": 0.001
    },
    "lstm": {
        "hidden_size": 9,
        "num_layers": 1,
        "dropout": 0.597869750567662,
        "learning_rate": 0.00016105984643819811,
        "batch_size": 8,
        "weight_decay": 0.008686958401670306
    },
    "transformer": {
        "d_model": 23,
        "num_layers": 2,
        "dropout": 0.44770798516980054,
        "learning_rate": 0.00028154943348815116,
        "batch_size": 8,
        "nhead": 2,
        "weight_decay": 0.005930486392833
    }
}