{
    "svm": {
        "tol": 0.001,
        "probability": true,
        "kernel": "rbf",
        "gamma": 0.1,
        "class_weight": "balanced",
        "C": 0.01
    },
    "logistic_regression": {
        "tol": 1.0,
        "solver": "newton-cg",
        "random_state": 42,
        "max_iter": 2000,
        "class_weight": "balanced",
        "C": 0.001
    },
    "lstm": {
        "hidden_size": 8,
        "num_layers": 2,
        "dropout": 0.6462250189760141,
        "learning_rate": 0.0003366188381023731,
        "batch_size": 8,
        "weight_decay": 0.013601756594833538
    },
    "transformer": {
        "d_model": 13,
        "num_layers": 2,
        "dropout": 0.4839467539090403,
        "learning_rate": 0.0002355588811198327,
        "batch_size": 4,
        "nhead": 2,
        "weight_decay": 0.000293250201591289
    }
}