{
    "svm": {
        "tol": 0.001,
        "probability": true,
        "kernel": "linear",
        "gamma": 0.0001,
        "class_weight": "balanced",
        "C": 0.1
    },
    "logistic_regression": {
        "tol": 0.001,
        "solver": "newton-cg",
        "random_state": 42,
        "max_iter": 2000,
        "class_weight": "balanced",
        "C": 0.1
    },
    "lstm": {
        "hidden_size": 22,
        "num_layers": 2,
        "dropout": 0.5084711708421725,
        "learning_rate": 0.0004890890502187973,
        "batch_size": 4,
        "weight_decay": 0.056838829933063786
    },
    "transformer": {
        "d_model": 17,
        "num_layers": 2,
        "dropout": 0.3003376505904594,
        "learning_rate": 0.0003649953337129595,
        "batch_size": 4,
        "nhead": 2,
        "weight_decay": 0.00449172801276284
    }
}