{
    "svm": {
        "tol": 0.001,
        "probability": true,
        "kernel": "rbf",
        "gamma": 0.1,
        "class_weight": "balanced",
        "C": 0.1
    },
    "logistic_regression": {
        "tol": 0.001,
        "solver": "newton-cg",
        "random_state": 42,
        "max_iter": 2000,
        "class_weight": "balanced",
        "C": 0.1
    },
    "lstm": {
        "hidden_size": 10,
        "num_layers": 1,
        "dropout": 0.5686298632096178,
        "learning_rate": 0.0005097145836510923,
        "batch_size": 4,
        "weight_decay": 0.04924459077521322
    },
    "transformer": {
        "d_model": 10,
        "num_layers": 2,
        "dropout": 0.3388166534224169,
        "learning_rate": 0.0009963002143769215,
        "batch_size": 4,
        "nhead": 2,
        "weight_decay": 0.00624851235886416
    }
}