{
    "svm": {
        "tol": 0.001,
        "probability": true,
        "kernel": "rbf",
        "gamma": 0.1,
        "class_weight": "balanced",
        "C": 0.1
    },
    "logistic_regression": {
        "tol": 0.001,
        "solver": "newton-cg",
        "random_state": 42,
        "max_iter": 2000,
        "class_weight": "balanced",
        "C": 0.1
    },
    "lstm": {
        "hidden_size": 10,
        "num_layers": 1,
        "dropout": 0.33043694436620696,
        "learning_rate": 0.000401658047481065,
        "batch_size": 8,
        "weight_decay": 0.025918820183127137
    },
    "transformer": {
        "d_model": 23,
        "num_layers": 2,
        "dropout": 0.4636164974203089,
        "learning_rate": 0.000699585588063569,
        "batch_size": 4,
        "nhead": 2,
        "weight_decay": 0.05799248174170962
    }
}