{
    "svm": {
        "tol": 0.001,
        "probability": true,
        "kernel": "rbf",
        "gamma": 0.1,
        "class_weight": "balanced",
        "C": 0.01
    },
    "logistic_regression": {
        "tol": 0.01,
        "solver": "sag",
        "random_state": 42,
        "max_iter": 2000,
        "class_weight": "balanced",
        "C": 0.1
    },
    "lstm": {
        "hidden_size": 17,
        "num_layers": 2,
        "dropout": 0.424111493652292,
        "learning_rate": 0.00010037668040548024,
        "batch_size": 8,
        "weight_decay": 0.0024920608966657065
    },
    "transformer": {
        "d_model": 9,
        "num_layers": 2,
        "dropout": 0.4418105485091664,
        "learning_rate": 0.00018154738504239817,
        "batch_size": 4,
        "nhead": 2,
        "weight_decay": 0.00010431235632765111
    }
}