{
    "svm": {
        "tol": 0.001,
        "probability": true,
        "kernel": "linear",
        "gamma": 0.0001,
        "class_weight": "balanced",
        "C": 0.1
    },
    "logistic_regression": {
        "tol": 1.0,
        "solver": "newton-cg",
        "random_state": 42,
        "max_iter": 2000,
        "class_weight": "balanced",
        "C": 0.001
    },
    "lstm": {
        "hidden_size": 15,
        "num_layers": 1,
        "dropout": 0.5427586938225654,
        "learning_rate": 0.00011596264137679147,
        "batch_size": 8,
        "weight_decay": 0.038940060541729236
    },
    "transformer": {
        "d_model": 14,
        "num_layers": 2,
        "dropout": 0.6994494153918215,
        "learning_rate": 0.00013838223006479357,
        "batch_size": 4,
        "nhead": 2,
        "weight_decay": 0.04717628458889582
    }
}