{
    "svm": {
        "tol": 0.001,
        "probability": true,
        "kernel": "linear",
        "gamma": 0.0001,
        "class_weight": "balanced",
        "C": 0.1
    },
    "logistic_regression": {
        "tol": 0.01,
        "solver": "newton-cg",
        "random_state": 42,
        "max_iter": 2000,
        "class_weight": "balanced",
        "C": 0.1
    },
    "lstm": {
        "hidden_size": 11,
        "num_layers": 1,
        "dropout": 0.47172914832403684,
        "learning_rate": 0.0001036425199436056,
        "batch_size": 4,
        "weight_decay": 0.007320135552813809
    },
    "transformer": {
        "d_model": 8,
        "num_layers": 1,
        "dropout": 0.31273728491564984,
        "learning_rate": 0.00010709982982273068,
        "batch_size": 4,
        "nhead": 2,
        "weight_decay": 0.0018754795094837954
    }
}