{
    "svm": {
        "tol": 0.1,
        "probability": true,
        "kernel": "linear",
        "gamma": 0.0001,
        "class_weight": "balanced",
        "C": 0.1
    },
    "logistic_regression": {
        "tol": 1.0,
        "solver": "sag",
        "random_state": 42,
        "max_iter": 2000,
        "class_weight": "balanced",
        "C": 0.01
    },
    "lstm": {
        "hidden_size": 21,
        "num_layers": 2,
        "dropout": 0.5874784883871257,
        "learning_rate": 0.0002714327721831763,
        "batch_size": 8,
        "weight_decay": 0.04654385601778735
    },
    "transformer": {
        "d_model": 8,
        "num_layers": 2,
        "dropout": 0.5210947080615858,
        "learning_rate": 0.00013594820437853186,
        "batch_size": 4,
        "nhead": 2,
        "weight_decay": 0.00028155353889105914
    }
}