{
    "svm": {
        "tol": 0.001,
        "probability": true,
        "kernel": "linear",
        "gamma": 0.0001,
        "class_weight": "balanced",
        "C": 0.01
    },
    "logistic_regression": {
        "tol": 0.1,
        "solver": "newton-cg",
        "random_state": 42,
        "max_iter": 2000,
        "class_weight": "balanced",
        "C": 0.1
    },
    "lstm": {
        "hidden_size": 13,
        "num_layers": 1,
        "dropout": 0.671115059779483,
        "learning_rate": 0.0001720768311793993,
        "batch_size": 8,
        "weight_decay": 0.00022434085781614164
    },
    "transformer": {
        "d_model": 22,
        "num_layers": 1,
        "dropout": 0.6476106083351071,
        "learning_rate": 0.00040648821844562215,
        "batch_size": 8,
        "nhead": 2,
        "weight_decay": 0.012465340794424754
    }
}