{
    "svm": {
        "tol": 0.001,
        "probability": true,
        "kernel": "rbf",
        "gamma": 0.1,
        "class_weight": "balanced",
        "C": 0.1
    },
    "logistic_regression": {
        "tol": 0.01,
        "solver": "newton-cg",
        "random_state": 42,
        "max_iter": 2000,
        "class_weight": "balanced",
        "C": 0.001
    },
    "lstm": {
        "hidden_size": 18,
        "num_layers": 2,
        "dropout": 0.36281333733834553,
        "learning_rate": 0.0001372714447955961,
        "batch_size": 4,
        "weight_decay": 0.000963574123969006
    },
    "transformer": {
        "d_model": 20,
        "num_layers": 2,
        "dropout": 0.30315455575162065,
        "learning_rate": 0.000979276778493628,
        "batch_size": 8,
        "nhead": 2,
        "weight_decay": 0.00011874269414480896
    }
}