{
    "svm": {
        "tol": 0.001,
        "probability": true,
        "kernel": "linear",
        "gamma": 0.0001,
        "class_weight": "balanced",
        "C": 0.1
    },
    "logistic_regression": {
        "tol": 0.001,
        "solver": "newton-cg",
        "random_state": 42,
        "max_iter": 2000,
        "class_weight": "balanced",
        "C": 0.1
    },
    "lstm": {
        "hidden_size": 16,
        "num_layers": 2,
        "dropout": 0.69867868210039,
        "learning_rate": 0.0009329823467407892,
        "batch_size": 4,
        "weight_decay": 0.03264117926176496
    },
    "transformer": {
        "d_model": 23,
        "num_layers": 1,
        "dropout": 0.4504043240723994,
        "learning_rate": 0.000636627947439588,
        "batch_size": 4,
        "nhead": 2,
        "weight_decay": 0.00026124928443800317
    }
}