{
    "svm": {
        "tol": 0.001,
        "probability": true,
        "kernel": "linear",
        "gamma": 0.0001,
        "class_weight": "balanced",
        "C": 0.1
    },
    "logistic_regression": {
        "tol": 0.001,
        "solver": "newton-cg",
        "random_state": 42,
        "max_iter": 2000,
        "class_weight": "balanced",
        "C": 0.1
    },
    "lstm": {
        "hidden_size": 22,
        "num_layers": 2,
        "dropout": 0.5727768577488335,
        "learning_rate": 0.00010405552691409334,
        "batch_size": 4,
        "weight_decay": 0.00010726854734884294
    },
    "transformer": {
        "d_model": 15,
        "num_layers": 2,
        "dropout": 0.303119107465732,
        "learning_rate": 0.00010628395157536808,
        "batch_size": 8,
        "nhead": 2,
        "weight_decay": 0.009481428363496464
    }
}