{
    "svm": {
        "tol": 0.001,
        "probability": true,
        "kernel": "linear",
        "gamma": 0.0001,
        "class_weight": "balanced",
        "C": 0.1
    },
    "logistic_regression": {
        "tol": 0.001,
        "solver": "newton-cg",
        "random_state": 42,
        "max_iter": 2000,
        "class_weight": "balanced",
        "C": 0.1
    },
    "lstm": {
        "hidden_size": 15,
        "num_layers": 1,
        "dropout": 0.4236017342791542,
        "learning_rate": 0.00010402099150084372,
        "batch_size": 4,
        "weight_decay": 0.007987405169654457
    },
    "transformer": {
        "d_model": 21,
        "num_layers": 2,
        "dropout": 0.4958779304997292,
        "learning_rate": 0.00011792517257369242,
        "batch_size": 4,
        "nhead": 2,
        "weight_decay": 0.0002052841014603553
    }
}