{
    "svm": {
        "tol": 0.001,
        "probability": true,
        "kernel": "rbf",
        "gamma": 0.1,
        "class_weight": "balanced",
        "C": 0.1
    },
    "logistic_regression": {
        "tol": 0.001,
        "solver": "newton-cg",
        "random_state": 42,
        "max_iter": 2000,
        "class_weight": "balanced",
        "C": 0.01
    },
    "lstm": {
        "hidden_size": 13,
        "num_layers": 2,
        "dropout": 0.3382130237884307,
        "learning_rate": 0.00014748250198330884,
        "batch_size": 8,
        "weight_decay": 0.00043014066906664467
    },
    "transformer": {
        "d_model": 11,
        "num_layers": 2,
        "dropout": 0.6288703762207044,
        "learning_rate": 0.0002410580326050476,
        "batch_size": 8,
        "nhead": 2,
        "weight_decay": 0.0005915799916162778
    }
}