{
    "svm": {
        "tol": 0.001,
        "probability": true,
        "kernel": "linear",
        "gamma": 0.0001,
        "class_weight": "balanced",
        "C": 0.1
    },
    "logistic_regression": {
        "tol": 0.1,
        "solver": "newton-cg",
        "random_state": 42,
        "max_iter": 2000,
        "class_weight": "balanced",
        "C": 0.001
    },
    "lstm": {
        "hidden_size": 8,
        "num_layers": 1,
        "dropout": 0.33587262349610275,
        "learning_rate": 0.00014555315126117587,
        "batch_size": 8,
        "weight_decay": 0.0021208860663842538
    },
    "transformer": {
        "d_model": 20,
        "num_layers": 1,
        "dropout": 0.4447267686483338,
        "learning_rate": 0.00010869558907029556,
        "batch_size": 8,
        "nhead": 2,
        "weight_decay": 0.0016757070965301582
    }
}