{
    "svm": {
        "tol": 0.001,
        "probability": true,
        "kernel": "linear",
        "gamma": 0.0001,
        "class_weight": "balanced",
        "C": 0.01
    },
    "logistic_regression": {
        "tol": 0.01,
        "solver": "newton-cg",
        "random_state": 42,
        "max_iter": 2000,
        "class_weight": "balanced",
        "C": 0.1
    },
    "lstm": {
        "hidden_size": 16,
        "num_layers": 1,
        "dropout": 0.3072056550839731,
        "learning_rate": 0.00016144029236350295,
        "batch_size": 8,
        "weight_decay": 0.0012213988810431458
    },
    "transformer": {
        "d_model": 20,
        "num_layers": 2,
        "dropout": 0.5846652667616088,
        "learning_rate": 0.0004993630109585411,
        "batch_size": 8,
        "nhead": 2,
        "weight_decay": 0.0022574354462829944
    }
}