{
    "svm": {
        "tol": 0.001,
        "probability": true,
        "kernel": "rbf",
        "gamma": 0.1,
        "class_weight": "balanced",
        "C": 0.1
    },
    "logistic_regression": {
        "tol": 0.1,
        "solver": "lbfgs",
        "random_state": 42,
        "max_iter": 2000,
        "class_weight": "balanced",
        "C": 0.1
    },
    "lstm": {
        "hidden_size": 15,
        "num_layers": 1,
        "dropout": 0.5332392878119547,
        "learning_rate": 0.00023050229833707967,
        "batch_size": 8,
        "weight_decay": 0.017017077648111008
    },
    "transformer": {
        "d_model": 16,
        "num_layers": 1,
        "dropout": 0.5613031639985729,
        "learning_rate": 0.0007328966477596519,
        "batch_size": 8,
        "nhead": 2,
        "weight_decay": 0.08508666496827794
    }
}