{
    "svm": {
        "tol": 0.001,
        "probability": true,
        "kernel": "linear",
        "gamma": 0.0001,
        "class_weight": "balanced",
        "C": 0.001
    },
    "logistic_regression": {
        "tol": 1.0,
        "solver": "sag",
        "random_state": 42,
        "max_iter": 2000,
        "class_weight": "balanced",
        "C": 0.01
    },
    "lstm": {
        "hidden_size": 22,
        "num_layers": 2,
        "dropout": 0.43579536637647226,
        "learning_rate": 0.0008229689115646537,
        "batch_size": 4,
        "weight_decay": 0.032240410478917264
    },
    "transformer": {
        "d_model": 20,
        "num_layers": 1,
        "dropout": 0.6012096380738373,
        "learning_rate": 0.0008797770958628363,
        "batch_size": 4,
        "nhead": 2,
        "weight_decay": 0.03458446027641351
    }
}