{
    "svm": {
        "tol": 0.001,
        "probability": true,
        "kernel": "rbf",
        "gamma": 0.1,
        "class_weight": "balanced",
        "C": 1e-06
    },
    "logistic_regression": {
        "tol": 1.0,
        "solver": "sag",
        "random_state": 42,
        "max_iter": 2000,
        "class_weight": "balanced",
        "C": 0.001
    },
    "lstm": {
        "hidden_size": 9,
        "num_layers": 2,
        "dropout": 0.35032354519938,
        "learning_rate": 0.0003732769962033976,
        "batch_size": 8,
        "weight_decay": 0.001992461303208592
    },
    "transformer": {
        "d_model": 17,
        "num_layers": 2,
        "dropout": 0.6392248708419869,
        "learning_rate": 0.0009979323485798546,
        "batch_size": 4,
        "nhead": 2,
        "weight_decay": 0.0019088506745381807
    }
}