{
    "svm": {
        "tol": 0.001,
        "probability": true,
        "kernel": "linear",
        "gamma": 0.0001,
        "class_weight": "balanced",
        "C": 0.1
    },
    "logistic_regression": {
        "tol": 1.0,
        "solver": "newton-cg",
        "random_state": 42,
        "max_iter": 2000,
        "class_weight": "balanced",
        "C": 0.001
    },
    "lstm": {
        "hidden_size": 14,
        "num_layers": 1,
        "dropout": 0.6354343360046161,
        "learning_rate": 0.0002540206810215447,
        "batch_size": 8,
        "weight_decay": 0.00095999173703853
    },
    "transformer": {
        "d_model": 10,
        "num_layers": 1,
        "dropout": 0.5685307754836081,
        "learning_rate": 0.00012655576893005834,
        "batch_size": 8,
        "nhead": 2,
        "weight_decay": 0.004433662545730078
    }
}