{
    "svm": {
        "tol": 0.001,
        "probability": true,
        "kernel": "linear",
        "gamma": 0.0001,
        "class_weight": "balanced",
        "C": 0.1
    },
    "logistic_regression": {
        "tol": 0.1,
        "solver": "sag",
        "random_state": 42,
        "max_iter": 2000,
        "class_weight": "balanced",
        "C": 0.1
    },
    "lstm": {
        "hidden_size": 16,
        "num_layers": 1,
        "dropout": 0.675177284442912,
        "learning_rate": 0.0005824130623019458,
        "batch_size": 4,
        "weight_decay": 0.0005107235132268665
    },
    "transformer": {
        "d_model": 16,
        "num_layers": 1,
        "dropout": 0.30569980891111515,
        "learning_rate": 0.0003836564448826813,
        "batch_size": 4,
        "nhead": 2,
        "weight_decay": 0.026428784853670124
    }
}