{
    "svm": {
        "tol": 0.001,
        "probability": true,
        "kernel": "linear",
        "gamma": 0.0001,
        "class_weight": "balanced",
        "C": 0.001
    },
    "logistic_regression": {
        "tol": 1.0,
        "solver": "sag",
        "random_state": 42,
        "max_iter": 2000,
        "class_weight": "balanced",
        "C": 0.1
    },
    "lstm": {
        "hidden_size": 17,
        "num_layers": 1,
        "dropout": 0.4435243087516918,
        "learning_rate": 0.0002787961644106432,
        "batch_size": 8,
        "weight_decay": 0.002772822289464663
    },
    "transformer": {
        "d_model": 24,
        "num_layers": 2,
        "dropout": 0.43095034887586076,
        "learning_rate": 0.0002620816423338957,
        "batch_size": 8,
        "nhead": 2,
        "weight_decay": 0.03434083978300098
    }
}