{
    "svm": {
        "tol": 0.001,
        "probability": true,
        "kernel": "linear",
        "gamma": 0.0001,
        "class_weight": "balanced",
        "C": 0.1
    },
    "logistic_regression": {
        "tol": 0.1,
        "solver": "newton-cg",
        "random_state": 42,
        "max_iter": 2000,
        "class_weight": "balanced",
        "C": 0.001
    },
    "lstm": {
        "hidden_size": 8,
        "num_layers": 1,
        "dropout": 0.379602210295814,
        "learning_rate": 0.00029255650814264664,
        "batch_size": 4,
        "weight_decay": 0.001755428119867954
    },
    "transformer": {
        "d_model": 22,
        "num_layers": 1,
        "dropout": 0.659462382440886,
        "learning_rate": 0.0008652799168973193,
        "batch_size": 8,
        "nhead": 2,
        "weight_decay": 0.0436647249491578
    }
}