{
    "svm": {
        "tol": 0.001,
        "probability": true,
        "kernel": "rbf",
        "gamma": 0.1,
        "class_weight": "balanced",
        "C": 1e-06
    },
    "logistic_regression": {
        "tol": 1.0,
        "solver": "sag",
        "random_state": 42,
        "max_iter": 2000,
        "class_weight": "balanced",
        "C": 0.001
    },
    "lstm": {
        "hidden_size": 18,
        "num_layers": 2,
        "dropout": 0.3032482234018271,
        "learning_rate": 0.0001567179084896992,
        "batch_size": 4,
        "weight_decay": 0.00010287367632664992
    },
    "transformer": {
        "d_model": 20,
        "num_layers": 2,
        "dropout": 0.6272434892900919,
        "learning_rate": 0.00015256234158846034,
        "batch_size": 8,
        "nhead": 2,
        "weight_decay": 0.04308312183884839
    }
}