{
    "svm": {
        "tol": 0.001,
        "probability": true,
        "kernel": "linear",
        "gamma": 0.0001,
        "class_weight": "balanced",
        "C": 0.1
    },
    "logistic_regression": {
        "tol": 0.01,
        "solver": "newton-cg",
        "random_state": 42,
        "max_iter": 2000,
        "class_weight": "balanced",
        "C": 0.1
    },
    "lstm": {
        "hidden_size": 9,
        "num_layers": 1,
        "dropout": 0.38644205309731855,
        "learning_rate": 0.00011107677771048331,
        "batch_size": 8,
        "weight_decay": 0.00191498142514792
    },
    "transformer": {
        "d_model": 10,
        "num_layers": 1,
        "dropout": 0.41095926235950064,
        "learning_rate": 0.00029256601015091084,
        "batch_size": 4,
        "nhead": 2,
        "weight_decay": 0.00488270155305324
    }
}