{
    "svm": {
        "tol": 0.001,
        "probability": true,
        "kernel": "linear",
        "gamma": 0.0001,
        "class_weight": "balanced",
        "C": 0.01
    },
    "logistic_regression": {
        "tol": 0.001,
        "solver": "newton-cg",
        "random_state": 42,
        "max_iter": 2000,
        "class_weight": "balanced",
        "C": 0.1
    },
    "lstm": {
        "hidden_size": 20,
        "num_layers": 1,
        "dropout": 0.3181601328468424,
        "learning_rate": 0.00011763589719754839,
        "batch_size": 8,
        "weight_decay": 0.014820384543288916
    },
    "transformer": {
        "d_model": 11,
        "num_layers": 1,
        "dropout": 0.6953214326362666,
        "learning_rate": 0.00016461808980358642,
        "batch_size": 8,
        "nhead": 2,
        "weight_decay": 0.07165970959225025
    }
}