{
    "svm": {
        "tol": 0.001,
        "probability": true,
        "kernel": "rbf",
        "gamma": 0.1,
        "class_weight": "balanced",
        "C": 0.1
    },
    "logistic_regression": {
        "tol": 0.1,
        "solver": "lbfgs",
        "random_state": 42,
        "max_iter": 2000,
        "class_weight": "balanced",
        "C": 0.1
    },
    "lstm": {
        "hidden_size": 20,
        "num_layers": 1,
        "dropout": 0.5146314548243752,
        "learning_rate": 0.0009394972603760852,
        "batch_size": 4,
        "weight_decay": 0.0015176527907169648
    },
    "transformer": {
        "d_model": 16,
        "num_layers": 1,
        "dropout": 0.43966162387626895,
        "learning_rate": 0.0009345243808429711,
        "batch_size": 8,
        "nhead": 2,
        "weight_decay": 0.007822372742413177
    }
}