{
    "svm": {
        "tol": 0.001,
        "probability": true,
        "kernel": "linear",
        "gamma": 0.0001,
        "class_weight": "balanced",
        "C": 0.1
    },
    "logistic_regression": {
        "tol": 0.01,
        "solver": "newton-cg",
        "random_state": 42,
        "max_iter": 2000,
        "class_weight": "balanced",
        "C": 0.1
    },
    "lstm": {
        "hidden_size": 13,
        "num_layers": 2,
        "dropout": 0.5585848598157714,
        "learning_rate": 0.0001214139295704076,
        "batch_size": 8,
        "weight_decay": 0.0011645179711793831
    },
    "transformer": {
        "d_model": 9,
        "num_layers": 2,
        "dropout": 0.3582981477732239,
        "learning_rate": 0.0001286953610003816,
        "batch_size": 8,
        "nhead": 2,
        "weight_decay": 0.0032655227436391206
    }
}