{
    "svm": {
        "tol": 0.001,
        "probability": true,
        "kernel": "linear",
        "gamma": 0.0001,
        "class_weight": "balanced",
        "C": 0.1
    },
    "logistic_regression": {
        "tol": 0.001,
        "solver": "newton-cg",
        "random_state": 42,
        "max_iter": 2000,
        "class_weight": "balanced",
        "C": 0.1
    },
    "lstm": {
        "hidden_size": 12,
        "num_layers": 2,
        "dropout": 0.37032585028101633,
        "learning_rate": 0.00019944004821541224,
        "batch_size": 8,
        "weight_decay": 0.0016534743255164123
    },
    "transformer": {
        "d_model": 17,
        "num_layers": 2,
        "dropout": 0.6333219851305727,
        "learning_rate": 0.0005855610641652495,
        "batch_size": 8,
        "nhead": 2,
        "weight_decay": 0.0002369686750723516
    }
}