{
    "svm": {
        "tol": 0.001,
        "probability": true,
        "kernel": "linear",
        "gamma": 0.0001,
        "class_weight": "balanced",
        "C": 0.01
    },
    "logistic_regression": {
        "tol": 0.1,
        "solver": "sag",
        "random_state": 42,
        "max_iter": 2000,
        "class_weight": "balanced",
        "C": 0.1
    },
    "lstm": {
        "hidden_size": 10,
        "num_layers": 1,
        "dropout": 0.6081117417520056,
        "learning_rate": 0.00032328498152323337,
        "batch_size": 4,
        "weight_decay": 0.0005582942507235777
    },
    "transformer": {
        "d_model": 8,
        "num_layers": 2,
        "dropout": 0.47058960346265954,
        "learning_rate": 0.00010562179964585453,
        "batch_size": 4,
        "nhead": 2,
        "weight_decay": 0.00013808063127795155
    }
}