{
    "svm": {
        "tol": 0.001,
        "probability": true,
        "kernel": "linear",
        "gamma": 0.0001,
        "class_weight": "balanced",
        "C": 0.1
    },
    "logistic_regression": {
        "tol": 0.01,
        "solver": "lbfgs",
        "random_state": 42,
        "max_iter": 2000,
        "class_weight": "balanced",
        "C": 0.01
    },
    "lstm": {
        "hidden_size": 24,
        "num_layers": 2,
        "dropout": 0.6408604152368311,
        "learning_rate": 0.00014910334094631565,
        "batch_size": 4,
        "weight_decay": 0.00225267147346964
    },
    "transformer": {
        "d_model": 13,
        "num_layers": 2,
        "dropout": 0.6398471362454212,
        "learning_rate": 0.00037548981685484766,
        "batch_size": 4,
        "nhead": 2,
        "weight_decay": 0.0038783631290039097
    }
}