{
    "svm": {
        "tol": 0.001,
        "probability": true,
        "kernel": "linear",
        "gamma": 0.0001,
        "class_weight": "balanced",
        "C": 0.1
    },
    "logistic_regression": {
        "tol": 0.01,
        "solver": "lbfgs",
        "random_state": 42,
        "max_iter": 2000,
        "class_weight": "balanced",
        "C": 0.1
    },
    "lstm": {
        "hidden_size": 8,
        "num_layers": 2,
        "dropout": 0.3417597429870104,
        "learning_rate": 0.0002195708779487896,
        "batch_size": 8,
        "weight_decay": 0.029293186793763328
    },
    "transformer": {
        "d_model": 23,
        "num_layers": 1,
        "dropout": 0.32287339583408736,
        "learning_rate": 0.0003101943469691114,
        "batch_size": 4,
        "nhead": 2,
        "weight_decay": 0.00010177911395277945
    }
}