{
    "svm": {
        "tol": 0.001,
        "probability": true,
        "kernel": "rbf",
        "gamma": 0.1,
        "class_weight": "balanced",
        "C": 0.1
    },
    "logistic_regression": {
        "tol": 1.0,
        "solver": "sag",
        "random_state": 42,
        "max_iter": 2000,
        "class_weight": "balanced",
        "C": 0.001
    },
    "lstm": {
        "hidden_size": 9,
        "num_layers": 2,
        "dropout": 0.3014632734061113,
        "learning_rate": 0.00011377795912406337,
        "batch_size": 8,
        "weight_decay": 0.0036031604404626457
    },
    "transformer": {
        "d_model": 8,
        "num_layers": 2,
        "dropout": 0.3533863183070977,
        "learning_rate": 0.0002442567908952978,
        "batch_size": 8,
        "nhead": 2,
        "weight_decay": 0.035783527865583774
    }
}