{
    "svm": {
        "tol": 0.1,
        "probability": true,
        "kernel": "linear",
        "gamma": 0.0001,
        "class_weight": "balanced",
        "C": 0.1
    },
    "logistic_regression": {
        "tol": 0.001,
        "solver": "newton-cg",
        "random_state": 42,
        "max_iter": 2000,
        "class_weight": "balanced",
        "C": 0.1
    },
    "lstm": {
        "hidden_size": 19,
        "num_layers": 1,
        "dropout": 0.5162398381644334,
        "learning_rate": 0.0009105895022916184,
        "batch_size": 4,
        "weight_decay": 0.0033579979346005534
    },
    "transformer": {
        "d_model": 21,
        "num_layers": 1,
        "dropout": 0.4982472334732914,
        "learning_rate": 0.0006244147722466575,
        "batch_size": 4,
        "nhead": 2,
        "weight_decay": 0.028319495735702103
    }
}