{
    "svm": {
        "tol": 0.001,
        "probability": true,
        "kernel": "rbf",
        "gamma": 0.1,
        "class_weight": "balanced",
        "C": 1e-06
    },
    "logistic_regression": {
        "tol": 0.1,
        "solver": "newton-cg",
        "random_state": 42,
        "max_iter": 2000,
        "class_weight": "balanced",
        "C": 0.1
    },
    "lstm": {
        "hidden_size": 22,
        "num_layers": 1,
        "dropout": 0.43915269369824866,
        "learning_rate": 0.0001995408425259594,
        "batch_size": 8,
        "weight_decay": 0.00022213498503127123
    },
    "transformer": {
        "d_model": 24,
        "num_layers": 2,
        "dropout": 0.49664397257740833,
        "learning_rate": 0.00010013742793125617,
        "batch_size": 8,
        "nhead": 2,
        "weight_decay": 0.0036550419312917108
    }
}