{
    "svm": {
        "tol": 0.001,
        "probability": true,
        "kernel": "linear",
        "gamma": 0.0001,
        "class_weight": "balanced",
        "C": 0.1
    },
    "logistic_regression": {
        "tol": 0.1,
        "solver": "lbfgs",
        "random_state": 42,
        "max_iter": 2000,
        "class_weight": "balanced",
        "C": 0.1
    },
    "lstm": {
        "hidden_size": 20,
        "num_layers": 2,
        "dropout": 0.49751820310658906,
        "learning_rate": 0.0002415867348440882,
        "batch_size": 8,
        "weight_decay": 0.05419315078883986
    },
    "transformer": {
        "d_model": 14,
        "num_layers": 2,
        "dropout": 0.37929218159181094,
        "learning_rate": 0.00013712568387988443,
        "batch_size": 4,
        "nhead": 2,
        "weight_decay": 0.0009095587223497875
    }
}