{
    "svm": {
        "tol": 0.001,
        "probability": true,
        "kernel": "linear",
        "gamma": 0.0001,
        "class_weight": "balanced",
        "C": 0.001
    },
    "logistic_regression": {
        "tol": 0.1,
        "solver": "newton-cg",
        "random_state": 42,
        "max_iter": 2000,
        "class_weight": "balanced",
        "C": 0.01
    },
    "lstm": {
        "hidden_size": 19,
        "num_layers": 1,
        "dropout": 0.4758120722358493,
        "learning_rate": 0.00012634953759657616,
        "batch_size": 4,
        "weight_decay": 0.0033652392946280888
    },
    "transformer": {
        "d_model": 10,
        "num_layers": 1,
        "dropout": 0.5554115881133286,
        "learning_rate": 0.0001892487900435733,
        "batch_size": 8,
        "nhead": 2,
        "weight_decay": 0.003969060381757517
    }
}