{
    "svm": {
        "tol": 0.1,
        "probability": true,
        "kernel": "linear",
        "gamma": 0.0001,
        "class_weight": "balanced",
        "C": 0.01
    },
    "logistic_regression": {
        "tol": 1.0,
        "solver": "sag",
        "random_state": 42,
        "max_iter": 2000,
        "class_weight": "balanced",
        "C": 0.01
    },
    "lstm": {
        "hidden_size": 8,
        "num_layers": 1,
        "dropout": 0.4348996091293915,
        "learning_rate": 0.0002264783337451123,
        "batch_size": 8,
        "weight_decay": 0.00010278387634543393
    },
    "transformer": {
        "d_model": 11,
        "num_layers": 1,
        "dropout": 0.33709503895417486,
        "learning_rate": 0.0002703423633330808,
        "batch_size": 8,
        "nhead": 2,
        "weight_decay": 0.004070619925197083
    }
}