{
    "svm": {
        "tol": 0.001,
        "probability": true,
        "kernel": "rbf",
        "gamma": 0.1,
        "class_weight": "balanced",
        "C": 0.1
    },
    "logistic_regression": {
        "tol": 0.1,
        "solver": "newton-cg",
        "random_state": 42,
        "max_iter": 2000,
        "class_weight": "balanced",
        "C": 0.01
    },
    "lstm": {
        "hidden_size": 10,
        "num_layers": 2,
        "dropout": 0.35589038603765316,
        "learning_rate": 0.00012704774702676456,
        "batch_size": 8,
        "weight_decay": 0.0006752611334108311
    },
    "transformer": {
        "d_model": 8,
        "num_layers": 1,
        "dropout": 0.5841124000955241,
        "learning_rate": 0.00018272375097970887,
        "batch_size": 4,
        "nhead": 2,
        "weight_decay": 0.00020818406112911627
    }
}