{
    "svm": {
        "tol": 0.001,
        "probability": true,
        "kernel": "rbf",
        "gamma": 0.1,
        "class_weight": "balanced",
        "C": 0.1
    },
    "logistic_regression": {
        "tol": 0.001,
        "solver": "newton-cg",
        "random_state": 42,
        "max_iter": 2000,
        "class_weight": "balanced",
        "C": 0.1
    },
    "lstm": {
        "hidden_size": 15,
        "num_layers": 2,
        "dropout": 0.6110310406459114,
        "learning_rate": 0.00010073189766931815,
        "batch_size": 8,
        "weight_decay": 0.05037124289087311
    },
    "transformer": {
        "d_model": 12,
        "num_layers": 1,
        "dropout": 0.6953572330644686,
        "learning_rate": 0.00048014547810207027,
        "batch_size": 8,
        "nhead": 2,
        "weight_decay": 0.0036264937180630727
    }
}