{
    "svm": {
        "tol": 0.001,
        "probability": true,
        "kernel": "rbf",
        "gamma": 0.01,
        "class_weight": "balanced",
        "C": 0.1
    },
    "logistic_regression": {
        "tol": 0.1,
        "solver": "newton-cg",
        "random_state": 42,
        "max_iter": 2000,
        "class_weight": "balanced",
        "C": 0.1
    },
    "lstm": {
        "hidden_size": 24,
        "num_layers": 1,
        "dropout": 0.31738066632595496,
        "learning_rate": 0.0005022579327333606,
        "batch_size": 8,
        "weight_decay": 0.0069635559262194195
    },
    "transformer": {
        "d_model": 23,
        "num_layers": 2,
        "dropout": 0.3367617016535931,
        "learning_rate": 0.0007511499031661094,
        "batch_size": 4,
        "nhead": 2,
        "weight_decay": 0.0001594356327702006
    }
}