{
    "svm": {
        "tol": 0.001,
        "probability": true,
        "kernel": "linear",
        "gamma": 0.0001,
        "class_weight": "balanced",
        "C": 0.1
    },
    "logistic_regression": {
        "tol": 0.001,
        "solver": "newton-cg",
        "random_state": 42,
        "max_iter": 2000,
        "class_weight": "balanced",
        "C": 0.01
    },
    "lstm": {
        "hidden_size": 24,
        "num_layers": 1,
        "dropout": 0.3024115926489611,
        "learning_rate": 0.0001885670619394359,
        "batch_size": 8,
        "weight_decay": 0.01595164512621221
    },
    "transformer": {
        "d_model": 22,
        "num_layers": 1,
        "dropout": 0.369873462296937,
        "learning_rate": 0.0007137362720653882,
        "batch_size": 8,
        "nhead": 2,
        "weight_decay": 0.017053246714772617
    }
}