{
    "svm": {
        "tol": 0.001,
        "probability": true,
        "kernel": "linear",
        "gamma": 0.0001,
        "class_weight": "balanced",
        "C": 0.1
    },
    "logistic_regression": {
        "tol": 0.1,
        "solver": "newton-cg",
        "random_state": 42,
        "max_iter": 2000,
        "class_weight": "balanced",
        "C": 0.1
    },
    "lstm": {
        "hidden_size": 9,
        "num_layers": 1,
        "dropout": 0.6989793876279573,
        "learning_rate": 0.000650100175185238,
        "batch_size": 8,
        "weight_decay": 0.005495786935998044
    },
    "transformer": {
        "d_model": 15,
        "num_layers": 2,
        "dropout": 0.5700681170420955,
        "learning_rate": 0.00019036462833143812,
        "batch_size": 8,
        "nhead": 2,
        "weight_decay": 0.0006040518612045739
    }
}