{
    "svm": {
        "tol": 0.001,
        "probability": true,
        "kernel": "linear",
        "gamma": 0.0001,
        "class_weight": "balanced",
        "C": 0.1
    },
    "logistic_regression": {
        "tol": 1.0,
        "solver": "sag",
        "random_state": 42,
        "max_iter": 2000,
        "class_weight": "balanced",
        "C": 0.1
    },
    "lstm": {
        "hidden_size": 8,
        "num_layers": 1,
        "dropout": 0.4663115643359967,
        "learning_rate": 0.0006733904258135889,
        "batch_size": 4,
        "weight_decay": 0.0001139678098062953
    },
    "transformer": {
        "d_model": 23,
        "num_layers": 1,
        "dropout": 0.6388599332351473,
        "learning_rate": 0.00020981226294369286,
        "batch_size": 8,
        "nhead": 2,
        "weight_decay": 0.0002979614497799786
    }
}