{
    "svm": {
        "tol": 0.001,
        "probability": true,
        "kernel": "linear",
        "gamma": 0.0001,
        "class_weight": "balanced",
        "C": 0.1
    },
    "logistic_regression": {
        "tol": 0.001,
        "solver": "lbfgs",
        "random_state": 42,
        "max_iter": 2000,
        "class_weight": "balanced",
        "C": 0.1
    },
    "lstm": {
        "hidden_size": 23,
        "num_layers": 1,
        "dropout": 0.4120792831661891,
        "learning_rate": 0.0009647165320923576,
        "batch_size": 4,
        "weight_decay": 0.000112997159840877
    },
    "transformer": {
        "d_model": 21,
        "num_layers": 1,
        "dropout": 0.36104721545707935,
        "learning_rate": 0.0009299171475198498,
        "batch_size": 8,
        "nhead": 2,
        "weight_decay": 0.005105226567061594
    }
}