{
    "svm": null,
    "logistic_regression": null,
    "lstm": {
        "hidden_size": 15,
        "num_layers": 2,
        "dropout": 0.6507042982409933,
        "learning_rate": 0.0003004711783516757,
        "batch_size": 8,
        "weight_decay": 0.02940395760970169
    },
    "transformer": {
        "d_model": 9,
        "num_layers": 2,
        "dropout": 0.33118609444134234,
        "learning_rate": 0.00016510843936274892,
        "batch_size": 4,
        "nhead": 2,
        "weight_decay": 0.011712440910576624
    }
}