{
    "svm": {
        "tol": 0.001,
        "probability": true,
        "kernel": "linear",
        "gamma": 0.0001,
        "class_weight": "balanced",
        "C": 0.01
    },
    "logistic_regression": {
        "tol": 0.1,
        "solver": "lbfgs",
        "random_state": 42,
        "max_iter": 2000,
        "class_weight": "balanced",
        "C": 0.01
    },
    "lstm": {
        "hidden_size": 23,
        "num_layers": 2,
        "dropout": 0.3959065585344858,
        "learning_rate": 0.00025915215950556464,
        "batch_size": 8,
        "weight_decay": 0.0003613534492028503
    },
    "transformer": {
        "d_model": 19,
        "num_layers": 1,
        "dropout": 0.5199216681948302,
        "learning_rate": 0.000519314037188407,
        "batch_size": 8,
        "nhead": 2,
        "weight_decay": 0.0010103102007616124
    }
}