{
    "svm": {
        "tol": 0.001,
        "probability": true,
        "kernel": "linear",
        "gamma": 0.0001,
        "class_weight": "balanced",
        "C": 0.1
    },
    "logistic_regression": {
        "tol": 0.1,
        "solver": "saga",
        "random_state": 42,
        "max_iter": 2000,
        "class_weight": "balanced",
        "C": 0.1
    },
    "lstm": {
        "hidden_size": 11,
        "num_layers": 1,
        "dropout": 0.6724967666874754,
        "learning_rate": 0.00047351920341996776,
        "batch_size": 4,
        "weight_decay": 0.028598582334098604
    },
    "transformer": {
        "d_model": 10,
        "num_layers": 1,
        "dropout": 0.3790013711961633,
        "learning_rate": 0.00022716590072816988,
        "batch_size": 4,
        "nhead": 2,
        "weight_decay": 0.08650592735736506
    }
}