{
    "svm": {
        "tol": 0.001,
        "probability": true,
        "kernel": "rbf",
        "gamma": 0.1,
        "class_weight": "balanced",
        "C": 1e-06
    },
    "logistic_regression": {
        "tol": 0.1,
        "solver": "sag",
        "random_state": 42,
        "max_iter": 2000,
        "class_weight": "balanced",
        "C": 0.1
    },
    "lstm": {
        "hidden_size": 8,
        "num_layers": 2,
        "dropout": 0.6917816235200508,
        "learning_rate": 0.00021052788224765903,
        "batch_size": 8,
        "weight_decay": 0.00010851893500357942
    },
    "transformer": {
        "d_model": 9,
        "num_layers": 1,
        "dropout": 0.6763205616923879,
        "learning_rate": 0.00020645114666639698,
        "batch_size": 8,
        "nhead": 2,
        "weight_decay": 0.004118840570371445
    }
}