{
    "svm": {
        "tol": 0.001,
        "probability": true,
        "kernel": "rbf",
        "gamma": 0.1,
        "class_weight": "balanced",
        "C": 1e-06
    },
    "logistic_regression": {
        "tol": 0.01,
        "solver": "sag",
        "random_state": 42,
        "max_iter": 2000,
        "class_weight": "balanced",
        "C": 0.1
    },
    "lstm": {
        "hidden_size": 22,
        "num_layers": 2,
        "dropout": 0.6814750043359933,
        "learning_rate": 0.0001941749068994383,
        "batch_size": 8,
        "weight_decay": 0.0003303371771630283
    },
    "transformer": {
        "d_model": 8,
        "num_layers": 2,
        "dropout": 0.5449077474534716,
        "learning_rate": 0.0001011205940890542,
        "batch_size": 8,
        "nhead": 2,
        "weight_decay": 0.0009700256025579911
    }
}