{
    "svm": {
        "tol": 0.001,
        "probability": true,
        "kernel": "linear",
        "gamma": 0.0001,
        "class_weight": "balanced",
        "C": 0.1
    },
    "logistic_regression": {
        "tol": 0.001,
        "solver": "newton-cg",
        "random_state": 42,
        "max_iter": 2000,
        "class_weight": "balanced",
        "C": 0.1
    },
    "lstm": {
        "hidden_size": 21,
        "num_layers": 2,
        "dropout": 0.33580925213048146,
        "learning_rate": 0.0008157181642298352,
        "batch_size": 4,
        "weight_decay": 0.00030528056072162175
    },
    "transformer": {
        "d_model": 19,
        "num_layers": 2,
        "dropout": 0.4038104374853603,
        "learning_rate": 0.0009730072918428897,
        "batch_size": 4,
        "nhead": 2,
        "weight_decay": 0.08239337417396106
    }
}