{
    "svm": {
        "tol": 0.1,
        "probability": true,
        "kernel": "linear",
        "gamma": 0.0001,
        "class_weight": "balanced",
        "C": 0.1
    },
    "logistic_regression": {
        "tol": 0.001,
        "solver": "newton-cg",
        "random_state": 42,
        "max_iter": 2000,
        "class_weight": "balanced",
        "C": 0.1
    },
    "lstm": {
        "hidden_size": 19,
        "num_layers": 1,
        "dropout": 0.4630488433509378,
        "learning_rate": 0.0002492549721407582,
        "batch_size": 8,
        "weight_decay": 0.0006508465736147159
    },
    "transformer": {
        "d_model": 14,
        "num_layers": 1,
        "dropout": 0.359803744784824,
        "learning_rate": 0.0006538182858628547,
        "batch_size": 4,
        "nhead": 2,
        "weight_decay": 0.0002816443967318188
    }
}