{
    "svm": {
        "tol": 0.001,
        "probability": true,
        "kernel": "linear",
        "gamma": 0.0001,
        "class_weight": "balanced",
        "C": 0.1
    },
    "logistic_regression": {
        "tol": 1.0,
        "solver": "saga",
        "random_state": 42,
        "max_iter": 2000,
        "class_weight": "balanced",
        "C": 0.001
    },
    "lstm": {
        "hidden_size": 12,
        "num_layers": 1,
        "dropout": 0.5345595435858751,
        "learning_rate": 0.00016147660360933184,
        "batch_size": 8,
        "weight_decay": 0.0011670294924106476
    },
    "transformer": {
        "d_model": 23,
        "num_layers": 2,
        "dropout": 0.5126623991116588,
        "learning_rate": 0.00010736202265871474,
        "batch_size": 8,
        "nhead": 2,
        "weight_decay": 0.0011638705497010408
    }
}