{
    "svm": {
        "tol": 0.001,
        "probability": true,
        "kernel": "rbf",
        "gamma": 0.1,
        "class_weight": "balanced",
        "C": 0.1
    },
    "logistic_regression": {
        "tol": 0.01,
        "solver": "lbfgs",
        "random_state": 42,
        "max_iter": 2000,
        "class_weight": "balanced",
        "C": 0.1
    },
    "lstm": {
        "hidden_size": 14,
        "num_layers": 1,
        "dropout": 0.33248596746497056,
        "learning_rate": 0.00011358308084044045,
        "batch_size": 4,
        "weight_decay": 0.005055538019639706
    },
    "transformer": {
        "d_model": 13,
        "num_layers": 1,
        "dropout": 0.6423637142860859,
        "learning_rate": 0.00047278004521382174,
        "batch_size": 8,
        "nhead": 2,
        "weight_decay": 0.00010756638426632475
    }
}