{
    "svm": {
        "tol": 0.001,
        "probability": true,
        "kernel": "rbf",
        "gamma": 0.1,
        "class_weight": "balanced",
        "C": 0.1
    },
    "logistic_regression": {
        "tol": 0.01,
        "solver": "lbfgs",
        "random_state": 42,
        "max_iter": 2000,
        "class_weight": "balanced",
        "C": 0.1
    },
    "lstm": {
        "hidden_size": 10,
        "num_layers": 1,
        "dropout": 0.547216653608039,
        "learning_rate": 0.0001113703581410196,
        "batch_size": 4,
        "weight_decay": 0.012299337496691907
    },
    "transformer": {
        "d_model": 9,
        "num_layers": 2,
        "dropout": 0.5770743708930055,
        "learning_rate": 0.00027870411805931206,
        "batch_size": 4,
        "nhead": 2,
        "weight_decay": 0.0002488964291382935
    }
}