{
    "svm": {
        "tol": 0.1,
        "probability": true,
        "kernel": "rbf",
        "gamma": 0.1,
        "class_weight": "balanced",
        "C": 0.1
    },
    "logistic_regression": {
        "tol": 0.1,
        "solver": "newton-cg",
        "random_state": 42,
        "max_iter": 2000,
        "class_weight": "balanced",
        "C": 0.1
    },
    "lstm": {
        "hidden_size": 16,
        "num_layers": 2,
        "dropout": 0.6891068871824757,
        "learning_rate": 0.0009374238345270091,
        "batch_size": 8,
        "weight_decay": 0.00010253333795794811
    },
    "transformer": {
        "d_model": 21,
        "num_layers": 1,
        "dropout": 0.5170405792329544,
        "learning_rate": 0.0005427820398526484,
        "batch_size": 8,
        "nhead": 2,
        "weight_decay": 0.002148515980243117
    }
}