{
    "svm": {
        "tol": 0.001,
        "probability": true,
        "kernel": "linear",
        "gamma": 0.0001,
        "class_weight": "balanced",
        "C": 0.01
    },
    "logistic_regression": {
        "tol": 0.01,
        "solver": "lbfgs",
        "random_state": 42,
        "max_iter": 2000,
        "class_weight": "balanced",
        "C": 0.1
    },
    "lstm": {
        "hidden_size": 8,
        "num_layers": 1,
        "dropout": 0.34438864899162075,
        "learning_rate": 0.0005456073871304423,
        "batch_size": 8,
        "weight_decay": 0.004398672596344464
    },
    "transformer": {
        "d_model": 15,
        "num_layers": 1,
        "dropout": 0.42338144877953016,
        "learning_rate": 0.00020042252478100585,
        "batch_size": 8,
        "nhead": 2,
        "weight_decay": 0.0005893622622846422
    }
}