{
    "svm": {
        "tol": 0.001,
        "probability": true,
        "kernel": "rbf",
        "gamma": 0.1,
        "class_weight": "balanced",
        "C": 0.1
    },
    "logistic_regression": {
        "tol": 0.01,
        "solver": "lbfgs",
        "random_state": 42,
        "max_iter": 2000,
        "class_weight": "balanced",
        "C": 0.1
    },
    "lstm": {
        "hidden_size": 8,
        "num_layers": 1,
        "dropout": 0.5730056757634572,
        "learning_rate": 0.00016862000549929898,
        "batch_size": 4,
        "weight_decay": 0.09602753449324843
    },
    "transformer": {
        "d_model": 15,
        "num_layers": 1,
        "dropout": 0.6144581282292296,
        "learning_rate": 0.0001237189280383613,
        "batch_size": 8,
        "nhead": 2,
        "weight_decay": 0.004917053706691595
    }
}