{
    "svm": {
        "tol": 0.001,
        "probability": true,
        "kernel": "linear",
        "gamma": 0.0001,
        "class_weight": "balanced",
        "C": 0.1
    },
    "logistic_regression": {
        "tol": 0.001,
        "solver": "newton-cg",
        "random_state": 42,
        "max_iter": 2000,
        "class_weight": "balanced",
        "C": 0.1
    },
    "lstm": {
        "hidden_size": 24,
        "num_layers": 1,
        "dropout": 0.6867293683057305,
        "learning_rate": 0.0004636118405078058,
        "batch_size": 4,
        "weight_decay": 0.08526730678454635
    },
    "transformer": {
        "d_model": 19,
        "num_layers": 1,
        "dropout": 0.3192218832004964,
        "learning_rate": 0.0001676332334097047,
        "batch_size": 4,
        "nhead": 2,
        "weight_decay": 0.003377998268729664
    }
}