{
    "svm": {
        "tol": 0.001,
        "probability": true,
        "kernel": "rbf",
        "gamma": 0.01,
        "class_weight": "balanced",
        "C": 0.1
    },
    "logistic_regression": {
        "tol": 1.0,
        "solver": "saga",
        "random_state": 42,
        "max_iter": 2000,
        "class_weight": "balanced",
        "C": 0.001
    },
    "lstm": {
        "hidden_size": 21,
        "num_layers": 1,
        "dropout": 0.6222526130983193,
        "learning_rate": 0.00011101393889951508,
        "batch_size": 8,
        "weight_decay": 0.046421021049935465
    },
    "transformer": {
        "d_model": 13,
        "num_layers": 2,
        "dropout": 0.5895518138974726,
        "learning_rate": 0.00022900698730493182,
        "batch_size": 4,
        "nhead": 2,
        "weight_decay": 0.0036839839017264856
    }
}