{
    "svm": {
        "tol": 0.001,
        "probability": true,
        "kernel": "linear",
        "gamma": 0.0001,
        "class_weight": "balanced",
        "C": 0.1
    },
    "logistic_regression": {
        "tol": 1.0,
        "solver": "sag",
        "random_state": 42,
        "max_iter": 2000,
        "class_weight": "balanced",
        "C": 0.1
    },
    "lstm": {
        "hidden_size": 8,
        "num_layers": 2,
        "dropout": 0.5534626655478516,
        "learning_rate": 0.00030152979311816097,
        "batch_size": 8,
        "weight_decay": 0.021399429232422777
    },
    "transformer": {
        "d_model": 24,
        "num_layers": 1,
        "dropout": 0.6990443060304468,
        "learning_rate": 0.00023047630717252596,
        "batch_size": 8,
        "nhead": 2,
        "weight_decay": 0.00010865827953284486
    }
}