{
    "svm": {
        "tol": 0.001,
        "probability": true,
        "kernel": "linear",
        "gamma": 0.0001,
        "class_weight": "balanced",
        "C": 0.01
    },
    "logistic_regression": {
        "tol": 0.1,
        "solver": "saga",
        "random_state": 42,
        "max_iter": 2000,
        "class_weight": "balanced",
        "C": 0.01
    },
    "lstm": {
        "hidden_size": 20,
        "num_layers": 1,
        "dropout": 0.6202390605577276,
        "learning_rate": 0.0006500449135644895,
        "batch_size": 8,
        "weight_decay": 0.008112685627194015
    },
    "transformer": {
        "d_model": 21,
        "num_layers": 1,
        "dropout": 0.3887510776215865,
        "learning_rate": 0.0006941117926940597,
        "batch_size": 8,
        "nhead": 2,
        "weight_decay": 0.057127181163842036
    }
}