{
    "svm": {
        "tol": 0.1,
        "probability": true,
        "kernel": "linear",
        "gamma": 0.0001,
        "class_weight": "balanced",
        "C": 0.1
    },
    "logistic_regression": {
        "tol": 1.0,
        "solver": "newton-cg",
        "random_state": 42,
        "max_iter": 2000,
        "class_weight": "balanced",
        "C": 0.001
    },
    "lstm": {
        "hidden_size": 17,
        "num_layers": 1,
        "dropout": 0.6960696951094509,
        "learning_rate": 0.0005179924767139643,
        "batch_size": 4,
        "weight_decay": 0.09638384458158203
    },
    "transformer": {
        "d_model": 18,
        "num_layers": 2,
        "dropout": 0.36948353333524514,
        "learning_rate": 0.0001550018594660852,
        "batch_size": 4,
        "nhead": 2,
        "weight_decay": 0.009704417486332124
    }
}