{
    "svm": {
        "tol": 0.001,
        "probability": true,
        "kernel": "linear",
        "gamma": 0.0001,
        "class_weight": "balanced",
        "C": 0.01
    },
    "logistic_regression": {
        "tol": 0.1,
        "solver": "sag",
        "random_state": 42,
        "max_iter": 2000,
        "class_weight": "balanced",
        "C": 0.1
    },
    "lstm": {
        "hidden_size": 9,
        "num_layers": 1,
        "dropout": 0.697934382280786,
        "learning_rate": 0.00011569010156789225,
        "batch_size": 8,
        "weight_decay": 0.0006784845816460177
    },
    "transformer": {
        "d_model": 21,
        "num_layers": 1,
        "dropout": 0.461236682654553,
        "learning_rate": 0.00011086560944221322,
        "batch_size": 8,
        "nhead": 2,
        "weight_decay": 0.022845155808462768
    }
}