{
    "svm": {
        "tol": 0.001,
        "probability": true,
        "kernel": "linear",
        "gamma": 0.0001,
        "class_weight": "balanced",
        "C": 0.01
    },
    "logistic_regression": {
        "tol": 0.1,
        "solver": "newton-cg",
        "random_state": 42,
        "max_iter": 2000,
        "class_weight": "balanced",
        "C": 0.1
    },
    "lstm": {
        "hidden_size": 8,
        "num_layers": 1,
        "dropout": 0.45826058484757176,
        "learning_rate": 0.00011614981176662851,
        "batch_size": 8,
        "weight_decay": 0.00016424217324897627
    },
    "transformer": {
        "d_model": 13,
        "num_layers": 2,
        "dropout": 0.6795615952126906,
        "learning_rate": 0.0002054941162230431,
        "batch_size": 4,
        "nhead": 2,
        "weight_decay": 0.004186132233446706
    }
}