{
    "svm": {
        "tol": 0.001,
        "probability": true,
        "kernel": "linear",
        "gamma": 0.0001,
        "class_weight": "balanced",
        "C": 0.001
    },
    "logistic_regression": {
        "tol": 0.1,
        "solver": "newton-cg",
        "random_state": 42,
        "max_iter": 2000,
        "class_weight": "balanced",
        "C": 0.001
    },
    "lstm": {
        "hidden_size": 23,
        "num_layers": 1,
        "dropout": 0.30305637216940584,
        "learning_rate": 0.0008864071911139236,
        "batch_size": 8,
        "weight_decay": 0.00010078030394739054
    },
    "transformer": {
        "d_model": 17,
        "num_layers": 1,
        "dropout": 0.34087305776654125,
        "learning_rate": 0.00029846739732806223,
        "batch_size": 4,
        "nhead": 2,
        "weight_decay": 0.009233932896302574
    }
}