{
    "svm": {
        "tol": 0.001,
        "probability": true,
        "kernel": "rbf",
        "gamma": 0.1,
        "class_weight": "balanced",
        "C": 1e-06
    },
    "logistic_regression": {
        "tol": 1.0,
        "solver": "saga",
        "random_state": 42,
        "max_iter": 2000,
        "class_weight": "balanced",
        "C": 0.1
    },
    "lstm": {
        "hidden_size": 12,
        "num_layers": 1,
        "dropout": 0.4767879920801865,
        "learning_rate": 0.000184801315018402,
        "batch_size": 8,
        "weight_decay": 0.0010371439648713774
    },
    "transformer": {
        "d_model": 23,
        "num_layers": 2,
        "dropout": 0.46907967859268795,
        "learning_rate": 0.00018558533039752024,
        "batch_size": 4,
        "nhead": 2,
        "weight_decay": 0.00017174317692858897
    }
}