{
    "svm": {
        "tol": 0.001,
        "probability": true,
        "kernel": "rbf",
        "gamma": 0.1,
        "class_weight": "balanced",
        "C": 0.1
    },
    "logistic_regression": {
        "tol": 0.001,
        "solver": "newton-cg",
        "random_state": 42,
        "max_iter": 2000,
        "class_weight": "balanced",
        "C": 0.1
    },
    "lstm": {
        "hidden_size": 19,
        "num_layers": 1,
        "dropout": 0.3374267233740295,
        "learning_rate": 0.00011634173857130644,
        "batch_size": 4,
        "weight_decay": 0.06654992959104626
    },
    "transformer": {
        "d_model": 15,
        "num_layers": 2,
        "dropout": 0.5509193871552667,
        "learning_rate": 0.0005117680080855832,
        "batch_size": 8,
        "nhead": 2,
        "weight_decay": 0.003097404394378529
    }
}