{
    "svm": {
        "tol": 0.001,
        "probability": true,
        "kernel": "linear",
        "gamma": 0.0001,
        "class_weight": "balanced",
        "C": 0.1
    },
    "logistic_regression": {
        "tol": 0.001,
        "solver": "newton-cg",
        "random_state": 42,
        "max_iter": 2000,
        "class_weight": "balanced",
        "C": 0.1
    },
    "lstm": {
        "hidden_size": 20,
        "num_layers": 1,
        "dropout": 0.4831569318024915,
        "learning_rate": 0.00047711940416963555,
        "batch_size": 8,
        "weight_decay": 0.0007514645548525703
    },
    "transformer": {
        "d_model": 8,
        "num_layers": 1,
        "dropout": 0.6979236328777509,
        "learning_rate": 0.00014360533711184857,
        "batch_size": 8,
        "nhead": 2,
        "weight_decay": 0.014466933141130086
    }
}