{
    "svm": {
        "tol": 0.001,
        "probability": true,
        "kernel": "linear",
        "gamma": 0.0001,
        "class_weight": "balanced",
        "C": 0.1
    },
    "logistic_regression": {
        "tol": 1.0,
        "solver": "saga",
        "random_state": 42,
        "max_iter": 2000,
        "class_weight": "balanced",
        "C": 0.001
    },
    "lstm": {
        "hidden_size": 8,
        "num_layers": 2,
        "dropout": 0.32882074491541313,
        "learning_rate": 0.00010641196863332625,
        "batch_size": 8,
        "weight_decay": 0.00010129332773732363
    },
    "transformer": {
        "d_model": 8,
        "num_layers": 1,
        "dropout": 0.6219621340247133,
        "learning_rate": 0.00010505674641709392,
        "batch_size": 8,
        "nhead": 2,
        "weight_decay": 0.011160921777072086
    }
}