{
    "svm": {
        "tol": 0.001,
        "probability": true,
        "kernel": "linear",
        "gamma": 0.0001,
        "class_weight": "balanced",
        "C": 0.1
    },
    "logistic_regression": {
        "tol": 0.001,
        "solver": "newton-cg",
        "random_state": 42,
        "max_iter": 2000,
        "class_weight": "balanced",
        "C": 0.1
    },
    "lstm": {
        "hidden_size": 22,
        "num_layers": 2,
        "dropout": 0.517250537267724,
        "learning_rate": 0.0008738430425024216,
        "batch_size": 4,
        "weight_decay": 0.004613082684906268
    },
    "transformer": {
        "d_model": 23,
        "num_layers": 2,
        "dropout": 0.37026162678584423,
        "learning_rate": 0.0006732588183268504,
        "batch_size": 4,
        "nhead": 2,
        "weight_decay": 0.05340232729024605
    }
}