{
    "svm": {
        "tol": 0.001,
        "probability": true,
        "kernel": "linear",
        "gamma": 0.0001,
        "class_weight": "balanced",
        "C": 0.01
    },
    "logistic_regression": {
        "tol": 0.001,
        "solver": "newton-cg",
        "random_state": 42,
        "max_iter": 2000,
        "class_weight": "balanced",
        "C": 0.1
    },
    "lstm": {
        "hidden_size": 9,
        "num_layers": 1,
        "dropout": 0.5315627530468534,
        "learning_rate": 0.00010055612832300441,
        "batch_size": 8,
        "weight_decay": 0.002056991909804376
    },
    "transformer": {
        "d_model": 8,
        "num_layers": 1,
        "dropout": 0.3746488928875914,
        "learning_rate": 0.00011690392907331035,
        "batch_size": 4,
        "nhead": 2,
        "weight_decay": 0.006931718281641598
    }
}