{
    "svm": {
        "tol": 0.1,
        "probability": true,
        "kernel": "linear",
        "gamma": 0.0001,
        "class_weight": "balanced",
        "C": 0.1
    },
    "logistic_regression": {
        "tol": 0.001,
        "solver": "saga",
        "random_state": 42,
        "max_iter": 2000,
        "class_weight": "balanced",
        "C": 0.001
    },
    "lstm": {
        "hidden_size": 17,
        "num_layers": 1,
        "dropout": 0.4551473241000391,
        "learning_rate": 0.00011787604169817429,
        "batch_size": 8,
        "weight_decay": 0.00019371955238742323
    },
    "transformer": {
        "d_model": 20,
        "num_layers": 2,
        "dropout": 0.6815834104950239,
        "learning_rate": 0.0002381973013819733,
        "batch_size": 8,
        "nhead": 2,
        "weight_decay": 0.0013643927654133179
    }
}