{
    "svm": {
        "tol": 0.001,
        "probability": true,
        "kernel": "rbf",
        "gamma": 0.1,
        "class_weight": "balanced",
        "C": 0.1
    },
    "logistic_regression": {
        "tol": 0.001,
        "solver": "newton-cg",
        "random_state": 42,
        "max_iter": 2000,
        "class_weight": "balanced",
        "C": 0.1
    },
    "lstm": {
        "hidden_size": 12,
        "num_layers": 1,
        "dropout": 0.6785977625607753,
        "learning_rate": 0.00020755344316717144,
        "batch_size": 8,
        "weight_decay": 0.005971424234021089
    },
    "transformer": {
        "d_model": 21,
        "num_layers": 2,
        "dropout": 0.5978343823116825,
        "learning_rate": 0.0002642899901190819,
        "batch_size": 4,
        "nhead": 2,
        "weight_decay": 0.00033410225371537046
    }
}