{
    "svm": {
        "tol": 0.001,
        "probability": true,
        "kernel": "linear",
        "gamma": 0.0001,
        "class_weight": "balanced",
        "C": 0.01
    },
    "logistic_regression": {
        "tol": 0.1,
        "solver": "sag",
        "random_state": 42,
        "max_iter": 2000,
        "class_weight": "balanced",
        "C": 0.01
    },
    "lstm": {
        "hidden_size": 20,
        "num_layers": 2,
        "dropout": 0.5639490609546893,
        "learning_rate": 0.00023542646096399365,
        "batch_size": 4,
        "weight_decay": 0.0013730864754419717
    },
    "transformer": {
        "d_model": 10,
        "num_layers": 2,
        "dropout": 0.4011108643875197,
        "learning_rate": 0.0009556331880240207,
        "batch_size": 4,
        "nhead": 2,
        "weight_decay": 0.00017285774331014244
    }
}