{
    "svm": {
        "tol": 0.001,
        "probability": true,
        "kernel": "rbf",
        "gamma": 0.1,
        "class_weight": "balanced",
        "C": 0.1
    },
    "logistic_regression": {
        "tol": 0.001,
        "solver": "newton-cg",
        "random_state": 42,
        "max_iter": 2000,
        "class_weight": "balanced",
        "C": 0.001
    },
    "lstm": {
        "hidden_size": 21,
        "num_layers": 2,
        "dropout": 0.6161264100647046,
        "learning_rate": 0.0009999669467881808,
        "batch_size": 4,
        "weight_decay": 0.0009358065844683673
    },
    "transformer": {
        "d_model": 23,
        "num_layers": 2,
        "dropout": 0.38101772086308394,
        "learning_rate": 0.000849946687175256,
        "batch_size": 4,
        "nhead": 2,
        "weight_decay": 0.004714741959802472
    }
}