{
    "svm": {
        "tol": 0.001,
        "probability": true,
        "kernel": "rbf",
        "gamma": 0.1,
        "class_weight": "balanced",
        "C": 0.01
    },
    "logistic_regression": {
        "tol": 1.0,
        "solver": "newton-cg",
        "random_state": 42,
        "max_iter": 2000,
        "class_weight": "balanced",
        "C": 0.001
    },
    "lstm": {
        "hidden_size": 13,
        "num_layers": 1,
        "dropout": 0.690035334346927,
        "learning_rate": 0.00010052447606966031,
        "batch_size": 4,
        "weight_decay": 0.09565189401476475
    },
    "transformer": {
        "d_model": 21,
        "num_layers": 2,
        "dropout": 0.6813704993290352,
        "learning_rate": 0.00026559281189554254,
        "batch_size": 8,
        "nhead": 2,
        "weight_decay": 0.00011511487339284863
    }
}