{
    "svm": {
        "tol": 0.001,
        "probability": true,
        "kernel": "rbf",
        "gamma": 0.1,
        "class_weight": "balanced",
        "C": 0.1
    },
    "logistic_regression": {
        "tol": 0.001,
        "solver": "newton-cg",
        "random_state": 42,
        "max_iter": 2000,
        "class_weight": "balanced",
        "C": 0.1
    },
    "lstm": {
        "hidden_size": 10,
        "num_layers": 1,
        "dropout": 0.6689202961366915,
        "learning_rate": 0.00011141425243032565,
        "batch_size": 4,
        "weight_decay": 0.00017082847572727546
    },
    "transformer": {
        "d_model": 13,
        "num_layers": 1,
        "dropout": 0.4156993850751075,
        "learning_rate": 0.00016045416593346874,
        "batch_size": 8,
        "nhead": 2,
        "weight_decay": 0.02459752082947817
    }
}