{
    "svm": {
        "tol": 0.001,
        "probability": true,
        "kernel": "rbf",
        "gamma": 0.1,
        "class_weight": "balanced",
        "C": 0.1
    },
    "logistic_regression": {
        "tol": 1.0,
        "solver": "sag",
        "random_state": 42,
        "max_iter": 2000,
        "class_weight": "balanced",
        "C": 0.1
    },
    "lstm": {
        "hidden_size": 13,
        "num_layers": 1,
        "dropout": 0.5321526601900892,
        "learning_rate": 0.0002092820005525388,
        "batch_size": 4,
        "weight_decay": 0.0021552484687497797
    },
    "transformer": {
        "d_model": 18,
        "num_layers": 2,
        "dropout": 0.516445856305373,
        "learning_rate": 0.0001445774505757415,
        "batch_size": 8,
        "nhead": 2,
        "weight_decay": 0.020980137277477155
    }
}