{
    "svm": {
        "tol": 0.001,
        "probability": true,
        "kernel": "linear",
        "gamma": 0.0001,
        "class_weight": "balanced",
        "C": 0.1
    },
    "logistic_regression": {
        "tol": 0.1,
        "solver": "newton-cg",
        "random_state": 42,
        "max_iter": 2000,
        "class_weight": "balanced",
        "C": 0.1
    },
    "lstm": {
        "hidden_size": 21,
        "num_layers": 1,
        "dropout": 0.5416314188883773,
        "learning_rate": 0.00037552327825368453,
        "batch_size": 8,
        "weight_decay": 0.012136610570679093
    },
    "transformer": {
        "d_model": 15,
        "num_layers": 1,
        "dropout": 0.3015622000706673,
        "learning_rate": 0.0001053349152509089,
        "batch_size": 4,
        "nhead": 2,
        "weight_decay": 0.00013431689884519757
    }
}