{
    "svm": {
        "tol": 0.001,
        "probability": true,
        "kernel": "rbf",
        "gamma": 0.1,
        "class_weight": "balanced",
        "C": 1e-06
    },
    "logistic_regression": {
        "tol": 0.1,
        "solver": "newton-cg",
        "random_state": 42,
        "max_iter": 2000,
        "class_weight": "balanced",
        "C": 0.001
    },
    "lstm": {
        "hidden_size": 14,
        "num_layers": 1,
        "dropout": 0.49639612771849806,
        "learning_rate": 0.0002656108808662431,
        "batch_size": 8,
        "weight_decay": 0.017546736164977025
    },
    "transformer": {
        "d_model": 10,
        "num_layers": 1,
        "dropout": 0.5241726271765123,
        "learning_rate": 0.00030449116489629036,
        "batch_size": 4,
        "nhead": 2,
        "weight_decay": 0.00019722883340640623
    }
}