{
    "svm": {
        "tol": 0.001,
        "probability": true,
        "kernel": "rbf",
        "gamma": 1.0,
        "class_weight": "balanced",
        "C": 0.1
    },
    "logistic_regression": {
        "tol": 0.001,
        "solver": "lbfgs",
        "random_state": 42,
        "max_iter": 2000,
        "class_weight": "balanced",
        "C": 0.1
    },
    "lstm": {
        "hidden_size": 8,
        "num_layers": 2,
        "dropout": 0.5519296434142866,
        "learning_rate": 0.00012442781853619505,
        "batch_size": 4,
        "weight_decay": 0.0004670355290251671
    },
    "transformer": {
        "d_model": 12,
        "num_layers": 1,
        "dropout": 0.6324868583445339,
        "learning_rate": 0.0003310047518089633,
        "batch_size": 8,
        "nhead": 2,
        "weight_decay": 0.06055138756211654
    }
}