{
    "svm": {
        "tol": 0.001,
        "probability": true,
        "kernel": "linear",
        "gamma": 0.0001,
        "class_weight": "balanced",
        "C": 0.01
    },
    "logistic_regression": {
        "tol": 0.01,
        "solver": "saga",
        "random_state": 42,
        "max_iter": 2000,
        "class_weight": "balanced",
        "C": 0.1
    },
    "lstm": {
        "hidden_size": 13,
        "num_layers": 1,
        "dropout": 0.689979008759102,
        "learning_rate": 0.00010448549508057822,
        "batch_size": 4,
        "weight_decay": 0.006898919842012222
    },
    "transformer": {
        "d_model": 11,
        "num_layers": 2,
        "dropout": 0.3721208440469203,
        "learning_rate": 0.0001686005101739061,
        "batch_size": 4,
        "nhead": 2,
        "weight_decay": 0.001288401840105722
    }
}