{
    "svm": {
        "tol": 0.001,
        "probability": true,
        "kernel": "linear",
        "gamma": 0.0001,
        "class_weight": "balanced",
        "C": 0.01
    },
    "logistic_regression": {
        "tol": 1.0,
        "solver": "sag",
        "random_state": 42,
        "max_iter": 2000,
        "class_weight": "balanced",
        "C": 0.001
    },
    "lstm": {
        "hidden_size": 8,
        "num_layers": 2,
        "dropout": 0.5415264216039488,
        "learning_rate": 0.00014355551923707095,
        "batch_size": 8,
        "weight_decay": 0.00020110161450517198
    },
    "transformer": {
        "d_model": 24,
        "num_layers": 2,
        "dropout": 0.667531533627524,
        "learning_rate": 0.0001950779427397662,
        "batch_size": 4,
        "nhead": 2,
        "weight_decay": 0.0021301792366637557
    }
}