{
    "svm": {
        "tol": 0.001,
        "probability": true,
        "kernel": "linear",
        "gamma": 0.0001,
        "class_weight": "balanced",
        "C": 0.1
    },
    "logistic_regression": {
        "tol": 0.1,
        "solver": "newton-cg",
        "random_state": 42,
        "max_iter": 2000,
        "class_weight": "balanced",
        "C": 0.1
    },
    "lstm": {
        "hidden_size": 18,
        "num_layers": 1,
        "dropout": 0.5398420828676994,
        "learning_rate": 0.000729466436468975,
        "batch_size": 8,
        "weight_decay": 0.0001944176971658053
    },
    "transformer": {
        "d_model": 21,
        "num_layers": 1,
        "dropout": 0.35161413078257475,
        "learning_rate": 0.0009663602903695878,
        "batch_size": 8,
        "nhead": 2,
        "weight_decay": 0.0017757395843218432
    }
}