{
    "svm": {
        "tol": 0.001,
        "probability": true,
        "kernel": "rbf",
        "gamma": 0.1,
        "class_weight": "balanced",
        "C": 0.1
    },
    "logistic_regression": {
        "tol": 1.0,
        "solver": "newton-cg",
        "random_state": 42,
        "max_iter": 2000,
        "class_weight": "balanced",
        "C": 0.001
    },
    "lstm": {
        "hidden_size": 11,
        "num_layers": 1,
        "dropout": 0.4819834878141275,
        "learning_rate": 0.00010357668663691163,
        "batch_size": 8,
        "weight_decay": 0.008055901438691894
    },
    "transformer": {
        "d_model": 19,
        "num_layers": 2,
        "dropout": 0.6767334837039474,
        "learning_rate": 0.00015940451835123954,
        "batch_size": 8,
        "nhead": 2,
        "weight_decay": 0.00011697354715863549
    }
}