{
    "svm": {
        "tol": 0.1,
        "probability": true,
        "kernel": "linear",
        "gamma": 0.0001,
        "class_weight": "balanced",
        "C": 0.1
    },
    "logistic_regression": {
        "tol": 0.001,
        "solver": "lbfgs",
        "random_state": 42,
        "max_iter": 2000,
        "class_weight": "balanced",
        "C": 0.1
    },
    "lstm": {
        "hidden_size": 11,
        "num_layers": 2,
        "dropout": 0.6269989063126338,
        "learning_rate": 0.0003321802929234378,
        "batch_size": 4,
        "weight_decay": 0.04140822806097777
    },
    "transformer": {
        "d_model": 10,
        "num_layers": 1,
        "dropout": 0.3072510104276326,
        "learning_rate": 0.0001707831585175952,
        "batch_size": 4,
        "nhead": 2,
        "weight_decay": 0.008728279684218958
    }
}