{
    "svm": {
        "tol": 0.001,
        "probability": true,
        "kernel": "rbf",
        "gamma": 0.0001,
        "class_weight": "balanced",
        "C": 1e-06
    },
    "logistic_regression": {
        "tol": 0.001,
        "solver": "newton-cg",
        "random_state": 42,
        "max_iter": 2000,
        "class_weight": "balanced",
        "C": 0.1
    },
    "lstm": {
        "hidden_size": 8,
        "num_layers": 1,
        "dropout": 0.5826856971142846,
        "learning_rate": 0.00014949443525005875,
        "batch_size": 8,
        "weight_decay": 0.010147537317769479
    },
    "transformer": {
        "d_model": 18,
        "num_layers": 1,
        "dropout": 0.3985405679200529,
        "learning_rate": 0.00011242292729700516,
        "batch_size": 8,
        "nhead": 2,
        "weight_decay": 0.0015890151584617312
    }
}