{
    "svm": {
        "tol": 0.001,
        "probability": true,
        "kernel": "linear",
        "gamma": 0.0001,
        "class_weight": "balanced",
        "C": 0.1
    },
    "logistic_regression": {
        "tol": 0.01,
        "solver": "lbfgs",
        "random_state": 42,
        "max_iter": 2000,
        "class_weight": "balanced",
        "C": 0.1
    },
    "lstm": {
        "hidden_size": 17,
        "num_layers": 2,
        "dropout": 0.5609310810240623,
        "learning_rate": 0.00021900348653140677,
        "batch_size": 8,
        "weight_decay": 0.007742335114534973
    },
    "transformer": {
        "d_model": 17,
        "num_layers": 1,
        "dropout": 0.3826662048060174,
        "learning_rate": 0.000124631950445917,
        "batch_size": 8,
        "nhead": 2,
        "weight_decay": 0.001469340065678354
    }
}