{
    "svm": {
        "tol": 0.001,
        "probability": true,
        "kernel": "linear",
        "gamma": 0.0001,
        "class_weight": "balanced",
        "C": 0.1
    },
    "logistic_regression": {
        "tol": 0.001,
        "solver": "newton-cg",
        "random_state": 42,
        "max_iter": 2000,
        "class_weight": "balanced",
        "C": 0.1
    },
    "lstm": {
        "hidden_size": 20,
        "num_layers": 1,
        "dropout": 0.43846438485793127,
        "learning_rate": 0.00010691775936126178,
        "batch_size": 4,
        "weight_decay": 0.007500456869914185
    },
    "transformer": {
        "d_model": 10,
        "num_layers": 1,
        "dropout": 0.31273067967725965,
        "learning_rate": 0.0006324592946816534,
        "batch_size": 8,
        "nhead": 2,
        "weight_decay": 0.001423505449515817
    }
}