{
    "svm": {
        "tol": 0.001,
        "probability": true,
        "kernel": "linear",
        "gamma": 0.0001,
        "class_weight": "balanced",
        "C": 0.1
    },
    "logistic_regression": {
        "tol": 0.1,
        "solver": "sag",
        "random_state": 42,
        "max_iter": 2000,
        "class_weight": "balanced",
        "C": 0.1
    },
    "lstm": {
        "hidden_size": 16,
        "num_layers": 2,
        "dropout": 0.3756740789690911,
        "learning_rate": 0.0007410413143683277,
        "batch_size": 4,
        "weight_decay": 0.0027428446562024625
    },
    "transformer": {
        "d_model": 24,
        "num_layers": 2,
        "dropout": 0.308532408042381,
        "learning_rate": 0.000591434229966815,
        "batch_size": 4,
        "nhead": 2,
        "weight_decay": 0.00019634521321879983
    }
}