{
    "svm": {
        "tol": 0.001,
        "probability": true,
        "kernel": "rbf",
        "gamma": 0.1,
        "class_weight": "balanced",
        "C": 0.1
    },
    "logistic_regression": {
        "tol": 1.0,
        "solver": "newton-cg",
        "random_state": 42,
        "max_iter": 2000,
        "class_weight": "balanced",
        "C": 0.001
    },
    "lstm": {
        "hidden_size": 8,
        "num_layers": 2,
        "dropout": 0.42204932974089615,
        "learning_rate": 0.000502597504842772,
        "batch_size": 4,
        "weight_decay": 0.0007389064032241678
    },
    "transformer": {
        "d_model": 13,
        "num_layers": 1,
        "dropout": 0.33667753713349957,
        "learning_rate": 0.0002424456529494801,
        "batch_size": 4,
        "nhead": 2,
        "weight_decay": 0.00034445409739973905
    }
}