{
    "svm": {
        "tol": 0.001,
        "probability": true,
        "kernel": "rbf",
        "gamma": 0.1,
        "class_weight": "balanced",
        "C": 0.01
    },
    "logistic_regression": {
        "tol": 0.1,
        "solver": "sag",
        "random_state": 42,
        "max_iter": 2000,
        "class_weight": "balanced",
        "C": 0.1
    },
    "lstm": {
        "hidden_size": 9,
        "num_layers": 1,
        "dropout": 0.6648776508622357,
        "learning_rate": 0.00041429387155199197,
        "batch_size": 4,
        "weight_decay": 0.04845929842692138
    },
    "transformer": {
        "d_model": 8,
        "num_layers": 1,
        "dropout": 0.686930251323349,
        "learning_rate": 0.00011332755054346738,
        "batch_size": 8,
        "nhead": 2,
        "weight_decay": 0.0017486924239804558
    }
}