{
    "svm": {
        "tol": 0.001,
        "probability": true,
        "kernel": "rbf",
        "gamma": 0.1,
        "class_weight": "balanced",
        "C": 0.1
    },
    "logistic_regression": {
        "tol": 0.1,
        "solver": "sag",
        "random_state": 42,
        "max_iter": 2000,
        "class_weight": "balanced",
        "C": 0.1
    },
    "lstm": {
        "hidden_size": 10,
        "num_layers": 1,
        "dropout": 0.3894830386359222,
        "learning_rate": 0.000234479699447642,
        "batch_size": 8,
        "weight_decay": 0.002025264454554095
    },
    "transformer": {
        "d_model": 24,
        "num_layers": 1,
        "dropout": 0.31985205602563926,
        "learning_rate": 0.0002081780610258443,
        "batch_size": 8,
        "nhead": 2,
        "weight_decay": 0.014355182407548938
    }
}