{
    "svm": {
        "tol": 0.001,
        "probability": true,
        "kernel": "rbf",
        "gamma": 0.1,
        "class_weight": "balanced",
        "C": 0.1
    },
    "logistic_regression": {
        "tol": 0.001,
        "solver": "newton-cg",
        "random_state": 42,
        "max_iter": 2000,
        "class_weight": "balanced",
        "C": 0.1
    },
    "lstm": {
        "hidden_size": 13,
        "num_layers": 1,
        "dropout": 0.4359793289118189,
        "learning_rate": 0.00027806781510322846,
        "batch_size": 8,
        "weight_decay": 0.005313263213621869
    },
    "transformer": {
        "d_model": 17,
        "num_layers": 2,
        "dropout": 0.6017502740485847,
        "learning_rate": 0.0002818016333468243,
        "batch_size": 8,
        "nhead": 2,
        "weight_decay": 0.0036918005896699234
    }
}