{
    "svm": {
        "tol": 0.001,
        "probability": true,
        "kernel": "linear",
        "gamma": 0.0001,
        "class_weight": "balanced",
        "C": 0.01
    },
    "logistic_regression": {
        "tol": 1.0,
        "solver": "saga",
        "random_state": 42,
        "max_iter": 2000,
        "class_weight": "balanced",
        "C": 0.001
    },
    "lstm": {
        "hidden_size": 17,
        "num_layers": 2,
        "dropout": 0.5755852117053026,
        "learning_rate": 0.00020705705784051584,
        "batch_size": 8,
        "weight_decay": 0.011294518005646388
    },
    "transformer": {
        "d_model": 9,
        "num_layers": 1,
        "dropout": 0.4839089518161473,
        "learning_rate": 0.00015174839801739497,
        "batch_size": 4,
        "nhead": 2,
        "weight_decay": 0.004217928772921327
    }
}