{
    "svm": {
        "tol": 0.001,
        "probability": true,
        "kernel": "linear",
        "gamma": 0.0001,
        "class_weight": "balanced",
        "C": 0.1
    },
    "logistic_regression": {
        "tol": 1.0,
        "solver": "saga",
        "random_state": 42,
        "max_iter": 2000,
        "class_weight": "balanced",
        "C": 0.1
    },
    "lstm": {
        "hidden_size": 23,
        "num_layers": 1,
        "dropout": 0.4062944620352063,
        "learning_rate": 0.00013050667170415008,
        "batch_size": 8,
        "weight_decay": 0.00033038116525972104
    },
    "transformer": {
        "d_model": 23,
        "num_layers": 2,
        "dropout": 0.4555287108994346,
        "learning_rate": 0.0002651135818824318,
        "batch_size": 4,
        "nhead": 2,
        "weight_decay": 0.0018586954653948167
    }
}