{
    "svm": {
        "tol": 0.001,
        "probability": true,
        "kernel": "linear",
        "gamma": 0.0001,
        "class_weight": "balanced",
        "C": 0.01
    },
    "logistic_regression": {
        "tol": 1.0,
        "solver": "sag",
        "random_state": 42,
        "max_iter": 2000,
        "class_weight": "balanced",
        "C": 0.1
    },
    "lstm": {
        "hidden_size": 13,
        "num_layers": 2,
        "dropout": 0.48388011155952193,
        "learning_rate": 0.0005249702858562913,
        "batch_size": 8,
        "weight_decay": 0.001382813708640083
    },
    "transformer": {
        "d_model": 16,
        "num_layers": 1,
        "dropout": 0.4041248239647133,
        "learning_rate": 0.0004729026737843509,
        "batch_size": 4,
        "nhead": 2,
        "weight_decay": 0.005030421542190722
    }
}