{
    "svm": {
        "tol": 0.001,
        "probability": true,
        "kernel": "linear",
        "gamma": 0.0001,
        "class_weight": "balanced",
        "C": 0.001
    },
    "logistic_regression": {
        "tol": 0.1,
        "solver": "newton-cg",
        "random_state": 42,
        "max_iter": 2000,
        "class_weight": "balanced",
        "C": 0.001
    },
    "lstm": {
        "hidden_size": 9,
        "num_layers": 1,
        "dropout": 0.41396655124019754,
        "learning_rate": 0.0002176661956968854,
        "batch_size": 8,
        "weight_decay": 0.0009189901266901238
    },
    "transformer": {
        "d_model": 11,
        "num_layers": 2,
        "dropout": 0.6444783104709984,
        "learning_rate": 0.00014286140154141897,
        "batch_size": 4,
        "nhead": 2,
        "weight_decay": 0.023000356631835934
    }
}