{
    "svm": {
        "tol": 0.001,
        "probability": true,
        "kernel": "linear",
        "gamma": 0.0001,
        "class_weight": "balanced",
        "C": 1e-06
    },
    "logistic_regression": {
        "tol": 1.0,
        "solver": "newton-cg",
        "random_state": 42,
        "max_iter": 2000,
        "class_weight": "balanced",
        "C": 0.001
    },
    "lstm": {
        "hidden_size": 18,
        "num_layers": 2,
        "dropout": 0.4299494439318365,
        "learning_rate": 0.00019761488198728657,
        "batch_size": 8,
        "weight_decay": 0.00011129533781225488
    },
    "transformer": {
        "d_model": 24,
        "num_layers": 1,
        "dropout": 0.39605874721180595,
        "learning_rate": 0.00017269091334940487,
        "batch_size": 8,
        "nhead": 2,
        "weight_decay": 0.0026685589024441603
    }
}