{
    "svm": {
        "tol": 0.001,
        "probability": true,
        "kernel": "rbf",
        "gamma": 0.1,
        "class_weight": "balanced",
        "C": 0.1
    },
    "logistic_regression": {
        "tol": 0.1,
        "solver": "lbfgs",
        "random_state": 42,
        "max_iter": 2000,
        "class_weight": "balanced",
        "C": 0.1
    },
    "lstm": {
        "hidden_size": 8,
        "num_layers": 2,
        "dropout": 0.41254726563090954,
        "learning_rate": 0.00017915228683214982,
        "batch_size": 4,
        "weight_decay": 0.005201398729767925
    },
    "transformer": {
        "d_model": 16,
        "num_layers": 2,
        "dropout": 0.6485007662609753,
        "learning_rate": 0.00021031985505524378,
        "batch_size": 4,
        "nhead": 2,
        "weight_decay": 0.0013227893397243307
    }
}