{
    "svm": {
        "tol": 0.001,
        "probability": true,
        "kernel": "linear",
        "gamma": 0.0001,
        "class_weight": "balanced",
        "C": 0.1
    },
    "logistic_regression": {
        "tol": 0.1,
        "solver": "sag",
        "random_state": 42,
        "max_iter": 2000,
        "class_weight": "balanced",
        "C": 0.1
    },
    "lstm": {
        "hidden_size": 13,
        "num_layers": 1,
        "dropout": 0.6378865995956333,
        "learning_rate": 0.00017186057450613513,
        "batch_size": 4,
        "weight_decay": 0.0016692271588252092
    },
    "transformer": {
        "d_model": 11,
        "num_layers": 2,
        "dropout": 0.38242430329490185,
        "learning_rate": 0.0001911502569086573,
        "batch_size": 8,
        "nhead": 2,
        "weight_decay": 0.000625322865104572
    }
}