{
    "svm": {
        "tol": 0.001,
        "probability": true,
        "kernel": "rbf",
        "gamma": 0.1,
        "class_weight": "balanced",
        "C": 1e-06
    },
    "logistic_regression": {
        "tol": 0.001,
        "solver": "newton-cg",
        "random_state": 42,
        "max_iter": 2000,
        "class_weight": "balanced",
        "C": 0.1
    },
    "lstm": {
        "hidden_size": 23,
        "num_layers": 1,
        "dropout": 0.6603008716770276,
        "learning_rate": 0.00010123002992880617,
        "batch_size": 8,
        "weight_decay": 0.0051712972731170264
    },
    "transformer": {
        "d_model": 10,
        "num_layers": 2,
        "dropout": 0.4084311005407239,
        "learning_rate": 0.00015738293599365944,
        "batch_size": 8,
        "nhead": 2,
        "weight_decay": 0.020576924734789413
    }
}