{
    "svm": {
        "tol": 0.001,
        "probability": true,
        "kernel": "linear",
        "gamma": 0.0001,
        "class_weight": "balanced",
        "C": 0.1
    },
    "logistic_regression": {
        "tol": 1.0,
        "solver": "sag",
        "random_state": 42,
        "max_iter": 2000,
        "class_weight": "balanced",
        "C": 0.1
    },
    "lstm": {
        "hidden_size": 14,
        "num_layers": 2,
        "dropout": 0.564550490502926,
        "learning_rate": 0.00010181222037788206,
        "batch_size": 4,
        "weight_decay": 0.041928576794636664
    },
    "transformer": {
        "d_model": 22,
        "num_layers": 1,
        "dropout": 0.6381727415047932,
        "learning_rate": 0.00020162403141329316,
        "batch_size": 8,
        "nhead": 2,
        "weight_decay": 0.0010731856512407394
    }
}