{
    "svm": {
        "tol": 0.001,
        "probability": true,
        "kernel": "rbf",
        "gamma": 0.01,
        "class_weight": "balanced",
        "C": 1e-06
    },
    "logistic_regression": {
        "tol": 0.1,
        "solver": "sag",
        "random_state": 42,
        "max_iter": 2000,
        "class_weight": "balanced",
        "C": 0.01
    },
    "lstm": {
        "hidden_size": 23,
        "num_layers": 1,
        "dropout": 0.5909765992522642,
        "learning_rate": 0.0007732279046859925,
        "batch_size": 4,
        "weight_decay": 0.01584151406124045
    },
    "transformer": {
        "d_model": 12,
        "num_layers": 2,
        "dropout": 0.36520645808120084,
        "learning_rate": 0.00010292703479471599,
        "batch_size": 8,
        "nhead": 2,
        "weight_decay": 0.011034339512807613
    }
}