{
    "svm": {
        "tol": 0.001,
        "probability": true,
        "kernel": "linear",
        "gamma": 0.0001,
        "class_weight": "balanced",
        "C": 0.1
    },
    "logistic_regression": {
        "tol": 0.1,
        "solver": "saga",
        "random_state": 42,
        "max_iter": 2000,
        "class_weight": "balanced",
        "C": 0.1
    },
    "lstm": {
        "hidden_size": 11,
        "num_layers": 2,
        "dropout": 0.620354079153968,
        "learning_rate": 0.00012007347757336188,
        "batch_size": 8,
        "weight_decay": 0.0015529663941765397
    },
    "transformer": {
        "d_model": 12,
        "num_layers": 2,
        "dropout": 0.60524127390619,
        "learning_rate": 0.0004194623628619221,
        "batch_size": 8,
        "nhead": 2,
        "weight_decay": 0.003941249381794034
    }
}