{
    "svm": {
        "tol": 0.001,
        "probability": true,
        "kernel": "rbf",
        "gamma": 0.1,
        "class_weight": "balanced",
        "C": 1e-06
    },
    "logistic_regression": {
        "tol": 1.0,
        "solver": "newton-cg",
        "random_state": 42,
        "max_iter": 2000,
        "class_weight": "balanced",
        "C": 0.001
    },
    "lstm": {
        "hidden_size": 15,
        "num_layers": 1,
        "dropout": 0.47996662677163016,
        "learning_rate": 0.0001527486506212591,
        "batch_size": 4,
        "weight_decay": 0.03338792718860807
    },
    "transformer": {
        "d_model": 21,
        "num_layers": 2,
        "dropout": 0.5717106723824722,
        "learning_rate": 0.00014987497963692874,
        "batch_size": 4,
        "nhead": 2,
        "weight_decay": 0.0018725465145471311
    }
}