{
    "svm": {
        "tol": 0.001,
        "probability": true,
        "kernel": "rbf",
        "gamma": 0.1,
        "class_weight": "balanced",
        "C": 0.1
    },
    "logistic_regression": {
        "tol": 0.1,
        "solver": "lbfgs",
        "random_state": 42,
        "max_iter": 2000,
        "class_weight": "balanced",
        "C": 0.1
    },
    "lstm": {
        "hidden_size": 8,
        "num_layers": 1,
        "dropout": 0.44089680989864305,
        "learning_rate": 0.00011569225780942861,
        "batch_size": 4,
        "weight_decay": 0.010423833352153985
    },
    "transformer": {
        "d_model": 12,
        "num_layers": 2,
        "dropout": 0.5977087842397323,
        "learning_rate": 0.000342689362772561,
        "batch_size": 8,
        "nhead": 2,
        "weight_decay": 0.005807331090891238
    }
}