{
    "svm": {
        "tol": 0.001,
        "probability": true,
        "kernel": "linear",
        "gamma": 0.0001,
        "class_weight": "balanced",
        "C": 0.1
    },
    "logistic_regression": {
        "tol": 0.1,
        "solver": "newton-cg",
        "random_state": 42,
        "max_iter": 2000,
        "class_weight": "balanced",
        "C": 0.001
    },
    "lstm": {
        "hidden_size": 20,
        "num_layers": 2,
        "dropout": 0.34182628383609737,
        "learning_rate": 0.0009946402251310485,
        "batch_size": 4,
        "weight_decay": 0.02006788017448881
    },
    "transformer": {
        "d_model": 22,
        "num_layers": 1,
        "dropout": 0.5092197783124378,
        "learning_rate": 0.0006621075640025162,
        "batch_size": 8,
        "nhead": 2,
        "weight_decay": 0.00029437712304124865
    }
}