{
    "svm": {
        "tol": 0.001,
        "probability": true,
        "kernel": "rbf",
        "gamma": 0.1,
        "class_weight": "balanced",
        "C": 0.001
    },
    "logistic_regression": {
        "tol": 0.1,
        "solver": "newton-cg",
        "random_state": 42,
        "max_iter": 2000,
        "class_weight": "balanced",
        "C": 0.01
    },
    "lstm": {
        "hidden_size": 13,
        "num_layers": 1,
        "dropout": 0.41926918267072927,
        "learning_rate": 0.00028287782529751973,
        "batch_size": 4,
        "weight_decay": 0.0004336897000367532
    },
    "transformer": {
        "d_model": 19,
        "num_layers": 1,
        "dropout": 0.6330226325598297,
        "learning_rate": 0.00010053517737273644,
        "batch_size": 8,
        "nhead": 2,
        "weight_decay": 0.001102007670105443
    }
}