{
    "svm": {
        "tol": 0.001,
        "probability": true,
        "kernel": "linear",
        "gamma": 0.0001,
        "class_weight": "balanced",
        "C": 0.1
    },
    "logistic_regression": {
        "tol": 0.1,
        "solver": "sag",
        "random_state": 42,
        "max_iter": 2000,
        "class_weight": "balanced",
        "C": 0.1
    },
    "lstm": {
        "hidden_size": 14,
        "num_layers": 2,
        "dropout": 0.3699619244340148,
        "learning_rate": 0.0008011520086673045,
        "batch_size": 4,
        "weight_decay": 0.02228560896996135
    },
    "transformer": {
        "d_model": 20,
        "num_layers": 1,
        "dropout": 0.39012471313585173,
        "learning_rate": 0.000623174513803833,
        "batch_size": 4,
        "nhead": 2,
        "weight_decay": 0.0010778303904713502
    }
}