{
    "svm": {
        "tol": 0.001,
        "probability": true,
        "kernel": "linear",
        "gamma": 0.0001,
        "class_weight": "balanced",
        "C": 0.1
    },
    "logistic_regression": {
        "tol": 1.0,
        "solver": "sag",
        "random_state": 42,
        "max_iter": 2000,
        "class_weight": "balanced",
        "C": 0.1
    },
    "lstm": {
        "hidden_size": 12,
        "num_layers": 1,
        "dropout": 0.31391644944425573,
        "learning_rate": 0.00015580142473476923,
        "batch_size": 8,
        "weight_decay": 0.0014333647716939508
    },
    "transformer": {
        "d_model": 13,
        "num_layers": 1,
        "dropout": 0.3271793011990622,
        "learning_rate": 0.00010786582996141821,
        "batch_size": 8,
        "nhead": 2,
        "weight_decay": 0.001323678432676222
    }
}