{
    "svm": {
        "tol": 0.001,
        "probability": true,
        "kernel": "linear",
        "gamma": 0.0001,
        "class_weight": "balanced",
        "C": 0.01
    },
    "logistic_regression": {
        "tol": 0.001,
        "solver": "newton-cg",
        "random_state": 42,
        "max_iter": 2000,
        "class_weight": "balanced",
        "C": 0.1
    },
    "lstm": {
        "hidden_size": 9,
        "num_layers": 1,
        "dropout": 0.6972301812165468,
        "learning_rate": 0.00027007776698593746,
        "batch_size": 8,
        "weight_decay": 0.015752424042885713
    },
    "transformer": {
        "d_model": 17,
        "num_layers": 2,
        "dropout": 0.6729978118517397,
        "learning_rate": 0.000162484938445814,
        "batch_size": 8,
        "nhead": 2,
        "weight_decay": 0.00047489702226670904
    }
}