{
    "svm": {
        "tol": 0.001,
        "probability": true,
        "kernel": "linear",
        "gamma": 0.0001,
        "class_weight": "balanced",
        "C": 0.1
    },
    "logistic_regression": {
        "tol": 0.1,
        "solver": "newton-cg",
        "random_state": 42,
        "max_iter": 2000,
        "class_weight": "balanced",
        "C": 0.01
    },
    "lstm": {
        "hidden_size": 24,
        "num_layers": 1,
        "dropout": 0.5287355776827117,
        "learning_rate": 0.0001935664843831368,
        "batch_size": 8,
        "weight_decay": 0.02963703643830359
    },
    "transformer": {
        "d_model": 19,
        "num_layers": 2,
        "dropout": 0.3130058038830604,
        "learning_rate": 0.00012167584294793026,
        "batch_size": 8,
        "nhead": 2,
        "weight_decay": 0.0007816279737267039
    }
}