{
    "svm": {
        "tol": 0.001,
        "probability": true,
        "kernel": "linear",
        "gamma": 0.0001,
        "class_weight": "balanced",
        "C": 0.001
    },
    "logistic_regression": {
        "tol": 1.0,
        "solver": "sag",
        "random_state": 42,
        "max_iter": 2000,
        "class_weight": "balanced",
        "C": 0.1
    },
    "lstm": {
        "hidden_size": 9,
        "num_layers": 2,
        "dropout": 0.3002220017859931,
        "learning_rate": 0.0006876749171024306,
        "batch_size": 4,
        "weight_decay": 0.04925217203430824
    },
    "transformer": {
        "d_model": 23,
        "num_layers": 2,
        "dropout": 0.41433132813995144,
        "learning_rate": 0.0008747666816574588,
        "batch_size": 4,
        "nhead": 2,
        "weight_decay": 0.00019951450798675317
    }
}