{
    "svm": {
        "tol": 0.001,
        "probability": true,
        "kernel": "linear",
        "gamma": 0.0001,
        "class_weight": "balanced",
        "C": 0.1
    },
    "logistic_regression": {
        "tol": 0.1,
        "solver": "sag",
        "random_state": 42,
        "max_iter": 2000,
        "class_weight": "balanced",
        "C": 0.1
    },
    "lstm": {
        "hidden_size": 9,
        "num_layers": 2,
        "dropout": 0.6522974684218812,
        "learning_rate": 0.00011867465662346483,
        "batch_size": 8,
        "weight_decay": 0.0015348050949184676
    },
    "transformer": {
        "d_model": 8,
        "num_layers": 1,
        "dropout": 0.45663385092679587,
        "learning_rate": 0.00022430455305006303,
        "batch_size": 8,
        "nhead": 2,
        "weight_decay": 0.002713680867327293
    }
}