{
    "svm": {
        "tol": 0.001,
        "probability": true,
        "kernel": "rbf",
        "gamma": 0.1,
        "class_weight": "balanced",
        "C": 0.1
    },
    "logistic_regression": {
        "tol": 1.0,
        "solver": "saga",
        "random_state": 42,
        "max_iter": 2000,
        "class_weight": "balanced",
        "C": 0.1
    },
    "lstm": {
        "hidden_size": 23,
        "num_layers": 1,
        "dropout": 0.6783571065398794,
        "learning_rate": 0.00020118375465258873,
        "batch_size": 8,
        "weight_decay": 0.0016006484819834276
    },
    "transformer": {
        "d_model": 20,
        "num_layers": 2,
        "dropout": 0.45981963470406895,
        "learning_rate": 0.0006584130967977802,
        "batch_size": 8,
        "nhead": 2,
        "weight_decay": 0.001253411442559496
    }
}