{
    "svm": {
        "tol": 0.001,
        "probability": true,
        "kernel": "rbf",
        "gamma": 0.1,
        "class_weight": "balanced",
        "C": 1e-06
    },
    "logistic_regression": {
        "tol": 1.0,
        "solver": "sag",
        "random_state": 42,
        "max_iter": 2000,
        "class_weight": "balanced",
        "C": 0.1
    },
    "lstm": {
        "hidden_size": 20,
        "num_layers": 1,
        "dropout": 0.6149929108588411,
        "learning_rate": 0.0008087032952099469,
        "batch_size": 8,
        "weight_decay": 0.09042121131121246
    },
    "transformer": {
        "d_model": 24,
        "num_layers": 2,
        "dropout": 0.3596232901725987,
        "learning_rate": 0.00021945626040124452,
        "batch_size": 8,
        "nhead": 2,
        "weight_decay": 0.009736505618405713
    }
}