{
    "svm": {
        "tol": 0.001,
        "probability": true,
        "kernel": "linear",
        "gamma": 0.0001,
        "class_weight": "balanced",
        "C": 0.01
    },
    "logistic_regression": {
        "tol": 0.1,
        "solver": "sag",
        "random_state": 42,
        "max_iter": 2000,
        "class_weight": "balanced",
        "C": 0.1
    },
    "lstm": {
        "hidden_size": 23,
        "num_layers": 1,
        "dropout": 0.49978653389168887,
        "learning_rate": 0.00011347479744075601,
        "batch_size": 8,
        "weight_decay": 0.005153574287381786
    },
    "transformer": {
        "d_model": 20,
        "num_layers": 1,
        "dropout": 0.659878067667933,
        "learning_rate": 0.00022275712717615496,
        "batch_size": 4,
        "nhead": 2,
        "weight_decay": 0.002141652741089263
    }
}