{
    "svm": {
        "tol": 0.001,
        "probability": true,
        "kernel": "linear",
        "gamma": 0.0001,
        "class_weight": "balanced",
        "C": 0.1
    },
    "logistic_regression": {
        "tol": 0.001,
        "solver": "newton-cg",
        "random_state": 42,
        "max_iter": 2000,
        "class_weight": "balanced",
        "C": 0.1
    },
    "lstm": {
        "hidden_size": 14,
        "num_layers": 2,
        "dropout": 0.6979007845048889,
        "learning_rate": 0.00014966806850561008,
        "batch_size": 8,
        "weight_decay": 0.0003092371999975813
    },
    "transformer": {
        "d_model": 22,
        "num_layers": 2,
        "dropout": 0.4463093317378304,
        "learning_rate": 0.0001088800070733691,
        "batch_size": 8,
        "nhead": 2,
        "weight_decay": 0.00015874355380530707
    }
}