{
    "svm": {
        "tol": 0.001,
        "probability": true,
        "kernel": "rbf",
        "gamma": 0.1,
        "class_weight": "balanced",
        "C": 1e-06
    },
    "logistic_regression": {
        "tol": 0.1,
        "solver": "saga",
        "random_state": 42,
        "max_iter": 2000,
        "class_weight": "balanced",
        "C": 0.1
    },
    "lstm": {
        "hidden_size": 10,
        "num_layers": 1,
        "dropout": 0.32987751952843497,
        "learning_rate": 0.00022863037303400978,
        "batch_size": 4,
        "weight_decay": 0.009190457870939054
    },
    "transformer": {
        "d_model": 13,
        "num_layers": 2,
        "dropout": 0.5858910242834635,
        "learning_rate": 0.00018219746846552567,
        "batch_size": 8,
        "nhead": 2,
        "weight_decay": 0.012270449618201265
    }
}