{
    "svm": {
        "tol": 0.001,
        "probability": true,
        "kernel": "linear",
        "gamma": 0.0001,
        "class_weight": "balanced",
        "C": 0.1
    },
    "logistic_regression": {
        "tol": 1.0,
        "solver": "newton-cg",
        "random_state": 42,
        "max_iter": 2000,
        "class_weight": "balanced",
        "C": 0.001
    },
    "lstm": {
        "hidden_size": 15,
        "num_layers": 1,
        "dropout": 0.5721804628398508,
        "learning_rate": 0.00011638090769725557,
        "batch_size": 4,
        "weight_decay": 0.0010030242306659552
    },
    "transformer": {
        "d_model": 9,
        "num_layers": 1,
        "dropout": 0.6968212379809375,
        "learning_rate": 0.0003698685423975547,
        "batch_size": 8,
        "nhead": 2,
        "weight_decay": 0.0012301124115538349
    }
}