{
    "svm": {
        "tol": 0.001,
        "probability": true,
        "kernel": "linear",
        "gamma": 0.0001,
        "class_weight": "balanced",
        "C": 0.1
    },
    "logistic_regression": {
        "tol": 0.01,
        "solver": "lbfgs",
        "random_state": 42,
        "max_iter": 2000,
        "class_weight": "balanced",
        "C": 0.1
    },
    "lstm": {
        "hidden_size": 20,
        "num_layers": 2,
        "dropout": 0.3447291459165756,
        "learning_rate": 0.0006799028036659471,
        "batch_size": 4,
        "weight_decay": 0.09225679218985118
    },
    "transformer": {
        "d_model": 24,
        "num_layers": 1,
        "dropout": 0.3641987179104918,
        "learning_rate": 0.0005025686312131975,
        "batch_size": 4,
        "nhead": 2,
        "weight_decay": 0.0008238132073154881
    }
}