{
    "svm": {
        "tol": 0.001,
        "probability": true,
        "kernel": "rbf",
        "gamma": 0.1,
        "class_weight": "balanced",
        "C": 1e-06
    },
    "logistic_regression": {
        "tol": 1.0,
        "solver": "sag",
        "random_state": 42,
        "max_iter": 2000,
        "class_weight": "balanced",
        "C": 0.1
    },
    "lstm": {
        "hidden_size": 15,
        "num_layers": 1,
        "dropout": 0.35767622945697947,
        "learning_rate": 0.00011195252562510627,
        "batch_size": 8,
        "weight_decay": 0.00030046595252218225
    },
    "transformer": {
        "d_model": 24,
        "num_layers": 1,
        "dropout": 0.5613359148762302,
        "learning_rate": 0.0003502647355017258,
        "batch_size": 4,
        "nhead": 2,
        "weight_decay": 0.012449767781095139
    }
}