{
    "svm": {
        "tol": 0.001,
        "probability": true,
        "kernel": "linear",
        "gamma": 0.0001,
        "class_weight": "balanced",
        "C": 0.001
    },
    "logistic_regression": {
        "tol": 1.0,
        "solver": "saga",
        "random_state": 42,
        "max_iter": 2000,
        "class_weight": "balanced",
        "C": 0.01
    },
    "lstm": {
        "hidden_size": 19,
        "num_layers": 1,
        "dropout": 0.5353861354832519,
        "learning_rate": 0.0003278456316771061,
        "batch_size": 8,
        "weight_decay": 0.012182174567129361
    },
    "transformer": {
        "d_model": 15,
        "num_layers": 2,
        "dropout": 0.3932019497499513,
        "learning_rate": 0.0001198982757876014,
        "batch_size": 4,
        "nhead": 2,
        "weight_decay": 0.0003321600650844114
    }
}