{
    "svm": {
        "tol": 0.001,
        "probability": true,
        "kernel": "linear",
        "gamma": 0.0001,
        "class_weight": "balanced",
        "C": 0.1
    },
    "logistic_regression": {
        "tol": 1.0,
        "solver": "saga",
        "random_state": 42,
        "max_iter": 2000,
        "class_weight": "balanced",
        "C": 0.1
    },
    "lstm": {
        "hidden_size": 22,
        "num_layers": 1,
        "dropout": 0.660839585396441,
        "learning_rate": 0.0002807649682373907,
        "batch_size": 4,
        "weight_decay": 0.014408260596245323
    },
    "transformer": {
        "d_model": 19,
        "num_layers": 1,
        "dropout": 0.3642416283719214,
        "learning_rate": 0.00010639074131672441,
        "batch_size": 4,
        "nhead": 2,
        "weight_decay": 0.0014837991581977091
    }
}