{
    "svm": {
        "tol": 0.001,
        "probability": true,
        "kernel": "rbf",
        "gamma": 0.1,
        "class_weight": "balanced",
        "C": 0.1
    },
    "logistic_regression": {
        "tol": 0.001,
        "solver": "newton-cg",
        "random_state": 42,
        "max_iter": 2000,
        "class_weight": "balanced",
        "C": 0.1
    },
    "lstm": {
        "hidden_size": 9,
        "num_layers": 1,
        "dropout": 0.6339453661272957,
        "learning_rate": 0.0001724723195380937,
        "batch_size": 4,
        "weight_decay": 0.001768589339293499
    },
    "transformer": {
        "d_model": 8,
        "num_layers": 1,
        "dropout": 0.43040595150235905,
        "learning_rate": 0.00039593772054971106,
        "batch_size": 4,
        "nhead": 2,
        "weight_decay": 0.001890224829289345
    }
}