{
    "svm": {
        "tol": 0.001,
        "probability": true,
        "kernel": "rbf",
        "gamma": 0.1,
        "class_weight": "balanced",
        "C": 0.1
    },
    "logistic_regression": {
        "tol": 0.1,
        "solver": "sag",
        "random_state": 42,
        "max_iter": 2000,
        "class_weight": "balanced",
        "C": 0.1
    },
    "lstm": {
        "hidden_size": 9,
        "num_layers": 1,
        "dropout": 0.5784434177739779,
        "learning_rate": 0.00010195856008690363,
        "batch_size": 8,
        "weight_decay": 0.00393157544171847
    },
    "transformer": {
        "d_model": 19,
        "num_layers": 2,
        "dropout": 0.5527692187452841,
        "learning_rate": 0.00012347379585400632,
        "batch_size": 4,
        "nhead": 2,
        "weight_decay": 0.056516496179613386
    }
}