{
    "svm": {
        "tol": 0.001,
        "probability": true,
        "kernel": "linear",
        "gamma": 0.0001,
        "class_weight": "balanced",
        "C": 0.1
    },
    "logistic_regression": {
        "tol": 0.1,
        "solver": "newton-cg",
        "random_state": 42,
        "max_iter": 2000,
        "class_weight": "balanced",
        "C": 0.1
    },
    "lstm": {
        "hidden_size": 8,
        "num_layers": 1,
        "dropout": 0.46611713096520674,
        "learning_rate": 0.00014152905166982865,
        "batch_size": 4,
        "weight_decay": 0.02085652815764324
    },
    "transformer": {
        "d_model": 20,
        "num_layers": 2,
        "dropout": 0.5591253639656931,
        "learning_rate": 0.000159037966706292,
        "batch_size": 8,
        "nhead": 2,
        "weight_decay": 0.011655969766043347
    }
}