{
    "svm": {
        "tol": 0.001,
        "probability": true,
        "kernel": "linear",
        "gamma": 0.0001,
        "class_weight": "balanced",
        "C": 0.1
    },
    "logistic_regression": {
        "tol": 0.01,
        "solver": "lbfgs",
        "random_state": 42,
        "max_iter": 2000,
        "class_weight": "balanced",
        "C": 0.1
    },
    "lstm": {
        "hidden_size": 13,
        "num_layers": 2,
        "dropout": 0.34136700161594524,
        "learning_rate": 0.0002274080675200553,
        "batch_size": 4,
        "weight_decay": 0.0332922046869159
    },
    "transformer": {
        "d_model": 18,
        "num_layers": 1,
        "dropout": 0.5022265253529204,
        "learning_rate": 0.00016699138153933386,
        "batch_size": 4,
        "nhead": 2,
        "weight_decay": 0.0005937730350602885
    }
}