{
    "svm": {
        "tol": 0.001,
        "probability": true,
        "kernel": "rbf",
        "gamma": 0.01,
        "class_weight": "balanced",
        "C": 1e-06
    },
    "logistic_regression": {
        "tol": 0.1,
        "solver": "newton-cg",
        "random_state": 42,
        "max_iter": 2000,
        "class_weight": "balanced",
        "C": 0.001
    },
    "lstm": {
        "hidden_size": 10,
        "num_layers": 2,
        "dropout": 0.40399464650544165,
        "learning_rate": 0.00010665329418648282,
        "batch_size": 4,
        "weight_decay": 0.001514523547314587
    },
    "transformer": {
        "d_model": 22,
        "num_layers": 2,
        "dropout": 0.6328564862082262,
        "learning_rate": 0.00021145696068440432,
        "batch_size": 8,
        "nhead": 2,
        "weight_decay": 0.021082368514461266
    }
}