{
    "svm": {
        "tol": 0.001,
        "probability": true,
        "kernel": "rbf",
        "gamma": 0.1,
        "class_weight": "balanced",
        "C": 0.1
    },
    "logistic_regression": {
        "tol": 1.0,
        "solver": "saga",
        "random_state": 42,
        "max_iter": 2000,
        "class_weight": "balanced",
        "C": 0.01
    },
    "lstm": {
        "hidden_size": 11,
        "num_layers": 2,
        "dropout": 0.40269284818969947,
        "learning_rate": 0.0002122709041277781,
        "batch_size": 4,
        "weight_decay": 0.00010788602407021711
    },
    "transformer": {
        "d_model": 17,
        "num_layers": 2,
        "dropout": 0.6616211211616044,
        "learning_rate": 0.0001007353700989709,
        "batch_size": 8,
        "nhead": 2,
        "weight_decay": 0.0007065317420292491
    }
}