{
    "svm": {
        "tol": 0.001,
        "probability": true,
        "kernel": "linear",
        "gamma": 0.0001,
        "class_weight": "balanced",
        "C": 0.1
    },
    "logistic_regression": {
        "tol": 1.0,
        "solver": "sag",
        "random_state": 42,
        "max_iter": 2000,
        "class_weight": "balanced",
        "C": 0.01
    },
    "lstm": {
        "hidden_size": 18,
        "num_layers": 2,
        "dropout": 0.44391200042992895,
        "learning_rate": 0.00015418080165401378,
        "batch_size": 8,
        "weight_decay": 0.0012779050501644902
    },
    "transformer": {
        "d_model": 21,
        "num_layers": 1,
        "dropout": 0.6238118014195028,
        "learning_rate": 0.00011397869942565091,
        "batch_size": 8,
        "nhead": 2,
        "weight_decay": 0.00028328715346044754
    }
}