{
    "svm": {
        "tol": 0.001,
        "probability": true,
        "kernel": "linear",
        "gamma": 0.0001,
        "class_weight": "balanced",
        "C": 0.1
    },
    "logistic_regression": {
        "tol": 0.01,
        "solver": "saga",
        "random_state": 42,
        "max_iter": 2000,
        "class_weight": "balanced",
        "C": 0.1
    },
    "lstm": {
        "hidden_size": 13,
        "num_layers": 1,
        "dropout": 0.40852282519896976,
        "learning_rate": 0.00046328118035087476,
        "batch_size": 8,
        "weight_decay": 0.02953045214494445
    },
    "transformer": {
        "d_model": 13,
        "num_layers": 1,
        "dropout": 0.4759851357769166,
        "learning_rate": 0.00010051767949650287,
        "batch_size": 8,
        "nhead": 2,
        "weight_decay": 0.03508278583949049
    }
}