{
    "svm": {
        "tol": 0.001,
        "probability": true,
        "kernel": "linear",
        "gamma": 0.0001,
        "class_weight": "balanced",
        "C": 0.01
    },
    "logistic_regression": {
        "tol": 1.0,
        "solver": "saga",
        "random_state": 42,
        "max_iter": 2000,
        "class_weight": "balanced",
        "C": 0.1
    },
    "lstm": {
        "hidden_size": 10,
        "num_layers": 1,
        "dropout": 0.6860240903895429,
        "learning_rate": 0.00042087842450505027,
        "batch_size": 4,
        "weight_decay": 0.00010059145293075989
    },
    "transformer": {
        "d_model": 23,
        "num_layers": 2,
        "dropout": 0.30156953203407355,
        "learning_rate": 0.00020311441369445416,
        "batch_size": 4,
        "nhead": 2,
        "weight_decay": 0.0021145272344190395
    }
}