{
    "svm": {
        "tol": 0.001,
        "probability": true,
        "kernel": "linear",
        "gamma": 0.0001,
        "class_weight": "balanced",
        "C": 0.1
    },
    "logistic_regression": {
        "tol": 1.0,
        "solver": "sag",
        "random_state": 42,
        "max_iter": 2000,
        "class_weight": "balanced",
        "C": 0.1
    },
    "lstm": {
        "hidden_size": 14,
        "num_layers": 2,
        "dropout": 0.344895710760319,
        "learning_rate": 0.0007390271200158769,
        "batch_size": 4,
        "weight_decay": 0.026110729819047888
    },
    "transformer": {
        "d_model": 18,
        "num_layers": 2,
        "dropout": 0.300906595498663,
        "learning_rate": 0.0004383412934008566,
        "batch_size": 8,
        "nhead": 2,
        "weight_decay": 0.0018509385910334686
    }
}