{
    "svm": {
        "tol": 0.001,
        "probability": true,
        "kernel": "linear",
        "gamma": 0.0001,
        "class_weight": "balanced",
        "C": 0.1
    },
    "logistic_regression": {
        "tol": 0.01,
        "solver": "lbfgs",
        "random_state": 42,
        "max_iter": 2000,
        "class_weight": "balanced",
        "C": 0.1
    },
    "lstm": {
        "hidden_size": 16,
        "num_layers": 1,
        "dropout": 0.6356736479304164,
        "learning_rate": 0.0008516217993870831,
        "batch_size": 4,
        "weight_decay": 0.050483905010663584
    },
    "transformer": {
        "d_model": 21,
        "num_layers": 1,
        "dropout": 0.3709917344558092,
        "learning_rate": 0.0008931804068499943,
        "batch_size": 4,
        "nhead": 2,
        "weight_decay": 0.03416478514742162
    }
}