{
    "svm": {
        "tol": 0.001,
        "probability": true,
        "kernel": "rbf",
        "gamma": 0.1,
        "class_weight": "balanced",
        "C": 0.1
    },
    "logistic_regression": {
        "tol": 0.001,
        "solver": "newton-cg",
        "random_state": 42,
        "max_iter": 2000,
        "class_weight": "balanced",
        "C": 0.1
    },
    "lstm": {
        "hidden_size": 14,
        "num_layers": 1,
        "dropout": 0.4916594285765488,
        "learning_rate": 0.00020088923161667402,
        "batch_size": 8,
        "weight_decay": 0.0007540536936789927
    },
    "transformer": {
        "d_model": 11,
        "num_layers": 1,
        "dropout": 0.43418612436378884,
        "learning_rate": 0.00015439485605875616,
        "batch_size": 4,
        "nhead": 2,
        "weight_decay": 0.010220892127285866
    }
}