{
    "svm": {
        "tol": 0.001,
        "probability": true,
        "kernel": "linear",
        "gamma": 0.0001,
        "class_weight": "balanced",
        "C": 0.1
    },
    "logistic_regression": {
        "tol": 0.001,
        "solver": "newton-cg",
        "random_state": 42,
        "max_iter": 2000,
        "class_weight": "balanced",
        "C": 0.1
    },
    "lstm": {
        "hidden_size": 14,
        "num_layers": 1,
        "dropout": 0.41057410099791225,
        "learning_rate": 0.00011771475066082096,
        "batch_size": 8,
        "weight_decay": 0.004728319260742244
    },
    "transformer": {
        "d_model": 13,
        "num_layers": 2,
        "dropout": 0.5562136699816834,
        "learning_rate": 0.0005107802408896704,
        "batch_size": 8,
        "nhead": 2,
        "weight_decay": 0.02816088433377024
    }
}