{
    "svm": {
        "tol": 0.001,
        "probability": true,
        "kernel": "linear",
        "gamma": 0.0001,
        "class_weight": "balanced",
        "C": 0.001
    },
    "logistic_regression": {
        "tol": 0.001,
        "solver": "newton-cg",
        "random_state": 42,
        "max_iter": 2000,
        "class_weight": "balanced",
        "C": 0.01
    },
    "lstm": {
        "hidden_size": 12,
        "num_layers": 1,
        "dropout": 0.43553067034337817,
        "learning_rate": 0.00014124442733492887,
        "batch_size": 8,
        "weight_decay": 0.017374224838386427
    },
    "transformer": {
        "d_model": 20,
        "num_layers": 1,
        "dropout": 0.6841991236025691,
        "learning_rate": 0.0001039101528250026,
        "batch_size": 4,
        "nhead": 2,
        "weight_decay": 0.00014883431534263176
    }
}