{
    "svm": {
        "tol": 0.001,
        "probability": true,
        "kernel": "rbf",
        "gamma": 1.0,
        "class_weight": "balanced",
        "C": 0.01
    },
    "logistic_regression": {
        "tol": 1.0,
        "solver": "newton-cg",
        "random_state": 42,
        "max_iter": 2000,
        "class_weight": "balanced",
        "C": 0.001
    },
    "lstm": {
        "hidden_size": 23,
        "num_layers": 1,
        "dropout": 0.5527505516792772,
        "learning_rate": 0.00040139994905144543,
        "batch_size": 8,
        "weight_decay": 0.002892224573379561
    },
    "transformer": {
        "d_model": 12,
        "num_layers": 2,
        "dropout": 0.3268731088497168,
        "learning_rate": 0.00022813296413015975,
        "batch_size": 8,
        "nhead": 2,
        "weight_decay": 0.014485193938106489
    }
}