{
    "svm": {
        "tol": 0.001,
        "probability": true,
        "kernel": "linear",
        "gamma": 0.0001,
        "class_weight": "balanced",
        "C": 0.01
    },
    "logistic_regression": {
        "tol": 1.0,
        "solver": "sag",
        "random_state": 42,
        "max_iter": 2000,
        "class_weight": "balanced",
        "C": 0.1
    },
    "lstm": {
        "hidden_size": 8,
        "num_layers": 2,
        "dropout": 0.6071641388313282,
        "learning_rate": 0.00014959479867316235,
        "batch_size": 8,
        "weight_decay": 0.008467441996511144
    },
    "transformer": {
        "d_model": 23,
        "num_layers": 1,
        "dropout": 0.5916268743831847,
        "learning_rate": 0.00019156573772495647,
        "batch_size": 8,
        "nhead": 2,
        "weight_decay": 0.012946838396825023
    }
}