{
    "svm": {
        "tol": 0.001,
        "probability": true,
        "kernel": "linear",
        "gamma": 0.0001,
        "class_weight": "balanced",
        "C": 0.1
    },
    "logistic_regression": {
        "tol": 0.1,
        "solver": "sag",
        "random_state": 42,
        "max_iter": 2000,
        "class_weight": "balanced",
        "C": 0.1
    },
    "lstm": {
        "hidden_size": 11,
        "num_layers": 1,
        "dropout": 0.6042581879704402,
        "learning_rate": 0.00011728249358542097,
        "batch_size": 8,
        "weight_decay": 0.009316017233081064
    },
    "transformer": {
        "d_model": 18,
        "num_layers": 1,
        "dropout": 0.64644848009269,
        "learning_rate": 0.00019540047588326406,
        "batch_size": 8,
        "nhead": 2,
        "weight_decay": 0.00020680672147901558
    }
}