{
    "svm": {
        "tol": 0.001,
        "probability": true,
        "kernel": "rbf",
        "gamma": 0.1,
        "class_weight": "balanced",
        "C": 0.1
    },
    "logistic_regression": {
        "tol": 1.0,
        "solver": "newton-cg",
        "random_state": 42,
        "max_iter": 2000,
        "class_weight": "balanced",
        "C": 0.001
    },
    "lstm": {
        "hidden_size": 10,
        "num_layers": 2,
        "dropout": 0.38440746180829405,
        "learning_rate": 0.00016042644173204528,
        "batch_size": 8,
        "weight_decay": 0.023484035095689432
    },
    "transformer": {
        "d_model": 15,
        "num_layers": 2,
        "dropout": 0.33842453236181463,
        "learning_rate": 0.00036694338381100257,
        "batch_size": 8,
        "nhead": 2,
        "weight_decay": 0.010414409143369104
    }
}