{
    "svm": {
        "tol": 0.001,
        "probability": true,
        "kernel": "linear",
        "gamma": 0.0001,
        "class_weight": "balanced",
        "C": 0.1
    },
    "logistic_regression": {
        "tol": 0.1,
        "solver": "newton-cg",
        "random_state": 42,
        "max_iter": 2000,
        "class_weight": "balanced",
        "C": 0.1
    },
    "lstm": {
        "hidden_size": 14,
        "num_layers": 1,
        "dropout": 0.3648205894559333,
        "learning_rate": 0.00011270819781035718,
        "batch_size": 4,
        "weight_decay": 0.056644148573872274
    },
    "transformer": {
        "d_model": 14,
        "num_layers": 2,
        "dropout": 0.6856291188035658,
        "learning_rate": 0.00019595568878486965,
        "batch_size": 4,
        "nhead": 2,
        "weight_decay": 0.006959679879270415
    }
}