{
    "svm": {
        "tol": 0.001,
        "probability": true,
        "kernel": "linear",
        "gamma": 0.0001,
        "class_weight": "balanced",
        "C": 0.1
    },
    "logistic_regression": {
        "tol": 1.0,
        "solver": "sag",
        "random_state": 42,
        "max_iter": 2000,
        "class_weight": "balanced",
        "C": 0.1
    },
    "lstm": {
        "hidden_size": 22,
        "num_layers": 2,
        "dropout": 0.463706514202038,
        "learning_rate": 0.00010024850451996543,
        "batch_size": 8,
        "weight_decay": 0.0002698641599628029
    },
    "transformer": {
        "d_model": 23,
        "num_layers": 2,
        "dropout": 0.6295632070352886,
        "learning_rate": 0.00022716960014419825,
        "batch_size": 8,
        "nhead": 2,
        "weight_decay": 0.00010590611836700192
    }
}