{
    "svm": {
        "tol": 1.0,
        "probability": true,
        "kernel": "poly",
        "gamma": 0.1,
        "class_weight": null,
        "C": 0.01
    },
    "logistic_regression": {
        "tol": 0.01,
        "solver": "newton-cg",
        "random_state": 42,
        "max_iter": 3000,
        "class_weight": "balanced",
        "C": 10.0
    },
    "lstm": {
        "hidden_size": 47,
        "num_layers": 2,
        "dropout": 0.264235025761272,
        "learning_rate": 0.0005822892211412792,
        "batch_size": 64,
        "weight_decay": 0.00012020436698770032
    },
    "transformer": {
        "d_model": 86,
        "num_layers": 2,
        "dropout": 0.4296016624732574,
        "learning_rate": 0.0011933467138868176,
        "batch_size": 16,
        "nhead": 4,
        "weight_decay": 0.0002517665386480815
    }
}