{
    "svm": {
        "tol": 1.0,
        "probability": true,
        "kernel": "poly",
        "gamma": 0.1,
        "class_weight": null,
        "C": 0.01
    },
    "logistic_regression": {
        "tol": 0.01,
        "solver": "newton-cg",
        "random_state": 42,
        "max_iter": 2000,
        "class_weight": "balanced",
        "C": 100.0
    },
    "lstm": {
        "hidden_size": 91,
        "num_layers": 2,
        "dropout": 0.21969163904889683,
        "learning_rate": 0.0013181978562614813,
        "batch_size": 16,
        "weight_decay": 0.0006885244538051052
    },
    "transformer": {
        "d_model": 89,
        "num_layers": 2,
        "dropout": 0.3664249640504921,
        "learning_rate": 0.0008451795787833101,
        "batch_size": 16,
        "nhead": 2,
        "weight_decay": 0.0002853144047180302
    }
}