{
    "svm": {
        "tol": 1.0,
        "probability": true,
        "kernel": "poly",
        "gamma": 0.1,
        "class_weight": null,
        "C": 0.01
    },
    "logistic_regression": {
        "tol": 1.0,
        "solver": "saga",
        "random_state": 42,
        "max_iter": 2000,
        "class_weight": null,
        "C": 0.01
    },
    "lstm": {
        "hidden_size": 41,
        "num_layers": 1,
        "dropout": 0.3552970685889019,
        "learning_rate": 0.000882199426023533,
        "batch_size": 16,
        "weight_decay": 0.005641852310835501
    },
    "transformer": {
        "d_model": 95,
        "num_layers": 1,
        "dropout": 0.22903769636128793,
        "learning_rate": 0.000546634392346733,
        "batch_size": 16,
        "nhead": 2,
        "weight_decay": 0.0001932726384569243
    }
}