{
    "svm": {
        "tol": 0.01,
        "probability": true,
        "kernel": "rbf",
        "gamma": 0.1,
        "class_weight": "balanced",
        "C": 100.0
    },
    "logistic_regression": {
        "tol": 0.01,
        "solver": "sag",
        "random_state": 42,
        "max_iter": 3000,
        "class_weight": null,
        "C": 100.0
    },
    "lstm": {
        "hidden_size": 85,
        "num_layers": 1,
        "dropout": 0.4209844389380256,
        "learning_rate": 0.001406687520258758,
        "batch_size": 64,
        "weight_decay": 0.003621472642066311
    },
    "transformer": {
        "d_model": 90,
        "num_layers": 2,
        "dropout": 0.2765378546721832,
        "learning_rate": 0.00196193473541547,
        "batch_size": 16,
        "nhead": 2,
        "weight_decay": 0.003713467235563749
    }
}