{
    "svm": {
        "tol": 1.0,
        "probability": true,
        "kernel": "linear",
        "gamma": 0.01,
        "class_weight": "balanced",
        "C": 10.0
    },
    "logistic_regression": {
        "tol": 0.01,
        "solver": "lbfgs",
        "random_state": 42,
        "max_iter": 2000,
        "class_weight": "balanced",
        "C": 100.0
    },
    "lstm": {
        "hidden_size": 47,
        "num_layers": 2,
        "dropout": 0.31465830928481914,
        "learning_rate": 0.0005003782079691725,
        "batch_size": 64,
        "weight_decay": 0.0002540180677412169
    },
    "transformer": {
        "d_model": 88,
        "num_layers": 2,
        "dropout": 0.36064681649719416,
        "learning_rate": 0.0015667503549518875,
        "batch_size": 16,
        "nhead": 4,
        "weight_decay": 0.005268662456145842
    }
}