{
    "svm": {
        "tol": 0.01,
        "probability": true,
        "kernel": "rbf",
        "gamma": 0.1,
        "class_weight": "balanced",
        "C": 100.0
    },
    "logistic_regression": {
        "tol": 0.01,
        "solver": "newton-cg",
        "random_state": 42,
        "max_iter": 3000,
        "class_weight": "balanced",
        "C": 1.0
    },
    "lstm": {
        "hidden_size": 73,
        "num_layers": 2,
        "dropout": 0.4979735477994281,
        "learning_rate": 0.0005069475958874386,
        "batch_size": 64,
        "weight_decay": 0.00899611485068575
    },
    "transformer": {
        "d_model": 54,
        "num_layers": 1,
        "dropout": 0.4850702775230138,
        "learning_rate": 0.000628675841169313,
        "batch_size": 32,
        "nhead": 4,
        "weight_decay": 0.0044383103783830384
    }
}