{
    "svm": {
        "tol": 0.01,
        "probability": true,
        "kernel": "rbf",
        "gamma": 0.1,
        "class_weight": "balanced",
        "C": 100.0
    },
    "logistic_regression": {
        "tol": 0.01,
        "solver": "lbfgs",
        "random_state": 42,
        "max_iter": 3000,
        "class_weight": null,
        "C": 100.0
    },
    "lstm": {
        "hidden_size": 52,
        "num_layers": 1,
        "dropout": 0.49662677498224916,
        "learning_rate": 0.0019845689817819213,
        "batch_size": 16,
        "weight_decay": 0.0006052708818303095
    },
    "transformer": {
        "d_model": 81,
        "num_layers": 2,
        "dropout": 0.4105499061876106,
        "learning_rate": 0.0018307609617338619,
        "batch_size": 32,
        "nhead": 4,
        "weight_decay": 0.0023218593768488892
    }
}