{
    "svm": {
        "tol": 0.01,
        "probability": true,
        "kernel": "poly",
        "gamma": 0.01,
        "class_weight": null,
        "C": 100.0
    },
    "logistic_regression": {
        "tol": 0.01,
        "solver": "newton-cg",
        "random_state": 42,
        "max_iter": 3000,
        "class_weight": "balanced",
        "C": 10.0
    },
    "lstm": {
        "hidden_size": 55,
        "num_layers": 2,
        "dropout": 0.3837250124019064,
        "learning_rate": 0.0005876722426236603,
        "batch_size": 64,
        "weight_decay": 0.0011427791053562665
    },
    "transformer": {
        "d_model": 65,
        "num_layers": 1,
        "dropout": 0.4845008514616799,
        "learning_rate": 0.0005117304622067724,
        "batch_size": 32,
        "nhead": 2,
        "weight_decay": 0.0052109114114714215
    }
}