{
    "svm": {
        "tol": 1.0,
        "probability": true,
        "kernel": "linear",
        "gamma": 0.01,
        "class_weight": null,
        "C": 1.0
    },
    "logistic_regression": {
        "tol": 0.01,
        "solver": "sag",
        "random_state": 42,
        "max_iter": 3000,
        "class_weight": null,
        "C": 100.0
    },
    "lstm": {
        "hidden_size": 90,
        "num_layers": 1,
        "dropout": 0.3517456749547801,
        "learning_rate": 0.0005860532693622015,
        "batch_size": 64,
        "weight_decay": 0.0001950212512103983
    },
    "transformer": {
        "d_model": 75,
        "num_layers": 1,
        "dropout": 0.3217531233468541,
        "learning_rate": 0.001000738954982225,
        "batch_size": 32,
        "nhead": 4,
        "weight_decay": 0.00021346872659843715
    }
}