{
    "svm": {
        "tol": 0.01,
        "probability": true,
        "kernel": "rbf",
        "gamma": 0.1,
        "class_weight": "balanced",
        "C": 100.0
    },
    "logistic_regression": {
        "tol": 0.01,
        "solver": "newton-cg",
        "random_state": 42,
        "max_iter": 3000,
        "class_weight": "balanced",
        "C": 10.0
    },
    "lstm": {
        "hidden_size": 45,
        "num_layers": 1,
        "dropout": 0.23074484243944432,
        "learning_rate": 0.000802226724997474,
        "batch_size": 16,
        "weight_decay": 0.0012979149035861003
    },
    "transformer": {
        "d_model": 51,
        "num_layers": 2,
        "dropout": 0.4183940160621077,
        "learning_rate": 0.0010742151449517493,
        "batch_size": 32,
        "nhead": 4,
        "weight_decay": 0.0001711327112511227
    }
}