{
    "svm": {
        "tol": 1.0,
        "probability": true,
        "kernel": "poly",
        "gamma": 0.1,
        "class_weight": null,
        "C": 0.01
    },
    "logistic_regression": {
        "tol": 0.01,
        "solver": "newton-cg",
        "random_state": 42,
        "max_iter": 2000,
        "class_weight": "balanced",
        "C": 100.0
    },
    "lstm": {
        "hidden_size": 54,
        "num_layers": 1,
        "dropout": 0.4089497365690188,
        "learning_rate": 0.0005742400896884591,
        "batch_size": 64,
        "weight_decay": 0.002087583801873996
    },
    "transformer": {
        "d_model": 74,
        "num_layers": 1,
        "dropout": 0.4972713014902289,
        "learning_rate": 0.001401538219823554,
        "batch_size": 16,
        "nhead": 4,
        "weight_decay": 0.0018869584157180433
    }
}