{
    "svm": {
        "tol": 0.01,
        "probability": true,
        "kernel": "rbf",
        "gamma": 0.1,
        "class_weight": "balanced",
        "C": 100.0
    },
    "logistic_regression": {
        "tol": 0.01,
        "solver": "saga",
        "random_state": 42,
        "max_iter": 1000,
        "class_weight": "balanced",
        "C": 0.1
    },
    "lstm": {
        "hidden_size": 37,
        "num_layers": 2,
        "dropout": 0.4633719765747349,
        "learning_rate": 0.0005614296804391759,
        "batch_size": 16,
        "weight_decay": 0.006413545207210271
    },
    "transformer": {
        "d_model": 91,
        "num_layers": 2,
        "dropout": 0.4725823494374228,
        "learning_rate": 0.0017180810763563347,
        "batch_size": 16,
        "nhead": 2,
        "weight_decay": 0.006859478219190929
    }
}