{
    "svm": {
        "tol": 0.01,
        "probability": true,
        "kernel": "rbf",
        "gamma": 0.1,
        "class_weight": "balanced",
        "C": 100.0
    },
    "logistic_regression": {
        "tol": 0.01,
        "solver": "newton-cg",
        "random_state": 42,
        "max_iter": 3000,
        "class_weight": "balanced",
        "C": 10.0
    },
    "lstm": {
        "hidden_size": 39,
        "num_layers": 2,
        "dropout": 0.3825337053885252,
        "learning_rate": 0.0007477482423707896,
        "batch_size": 16,
        "weight_decay": 0.0001539903811516265
    },
    "transformer": {
        "d_model": 86,
        "num_layers": 1,
        "dropout": 0.23750340357769403,
        "learning_rate": 0.001261786220658455,
        "batch_size": 16,
        "nhead": 4,
        "weight_decay": 0.004793874295638442
    }
}