{
    "svm": {
        "tol": 1.0,
        "probability": true,
        "kernel": "poly",
        "gamma": 0.01,
        "class_weight": null,
        "C": 10.0
    },
    "logistic_regression": {
        "tol": 0.01,
        "solver": "newton-cg",
        "random_state": 42,
        "max_iter": 2000,
        "class_weight": "balanced",
        "C": 100.0
    },
    "lstm": {
        "hidden_size": 84,
        "num_layers": 2,
        "dropout": 0.34740153724552564,
        "learning_rate": 0.0016133000736556179,
        "batch_size": 64,
        "weight_decay": 0.0015803111002840565
    },
    "transformer": {
        "d_model": 74,
        "num_layers": 1,
        "dropout": 0.23616034003889427,
        "learning_rate": 0.001260220036447051,
        "batch_size": 32,
        "nhead": 2,
        "weight_decay": 0.009119428160776486
    }
}