{
    "svm": {
        "tol": 1.0,
        "probability": true,
        "kernel": "linear",
        "gamma": 0.01,
        "class_weight": null,
        "C": 1.0
    },
    "logistic_regression": {
        "tol": 0.01,
        "solver": "newton-cg",
        "random_state": 42,
        "max_iter": 3000,
        "class_weight": "balanced",
        "C": 10.0
    },
    "lstm": {
        "hidden_size": 63,
        "num_layers": 1,
        "dropout": 0.4873208660871313,
        "learning_rate": 0.0014683063879669471,
        "batch_size": 16,
        "weight_decay": 0.00037185729918522847
    },
    "transformer": {
        "d_model": 36,
        "num_layers": 1,
        "dropout": 0.382407240769145,
        "learning_rate": 0.0006562543490276133,
        "batch_size": 32,
        "nhead": 4,
        "weight_decay": 0.0002495884700332426
    }
}