{
    "svm": {
        "tol": 1.0,
        "probability": true,
        "kernel": "poly",
        "gamma": 0.1,
        "class_weight": null,
        "C": 0.01
    },
    "logistic_regression": {
        "tol": 0.1,
        "solver": "saga",
        "random_state": 42,
        "max_iter": 2000,
        "class_weight": null,
        "C": 0.1
    },
    "lstm": {
        "hidden_size": 61,
        "num_layers": 1,
        "dropout": 0.2530888052533286,
        "learning_rate": 0.0008115606983195108,
        "batch_size": 64,
        "weight_decay": 0.0008565228601973134
    },
    "transformer": {
        "d_model": 91,
        "num_layers": 2,
        "dropout": 0.2763243855079629,
        "learning_rate": 0.0015908947761623922,
        "batch_size": 16,
        "nhead": 4,
        "weight_decay": 0.0009529401103331095
    }
}