{
    "svm": {
        "tol": 0.01,
        "probability": true,
        "kernel": "rbf",
        "gamma": 0.1,
        "class_weight": "balanced",
        "C": 100.0
    },
    "logistic_regression": {
        "tol": 0.01,
        "solver": "sag",
        "random_state": 42,
        "max_iter": 3000,
        "class_weight": null,
        "C": 100.0
    },
    "lstm": {
        "hidden_size": 73,
        "num_layers": 1,
        "dropout": 0.40873331661317935,
        "learning_rate": 0.001168075597564911,
        "batch_size": 64,
        "weight_decay": 0.009855848375969038
    },
    "transformer": {
        "d_model": 69,
        "num_layers": 2,
        "dropout": 0.2762568272907961,
        "learning_rate": 0.00121883406971117,
        "batch_size": 64,
        "nhead": 4,
        "weight_decay": 0.0021075149375433732
    }
}