{
    "svm": {
        "tol": 0.01,
        "probability": true,
        "kernel": "rbf",
        "gamma": 0.1,
        "class_weight": "balanced",
        "C": 100.0
    },
    "logistic_regression": {
        "tol": 0.01,
        "solver": "newton-cg",
        "random_state": 42,
        "max_iter": 2000,
        "class_weight": "balanced",
        "C": 100.0
    },
    "lstm": {
        "hidden_size": 59,
        "num_layers": 1,
        "dropout": 0.498694293046395,
        "learning_rate": 0.000504397503294759,
        "batch_size": 64,
        "weight_decay": 0.0006360960548881882
    },
    "transformer": {
        "d_model": 86,
        "num_layers": 1,
        "dropout": 0.43967994818462847,
        "learning_rate": 0.0006169248079388685,
        "batch_size": 64,
        "nhead": 4,
        "weight_decay": 0.0019084875216836214
    }
}