{
    "svm": {
        "tol": 0.01,
        "probability": true,
        "kernel": "linear",
        "gamma": 0.0001,
        "class_weight": null,
        "C": 1.0
    },
    "logistic_regression": {
        "tol": 0.01,
        "solver": "newton-cg",
        "random_state": 42,
        "max_iter": 2000,
        "class_weight": "balanced",
        "C": 100.0
    },
    "lstm": {
        "hidden_size": 94,
        "num_layers": 1,
        "dropout": 0.30135158448097504,
        "learning_rate": 0.0005106640757070188,
        "batch_size": 16,
        "weight_decay": 0.00046816965528083035
    },
    "transformer": {
        "d_model": 93,
        "num_layers": 2,
        "dropout": 0.21396724427471284,
        "learning_rate": 0.001802850210783654,
        "batch_size": 16,
        "nhead": 2,
        "weight_decay": 0.004924413445378394
    }
}