{
    "svm": {
        "tol": 1.0,
        "probability": true,
        "kernel": "linear",
        "gamma": 0.01,
        "class_weight": null,
        "C": 1.0
    },
    "logistic_regression": {
        "tol": 0.01,
        "solver": "newton-cg",
        "random_state": 42,
        "max_iter": 2000,
        "class_weight": "balanced",
        "C": 100.0
    },
    "lstm": {
        "hidden_size": 38,
        "num_layers": 2,
        "dropout": 0.413177568217976,
        "learning_rate": 0.000955078240545278,
        "batch_size": 64,
        "weight_decay": 0.0010931108098046706
    },
    "transformer": {
        "d_model": 74,
        "num_layers": 2,
        "dropout": 0.2963570300548785,
        "learning_rate": 0.0012098227478334795,
        "batch_size": 32,
        "nhead": 2,
        "weight_decay": 0.0069136882038300495
    }
}