{
    "svm": {
        "tol": 0.01,
        "probability": true,
        "kernel": "rbf",
        "gamma": 0.1,
        "class_weight": "balanced",
        "C": 100.0
    },
    "logistic_regression": {
        "tol": 0.01,
        "solver": "saga",
        "random_state": 42,
        "max_iter": 1000,
        "class_weight": null,
        "C": 1.0
    },
    "lstm": {
        "hidden_size": 43,
        "num_layers": 1,
        "dropout": 0.3120468257044215,
        "learning_rate": 0.0006213981176596842,
        "batch_size": 32,
        "weight_decay": 0.003234085707713033
    },
    "transformer": {
        "d_model": 40,
        "num_layers": 2,
        "dropout": 0.2982346869513314,
        "learning_rate": 0.0008721520065773671,
        "batch_size": 64,
        "nhead": 4,
        "weight_decay": 0.00018148216604108665
    }
}