{
    "svm": {
        "tol": 0.01,
        "probability": true,
        "kernel": "rbf",
        "gamma": 0.1,
        "class_weight": "balanced",
        "C": 100.0
    },
    "logistic_regression": {
        "tol": 0.01,
        "solver": "newton-cg",
        "random_state": 42,
        "max_iter": 2000,
        "class_weight": "balanced",
        "C": 100.0
    },
    "lstm": {
        "hidden_size": 44,
        "num_layers": 1,
        "dropout": 0.2798043798949801,
        "learning_rate": 0.001305841562714072,
        "batch_size": 16,
        "weight_decay": 0.004976409056397303
    },
    "transformer": {
        "d_model": 73,
        "num_layers": 1,
        "dropout": 0.2965624085389816,
        "learning_rate": 0.0005510187269143143,
        "batch_size": 16,
        "nhead": 4,
        "weight_decay": 0.0027765276517934066
    }
}