{
    "svm": {
        "tol": 0.01,
        "probability": true,
        "kernel": "rbf",
        "gamma": 0.1,
        "class_weight": "balanced",
        "C": 100.0
    },
    "logistic_regression": {
        "tol": 0.01,
        "solver": "lbfgs",
        "random_state": 42,
        "max_iter": 2000,
        "class_weight": null,
        "C": 10.0
    },
    "lstm": {
        "hidden_size": 34,
        "num_layers": 1,
        "dropout": 0.3837670068562178,
        "learning_rate": 0.0006353230694995023,
        "batch_size": 64,
        "weight_decay": 0.0002762080540619095
    },
    "transformer": {
        "d_model": 43,
        "num_layers": 1,
        "dropout": 0.4839651733079543,
        "learning_rate": 0.0006476178983462504,
        "batch_size": 64,
        "nhead": 2,
        "weight_decay": 0.005680305047626818
    }
}