{
    "svm": {
        "tol": 0.01,
        "probability": true,
        "kernel": "rbf",
        "gamma": 0.1,
        "class_weight": "balanced",
        "C": 100.0
    },
    "logistic_regression": {
        "tol": 1.0,
        "solver": "sag",
        "random_state": 42,
        "max_iter": 2000,
        "class_weight": "balanced",
        "C": 10.0
    },
    "lstm": {
        "hidden_size": 37,
        "num_layers": 1,
        "dropout": 0.32944518857782507,
        "learning_rate": 0.0005603331372709605,
        "batch_size": 64,
        "weight_decay": 0.0006486893532598689
    },
    "transformer": {
        "d_model": 96,
        "num_layers": 2,
        "dropout": 0.2600664929524731,
        "learning_rate": 0.0005957523583686698,
        "batch_size": 16,
        "nhead": 2,
        "weight_decay": 0.0010469666300643684
    }
}