{
    "svm": {
        "tol": 0.01,
        "probability": true,
        "kernel": "rbf",
        "gamma": 0.1,
        "class_weight": "balanced",
        "C": 100.0
    },
    "logistic_regression": {
        "tol": 0.01,
        "solver": "newton-cg",
        "random_state": 42,
        "max_iter": 3000,
        "class_weight": "balanced",
        "C": 10.0
    },
    "lstm": {
        "hidden_size": 39,
        "num_layers": 1,
        "dropout": 0.3049858631618989,
        "learning_rate": 0.0010781726276912738,
        "batch_size": 16,
        "weight_decay": 0.00011065035232441413
    },
    "transformer": {
        "d_model": 38,
        "num_layers": 2,
        "dropout": 0.2579182756542529,
        "learning_rate": 0.0006839039464519348,
        "batch_size": 16,
        "nhead": 2,
        "weight_decay": 0.00011014000753848173
    }
}