{
    "svm": {
        "tol": 1.0,
        "probability": true,
        "kernel": "linear",
        "gamma": 0.01,
        "class_weight": "balanced",
        "C": 10.0
    },
    "logistic_regression": {
        "tol": 0.01,
        "solver": "saga",
        "random_state": 42,
        "max_iter": 1000,
        "class_weight": "balanced",
        "C": 0.1
    },
    "lstm": {
        "hidden_size": 42,
        "num_layers": 2,
        "dropout": 0.4947647734926321,
        "learning_rate": 0.0007198991898376407,
        "batch_size": 64,
        "weight_decay": 0.00042290299963461
    },
    "transformer": {
        "d_model": 33,
        "num_layers": 2,
        "dropout": 0.47693042486848286,
        "learning_rate": 0.0007745474410297058,
        "batch_size": 32,
        "nhead": 2,
        "weight_decay": 0.006228494855057612
    }
}