{
    "svm": {
        "tol": 0.01,
        "probability": true,
        "kernel": "linear",
        "gamma": 0.0001,
        "class_weight": null,
        "C": 1.0
    },
    "logistic_regression": {
        "tol": 0.01,
        "solver": "newton-cg",
        "random_state": 42,
        "max_iter": 2000,
        "class_weight": "balanced",
        "C": 100.0
    },
    "lstm": {
        "hidden_size": 45,
        "num_layers": 1,
        "dropout": 0.35055711848318805,
        "learning_rate": 0.0015152319669981232,
        "batch_size": 32,
        "weight_decay": 0.00454289121261543
    },
    "transformer": {
        "d_model": 43,
        "num_layers": 2,
        "dropout": 0.3816085904826001,
        "learning_rate": 0.001478946625915538,
        "batch_size": 16,
        "nhead": 2,
        "weight_decay": 0.0005415278274159715
    }
}