{
    "svm": {
        "tol": 1.0,
        "probability": true,
        "kernel": "poly",
        "gamma": 0.1,
        "class_weight": null,
        "C": 0.01
    },
    "logistic_regression": {
        "tol": 0.1,
        "solver": "saga",
        "random_state": 42,
        "max_iter": 3000,
        "class_weight": "balanced",
        "C": 1.0
    },
    "lstm": {
        "hidden_size": 56,
        "num_layers": 2,
        "dropout": 0.42342633780356376,
        "learning_rate": 0.0007696601111247614,
        "batch_size": 64,
        "weight_decay": 0.0008907519475461854
    },
    "transformer": {
        "d_model": 74,
        "num_layers": 1,
        "dropout": 0.4893030500056342,
        "learning_rate": 0.0012109717848723574,
        "batch_size": 32,
        "nhead": 4,
        "weight_decay": 0.000983845388011567
    }
}