{
    "svm": {
        "tol": 0.01,
        "probability": true,
        "kernel": "rbf",
        "gamma": 0.1,
        "class_weight": "balanced",
        "C": 100.0
    },
    "logistic_regression": {
        "tol": 0.01,
        "solver": "sag",
        "random_state": 42,
        "max_iter": 3000,
        "class_weight": null,
        "C": 100.0
    },
    "lstm": {
        "hidden_size": 36,
        "num_layers": 1,
        "dropout": 0.4547615255316661,
        "learning_rate": 0.0006183435117411956,
        "batch_size": 64,
        "weight_decay": 0.00037475814534536903
    },
    "transformer": {
        "d_model": 43,
        "num_layers": 2,
        "dropout": 0.457060143293216,
        "learning_rate": 0.0018336722157365197,
        "batch_size": 16,
        "nhead": 2,
        "weight_decay": 0.0024910850906030694
    }
}