{
    "svm": {
        "tol": 1.0,
        "probability": true,
        "kernel": "poly",
        "gamma": 0.1,
        "class_weight": null,
        "C": 0.01
    },
    "logistic_regression": {
        "tol": 0.1,
        "solver": "sag",
        "random_state": 42,
        "max_iter": 1000,
        "class_weight": null,
        "C": 100.0
    },
    "lstm": {
        "hidden_size": 69,
        "num_layers": 2,
        "dropout": 0.4326292301877176,
        "learning_rate": 0.0005539470560247826,
        "batch_size": 64,
        "weight_decay": 0.0007418388471695978
    },
    "transformer": {
        "d_model": 51,
        "num_layers": 2,
        "dropout": 0.279176488758882,
        "learning_rate": 0.0007352669577193267,
        "batch_size": 16,
        "nhead": 2,
        "weight_decay": 0.005533958144960085
    }
}