{
    "svm": {
        "tol": 1.0,
        "probability": true,
        "kernel": "linear",
        "gamma": 0.0001,
        "class_weight": null,
        "C": 10.0
    },
    "logistic_regression": {
        "tol": 0.01,
        "solver": "newton-cg",
        "random_state": 42,
        "max_iter": 1000,
        "class_weight": null,
        "C": 100.0
    },
    "lstm": {
        "hidden_size": 85,
        "num_layers": 1,
        "dropout": 0.3062508732637973,
        "learning_rate": 0.0006058763843424934,
        "batch_size": 64,
        "weight_decay": 0.00022921595619077592
    },
    "transformer": {
        "d_model": 48,
        "num_layers": 2,
        "dropout": 0.3855613185642948,
        "learning_rate": 0.0007259280823546226,
        "batch_size": 64,
        "nhead": 2,
        "weight_decay": 0.002496672460699175
    }
}