{
    "svm": {
        "tol": 1.0,
        "probability": true,
        "kernel": "poly",
        "gamma": 0.1,
        "class_weight": null,
        "C": 0.01
    },
    "logistic_regression": {
        "tol": 0.01,
        "solver": "lbfgs",
        "random_state": 42,
        "max_iter": 3000,
        "class_weight": null,
        "C": 100.0
    },
    "lstm": {
        "hidden_size": 70,
        "num_layers": 2,
        "dropout": 0.28507856435609447,
        "learning_rate": 0.0006444232328140573,
        "batch_size": 16,
        "weight_decay": 0.0010853874071887612
    },
    "transformer": {
        "d_model": 65,
        "num_layers": 1,
        "dropout": 0.4991466138315691,
        "learning_rate": 0.0005603697111749529,
        "batch_size": 16,
        "nhead": 2,
        "weight_decay": 0.00010037497632916592
    }
}