{
    "svm": {
        "tol": 1.0,
        "probability": true,
        "kernel": "linear",
        "gamma": 0.01,
        "class_weight": null,
        "C": 1.0
    },
    "logistic_regression": {
        "tol": 0.01,
        "solver": "lbfgs",
        "random_state": 42,
        "max_iter": 3000,
        "class_weight": null,
        "C": 100.0
    },
    "lstm": {
        "hidden_size": 68,
        "num_layers": 2,
        "dropout": 0.29910487689348053,
        "learning_rate": 0.0005015369287880871,
        "batch_size": 64,
        "weight_decay": 0.0006179549047719657
    },
    "transformer": {
        "d_model": 43,
        "num_layers": 1,
        "dropout": 0.4621202622544574,
        "learning_rate": 0.0006346875386981863,
        "batch_size": 64,
        "nhead": 2,
        "weight_decay": 0.005497478778049817
    }
}