{
    "svm": {
        "tol": 0.01,
        "probability": true,
        "kernel": "rbf",
        "gamma": 0.1,
        "class_weight": "balanced",
        "C": 100.0
    },
    "logistic_regression": {
        "tol": 0.01,
        "solver": "newton-cg",
        "random_state": 42,
        "max_iter": 3000,
        "class_weight": "balanced",
        "C": 1.0
    },
    "lstm": {
        "hidden_size": 93,
        "num_layers": 1,
        "dropout": 0.39831917075288165,
        "learning_rate": 0.0008480222621007213,
        "batch_size": 16,
        "weight_decay": 0.0005144825934356651
    },
    "transformer": {
        "d_model": 39,
        "num_layers": 1,
        "dropout": 0.45241046955311487,
        "learning_rate": 0.0013131298314776954,
        "batch_size": 64,
        "nhead": 2,
        "weight_decay": 0.002389482999185596
    }
}