{
    "svm": {
        "tol": 0.01,
        "probability": true,
        "kernel": "rbf",
        "gamma": 0.1,
        "class_weight": "balanced",
        "C": 100.0
    },
    "logistic_regression": {
        "tol": 0.01,
        "solver": "lbfgs",
        "random_state": 42,
        "max_iter": 3000,
        "class_weight": null,
        "C": 100.0
    },
    "lstm": {
        "hidden_size": 88,
        "num_layers": 2,
        "dropout": 0.32196685098598216,
        "learning_rate": 0.0010953264276716375,
        "batch_size": 32,
        "weight_decay": 0.004063553939159737
    },
    "transformer": {
        "d_model": 84,
        "num_layers": 2,
        "dropout": 0.20470223808736657,
        "learning_rate": 0.0009898031555896066,
        "batch_size": 16,
        "nhead": 4,
        "weight_decay": 0.00033103567635231896
    }
}