{
    "svm": {
        "tol": 1.0,
        "probability": true,
        "kernel": "linear",
        "gamma": 0.0001,
        "class_weight": null,
        "C": 10.0
    },
    "logistic_regression": {
        "tol": 0.01,
        "solver": "lbfgs",
        "random_state": 42,
        "max_iter": 2000,
        "class_weight": null,
        "C": 10.0
    },
    "lstm": {
        "hidden_size": 69,
        "num_layers": 2,
        "dropout": 0.27677011335361806,
        "learning_rate": 0.0012162132695075158,
        "batch_size": 64,
        "weight_decay": 0.0020713476886909986
    },
    "transformer": {
        "d_model": 88,
        "num_layers": 1,
        "dropout": 0.4592234723827915,
        "learning_rate": 0.0008365760262896652,
        "batch_size": 16,
        "nhead": 4,
        "weight_decay": 0.002070829288151312
    }
}