{
    "svm": {
        "tol": 0.01,
        "probability": true,
        "kernel": "rbf",
        "gamma": 0.1,
        "class_weight": "balanced",
        "C": 100.0
    },
    "logistic_regression": {
        "tol": 0.01,
        "solver": "sag",
        "random_state": 42,
        "max_iter": 3000,
        "class_weight": "balanced",
        "C": 1.0
    },
    "lstm": {
        "hidden_size": 39,
        "num_layers": 2,
        "dropout": 0.4358443738978795,
        "learning_rate": 0.0007215179606764883,
        "batch_size": 32,
        "weight_decay": 0.0009545811854150867
    },
    "transformer": {
        "d_model": 34,
        "num_layers": 2,
        "dropout": 0.44854706394851857,
        "learning_rate": 0.0005102022515804667,
        "batch_size": 16,
        "nhead": 4,
        "weight_decay": 0.00138223453298283
    }
}