{
    "svm": {
        "tol": 0.01,
        "probability": true,
        "kernel": "rbf",
        "gamma": 0.1,
        "class_weight": "balanced",
        "C": 100.0
    },
    "logistic_regression": {
        "tol": 0.01,
        "solver": "lbfgs",
        "random_state": 42,
        "max_iter": 2000,
        "class_weight": "balanced",
        "C": 100.0
    },
    "lstm": {
        "hidden_size": 91,
        "num_layers": 1,
        "dropout": 0.47252770435618374,
        "learning_rate": 0.0016366878646228526,
        "batch_size": 32,
        "weight_decay": 0.001564805937576549
    },
    "transformer": {
        "d_model": 78,
        "num_layers": 2,
        "dropout": 0.39912229054657944,
        "learning_rate": 0.000895581732235065,
        "batch_size": 16,
        "nhead": 2,
        "weight_decay": 0.0008232236245591457
    }
}