{
    "svm": {
        "tol": 0.1,
        "probability": true,
        "kernel": "rbf",
        "gamma": 0.001,
        "class_weight": null,
        "C": 10.0
    },
    "logistic_regression": {
        "tol": 0.01,
        "solver": "newton-cg",
        "random_state": 42,
        "max_iter": 2000,
        "class_weight": "balanced",
        "C": 100.0
    },
    "lstm": {
        "hidden_size": 82,
        "num_layers": 2,
        "dropout": 0.37211152161946875,
        "learning_rate": 0.0014392165137431445,
        "batch_size": 32,
        "weight_decay": 0.0019775960283457757
    },
    "transformer": {
        "d_model": 53,
        "num_layers": 1,
        "dropout": 0.33909783220891765,
        "learning_rate": 0.000590165641435779,
        "batch_size": 64,
        "nhead": 4,
        "weight_decay": 0.000183114343213529
    }
}