{
    "svm": {
        "tol": 0.01,
        "probability": true,
        "kernel": "rbf",
        "gamma": 0.1,
        "class_weight": "balanced",
        "C": 100.0
    },
    "logistic_regression": {
        "tol": 0.01,
        "solver": "lbfgs",
        "random_state": 42,
        "max_iter": 2000,
        "class_weight": null,
        "C": 10.0
    },
    "lstm": {
        "hidden_size": 43,
        "num_layers": 1,
        "dropout": 0.38340731609127704,
        "learning_rate": 0.0017157120093938224,
        "batch_size": 32,
        "weight_decay": 0.00278109784515541
    },
    "transformer": {
        "d_model": 50,
        "num_layers": 2,
        "dropout": 0.44689495906222004,
        "learning_rate": 0.0015721755761781238,
        "batch_size": 64,
        "nhead": 2,
        "weight_decay": 0.0002589116692105301
    }
}