{
    "svm": {
        "tol": 0.01,
        "probability": true,
        "kernel": "rbf",
        "gamma": 1.0,
        "class_weight": null,
        "C": 0.001
    },
    "logistic_regression": {
        "tol": 1.0,
        "solver": "saga",
        "random_state": 42,
        "max_iter": 1000,
        "class_weight": "balanced",
        "C": 0.0001
    },
    "lstm": {
        "hidden_size": 36,
        "num_layers": 2,
        "dropout": 0.4993781173872559,
        "learning_rate": 0.0005335677716394939,
        "batch_size": 64,
        "weight_decay": 0.00013832578821073606
    },
    "transformer": {
        "d_model": 33,
        "num_layers": 2,
        "dropout": 0.40146778602368405,
        "learning_rate": 0.0006252941518218872,
        "batch_size": 32,
        "nhead": 2,
        "weight_decay": 0.0015471592488554811
    }
}