{
    "svm": {
        "tol": 1.0,
        "probability": true,
        "kernel": "poly",
        "gamma": 0.01,
        "class_weight": "balanced",
        "C": 1.0
    },
    "logistic_regression": {
        "tol": 0.01,
        "solver": "newton-cg",
        "random_state": 42,
        "max_iter": 3000,
        "class_weight": "balanced",
        "C": 1.0
    },
    "lstm": {
        "hidden_size": 72,
        "num_layers": 1,
        "dropout": 0.40291442541915046,
        "learning_rate": 0.0008278112422747658,
        "batch_size": 16,
        "weight_decay": 0.002714096074527739
    },
    "transformer": {
        "d_model": 44,
        "num_layers": 2,
        "dropout": 0.4514906263337604,
        "learning_rate": 0.0015304608433436492,
        "batch_size": 32,
        "nhead": 4,
        "weight_decay": 0.00319960648688931
    }
}