{
    "svm": {
        "tol": 0.01,
        "probability": true,
        "kernel": "poly",
        "gamma": 0.01,
        "class_weight": null,
        "C": 100.0
    },
    "logistic_regression": {
        "tol": 0.01,
        "solver": "lbfgs",
        "random_state": 42,
        "max_iter": 2000,
        "class_weight": null,
        "C": 10.0
    },
    "lstm": {
        "hidden_size": 41,
        "num_layers": 2,
        "dropout": 0.23821878024046014,
        "learning_rate": 0.0007116891316924333,
        "batch_size": 32,
        "weight_decay": 0.0003238650938084527
    },
    "transformer": {
        "d_model": 59,
        "num_layers": 1,
        "dropout": 0.4687570360234826,
        "learning_rate": 0.0007296698634632126,
        "batch_size": 16,
        "nhead": 4,
        "weight_decay": 0.00016439755879891265
    }
}