{
    "svm": {
        "tol": 0.01,
        "probability": true,
        "kernel": "rbf",
        "gamma": 0.1,
        "class_weight": "balanced",
        "C": 100.0
    },
    "logistic_regression": {
        "tol": 0.01,
        "solver": "lbfgs",
        "random_state": 42,
        "max_iter": 2000,
        "class_weight": "balanced",
        "C": 100.0
    },
    "lstm": {
        "hidden_size": 96,
        "num_layers": 1,
        "dropout": 0.3797331302587583,
        "learning_rate": 0.0005404338457055102,
        "batch_size": 64,
        "weight_decay": 0.0003444766109096601
    },
    "transformer": {
        "d_model": 80,
        "num_layers": 2,
        "dropout": 0.29696007784479744,
        "learning_rate": 0.001175860786227233,
        "batch_size": 16,
        "nhead": 4,
        "weight_decay": 0.009992451464816103
    }
}