{
    "svm": {
        "tol": 0.01,
        "probability": true,
        "kernel": "rbf",
        "gamma": 0.1,
        "class_weight": "balanced",
        "C": 100.0
    },
    "logistic_regression": {
        "tol": 0.01,
        "solver": "newton-cg",
        "random_state": 42,
        "max_iter": 2000,
        "class_weight": "balanced",
        "C": 100.0
    },
    "lstm": {
        "hidden_size": 76,
        "num_layers": 2,
        "dropout": 0.4999328126553338,
        "learning_rate": 0.0019934397231204663,
        "batch_size": 32,
        "weight_decay": 0.00032095499821396004
    },
    "transformer": {
        "d_model": 51,
        "num_layers": 1,
        "dropout": 0.4836262559606135,
        "learning_rate": 0.0007058589769751844,
        "batch_size": 16,
        "nhead": 4,
        "weight_decay": 0.00015996683655438446
    }
}