{
    "svm": {
        "tol": 0.01,
        "probability": true,
        "kernel": "rbf",
        "gamma": 0.1,
        "class_weight": "balanced",
        "C": 100.0
    },
    "logistic_regression": {
        "tol": 0.01,
        "solver": "lbfgs",
        "random_state": 42,
        "max_iter": 3000,
        "class_weight": null,
        "C": 100.0
    },
    "lstm": {
        "hidden_size": 67,
        "num_layers": 2,
        "dropout": 0.2864106276063214,
        "learning_rate": 0.0009649670965059742,
        "batch_size": 16,
        "weight_decay": 0.002668410341446239
    },
    "transformer": {
        "d_model": 95,
        "num_layers": 2,
        "dropout": 0.20676965175175188,
        "learning_rate": 0.0005567058973556815,
        "batch_size": 16,
        "nhead": 4,
        "weight_decay": 0.00021790662211718822
    }
}