{
    "svm": {
        "tol": 0.01,
        "probability": true,
        "kernel": "rbf",
        "gamma": 0.1,
        "class_weight": "balanced",
        "C": 100.0
    },
    "logistic_regression": {
        "tol": 0.01,
        "solver": "newton-cg",
        "random_state": 42,
        "max_iter": 2000,
        "class_weight": "balanced",
        "C": 100.0
    },
    "lstm": {
        "hidden_size": 80,
        "num_layers": 1,
        "dropout": 0.4519651445516799,
        "learning_rate": 0.0008160092695384067,
        "batch_size": 64,
        "weight_decay": 0.00035832986054759575
    },
    "transformer": {
        "d_model": 46,
        "num_layers": 1,
        "dropout": 0.286644951209524,
        "learning_rate": 0.0010650402984916925,
        "batch_size": 64,
        "nhead": 4,
        "weight_decay": 0.00014496000014807664
    }
}