{
    "svm": {
        "tol": 1.0,
        "probability": true,
        "kernel": "poly",
        "gamma": 0.01,
        "class_weight": null,
        "C": 10.0
    },
    "logistic_regression": {
        "tol": 0.01,
        "solver": "newton-cg",
        "random_state": 42,
        "max_iter": 3000,
        "class_weight": "balanced",
        "C": 10.0
    },
    "lstm": {
        "hidden_size": 80,
        "num_layers": 1,
        "dropout": 0.42674141562049556,
        "learning_rate": 0.0014166392647224483,
        "batch_size": 64,
        "weight_decay": 0.00359039888942499
    },
    "transformer": {
        "d_model": 57,
        "num_layers": 2,
        "dropout": 0.3001838109233566,
        "learning_rate": 0.0008012506573915929,
        "batch_size": 16,
        "nhead": 4,
        "weight_decay": 0.0007645705036684222
    }
}