{
    "svm": {
        "tol": 0.1,
        "probability": true,
        "kernel": "rbf",
        "gamma": 0.001,
        "class_weight": null,
        "C": 10.0
    },
    "logistic_regression": {
        "tol": 0.01,
        "solver": "newton-cg",
        "random_state": 42,
        "max_iter": 1000,
        "class_weight": "balanced",
        "C": 0.001
    },
    "lstm": {
        "hidden_size": 88,
        "num_layers": 2,
        "dropout": 0.49996534843280577,
        "learning_rate": 0.0019880553933407405,
        "batch_size": 16,
        "weight_decay": 0.006744758914893526
    },
    "transformer": {
        "d_model": 83,
        "num_layers": 2,
        "dropout": 0.2840904443964479,
        "learning_rate": 0.0015415249551157203,
        "batch_size": 32,
        "nhead": 4,
        "weight_decay": 0.0008207866902066622
    }
}