{
    "svm": {
        "tol": 0.01,
        "probability": true,
        "kernel": "rbf",
        "gamma": 0.1,
        "class_weight": "balanced",
        "C": 100.0
    },
    "logistic_regression": {
        "tol": 0.1,
        "solver": "newton-cg",
        "random_state": 42,
        "max_iter": 1000,
        "class_weight": null,
        "C": 100.0
    },
    "lstm": {
        "hidden_size": 40,
        "num_layers": 1,
        "dropout": 0.4651899029723249,
        "learning_rate": 0.0008395935026350089,
        "batch_size": 32,
        "weight_decay": 0.00019422489010140106
    },
    "transformer": {
        "d_model": 79,
        "num_layers": 2,
        "dropout": 0.21102732435336435,
        "learning_rate": 0.0006579622031867016,
        "batch_size": 16,
        "nhead": 2,
        "weight_decay": 0.0008923177780458573
    }
}