{
    "svm": {
        "tol": 1.0,
        "probability": true,
        "kernel": "linear",
        "gamma": 0.01,
        "class_weight": "balanced",
        "C": 10.0
    },
    "logistic_regression": {
        "tol": 0.01,
        "solver": "lbfgs",
        "random_state": 42,
        "max_iter": 3000,
        "class_weight": null,
        "C": 100.0
    },
    "lstm": {
        "hidden_size": 61,
        "num_layers": 2,
        "dropout": 0.37832772770205353,
        "learning_rate": 0.0005004578224880866,
        "batch_size": 16,
        "weight_decay": 0.0009007149446065723
    },
    "transformer": {
        "d_model": 79,
        "num_layers": 2,
        "dropout": 0.3865706376679756,
        "learning_rate": 0.0017628207999456566,
        "batch_size": 16,
        "nhead": 2,
        "weight_decay": 0.001546491969505129
    }
}