{
    "svm": {
        "tol": 0.01,
        "probability": true,
        "kernel": "rbf",
        "gamma": 0.1,
        "class_weight": "balanced",
        "C": 100.0
    },
    "logistic_regression": {
        "tol": 1.0,
        "solver": "sag",
        "random_state": 42,
        "max_iter": 3000,
        "class_weight": "balanced",
        "C": 0.01
    },
    "lstm": {
        "hidden_size": 41,
        "num_layers": 2,
        "dropout": 0.47306566407942285,
        "learning_rate": 0.001388452126116237,
        "batch_size": 64,
        "weight_decay": 0.0004066781025902558
    },
    "transformer": {
        "d_model": 54,
        "num_layers": 2,
        "dropout": 0.4641507519269083,
        "learning_rate": 0.0018196027764489449,
        "batch_size": 32,
        "nhead": 2,
        "weight_decay": 0.001866077428667901
    }
}