{
    "svm": {
        "tol": 1.0,
        "probability": true,
        "kernel": "poly",
        "gamma": 0.1,
        "class_weight": null,
        "C": 0.01
    },
    "logistic_regression": {
        "tol": 0.1,
        "solver": "sag",
        "random_state": 42,
        "max_iter": 1000,
        "class_weight": null,
        "C": 100.0
    },
    "lstm": {
        "hidden_size": 94,
        "num_layers": 1,
        "dropout": 0.3272034383191671,
        "learning_rate": 0.0012986807992917014,
        "batch_size": 32,
        "weight_decay": 0.0036066753711191304
    },
    "transformer": {
        "d_model": 80,
        "num_layers": 2,
        "dropout": 0.21311265035237667,
        "learning_rate": 0.001976683892382037,
        "batch_size": 16,
        "nhead": 4,
        "weight_decay": 0.00029069815188781243
    }
}