{
    "svm": {
        "tol": 1.0,
        "probability": true,
        "kernel": "linear",
        "gamma": 0.0001,
        "class_weight": null,
        "C": 10.0
    },
    "logistic_regression": {
        "tol": 0.01,
        "solver": "newton-cg",
        "random_state": 42,
        "max_iter": 3000,
        "class_weight": "balanced",
        "C": 10.0
    },
    "lstm": {
        "hidden_size": 66,
        "num_layers": 2,
        "dropout": 0.3726491242297488,
        "learning_rate": 0.0006082142301171935,
        "batch_size": 32,
        "weight_decay": 0.0006377986621536018
    },
    "transformer": {
        "d_model": 73,
        "num_layers": 1,
        "dropout": 0.31017182658057113,
        "learning_rate": 0.0006108694118952612,
        "batch_size": 32,
        "nhead": 2,
        "weight_decay": 0.0010019966616853309
    }
}