{
    "svm": {
        "tol": 1.0,
        "probability": true,
        "kernel": "linear",
        "gamma": 0.01,
        "class_weight": null,
        "C": 1.0
    },
    "logistic_regression": {
        "tol": 0.01,
        "solver": "newton-cg",
        "random_state": 42,
        "max_iter": 2000,
        "class_weight": null,
        "C": 1.0
    },
    "lstm": {
        "hidden_size": 88,
        "num_layers": 2,
        "dropout": 0.3671001112953363,
        "learning_rate": 0.0007129824558931146,
        "batch_size": 16,
        "weight_decay": 0.005894574998385528
    },
    "transformer": {
        "d_model": 42,
        "num_layers": 2,
        "dropout": 0.38048091395280864,
        "learning_rate": 0.0009465135759750282,
        "batch_size": 16,
        "nhead": 2,
        "weight_decay": 0.0005801139518668949
    }
}