{
    "svm": {
        "tol": 0.01,
        "probability": true,
        "kernel": "rbf",
        "gamma": 0.1,
        "class_weight": "balanced",
        "C": 100.0
    },
    "logistic_regression": {
        "tol": 0.1,
        "solver": "newton-cg",
        "random_state": 42,
        "max_iter": 1000,
        "class_weight": null,
        "C": 100.0
    },
    "lstm": {
        "hidden_size": 32,
        "num_layers": 1,
        "dropout": 0.22008940299657362,
        "learning_rate": 0.0008154075865702637,
        "batch_size": 64,
        "weight_decay": 0.00031395202946736046
    },
    "transformer": {
        "d_model": 73,
        "num_layers": 2,
        "dropout": 0.47705149839440353,
        "learning_rate": 0.0007173779912173173,
        "batch_size": 16,
        "nhead": 2,
        "weight_decay": 0.002505170733477994
    }
}