{
    "svm": {
        "tol": 0.01,
        "probability": true,
        "kernel": "rbf",
        "gamma": 0.1,
        "class_weight": "balanced",
        "C": 100.0
    },
    "logistic_regression": {
        "tol": 0.01,
        "solver": "sag",
        "random_state": 42,
        "max_iter": 3000,
        "class_weight": "balanced",
        "C": 1.0
    },
    "lstm": {
        "hidden_size": 42,
        "num_layers": 1,
        "dropout": 0.36306664704177855,
        "learning_rate": 0.0005727693713598776,
        "batch_size": 64,
        "weight_decay": 0.009770511972497816
    },
    "transformer": {
        "d_model": 39,
        "num_layers": 2,
        "dropout": 0.41134469543025093,
        "learning_rate": 0.000588867476196004,
        "batch_size": 16,
        "nhead": 4,
        "weight_decay": 0.007195185714834418
    }
}