{
    "svm": {
        "tol": 0.1,
        "probability": true,
        "kernel": "linear",
        "gamma": 1e-05,
        "class_weight": null,
        "C": 0.1
    },
    "logistic_regression": {
        "tol": 1.0,
        "solver": "sag",
        "random_state": 42,
        "max_iter": 3000,
        "class_weight": null,
        "C": 0.001
    },
    "lstm": {
        "hidden_size": 67,
        "num_layers": 1,
        "dropout": 0.3153082322065595,
        "learning_rate": 0.0006110573874732289,
        "batch_size": 16,
        "weight_decay": 0.001450195582861443
    },
    "transformer": {
        "d_model": 37,
        "num_layers": 1,
        "dropout": 0.27565195341228954,
        "learning_rate": 0.0014192307763247571,
        "batch_size": 64,
        "nhead": 4,
        "weight_decay": 0.008221938087776144
    }
}