{
    "svm": {
        "tol": 0.01,
        "probability": true,
        "kernel": "rbf",
        "gamma": 0.1,
        "class_weight": "balanced",
        "C": 100.0
    },
    "logistic_regression": {
        "tol": 0.01,
        "solver": "lbfgs",
        "random_state": 42,
        "max_iter": 2000,
        "class_weight": "balanced",
        "C": 100.0
    },
    "lstm": {
        "hidden_size": 79,
        "num_layers": 1,
        "dropout": 0.32587653177714815,
        "learning_rate": 0.0006434925304718248,
        "batch_size": 64,
        "weight_decay": 0.0021794227399590635
    },
    "transformer": {
        "d_model": 63,
        "num_layers": 2,
        "dropout": 0.44624018743263755,
        "learning_rate": 0.0014493076514656101,
        "batch_size": 16,
        "nhead": 2,
        "weight_decay": 0.00019859581710953033
    }
}