{
    "svm": {
        "tol": 0.01,
        "probability": true,
        "kernel": "rbf",
        "gamma": 0.1,
        "class_weight": "balanced",
        "C": 100.0
    },
    "logistic_regression": {
        "tol": 0.01,
        "solver": "lbfgs",
        "random_state": 42,
        "max_iter": 3000,
        "class_weight": null,
        "C": 0.0001
    },
    "lstm": {
        "hidden_size": 64,
        "num_layers": 2,
        "dropout": 0.2595362111686448,
        "learning_rate": 0.000521223773938763,
        "batch_size": 64,
        "weight_decay": 0.009893124730707761
    },
    "transformer": {
        "d_model": 57,
        "num_layers": 2,
        "dropout": 0.3101804875182305,
        "learning_rate": 0.0009181204340544836,
        "batch_size": 64,
        "nhead": 2,
        "weight_decay": 0.0008552742823840964
    }
}