{
    "svm": {
        "tol": 0.01,
        "probability": true,
        "kernel": "rbf",
        "gamma": 0.1,
        "class_weight": "balanced",
        "C": 100.0
    },
    "logistic_regression": {
        "tol": 0.01,
        "solver": "lbfgs",
        "random_state": 42,
        "max_iter": 3000,
        "class_weight": null,
        "C": 100.0
    },
    "lstm": {
        "hidden_size": 46,
        "num_layers": 2,
        "dropout": 0.4087705852151605,
        "learning_rate": 0.0005419696183839665,
        "batch_size": 16,
        "weight_decay": 0.004278885279892711
    },
    "transformer": {
        "d_model": 58,
        "num_layers": 1,
        "dropout": 0.4551717663413473,
        "learning_rate": 0.001556568519339789,
        "batch_size": 16,
        "nhead": 2,
        "weight_decay": 0.00010711731710039733
    }
}