{
    "svm": {
        "tol": 1.0,
        "probability": true,
        "kernel": "linear",
        "gamma": 0.0001,
        "class_weight": null,
        "C": 10.0
    },
    "logistic_regression": {
        "tol": 0.01,
        "solver": "sag",
        "random_state": 42,
        "max_iter": 3000,
        "class_weight": null,
        "C": 100.0
    },
    "lstm": {
        "hidden_size": 44,
        "num_layers": 2,
        "dropout": 0.33442327732685456,
        "learning_rate": 0.0006308343904167634,
        "batch_size": 16,
        "weight_decay": 0.0035638542861688763
    },
    "transformer": {
        "d_model": 96,
        "num_layers": 2,
        "dropout": 0.45093122431008337,
        "learning_rate": 0.0015997421059495225,
        "batch_size": 16,
        "nhead": 2,
        "weight_decay": 0.002077535362579403
    }
}