{
    "svm": {
        "tol": 1.0,
        "probability": true,
        "kernel": "linear",
        "gamma": 0.01,
        "class_weight": "balanced",
        "C": 10.0
    },
    "logistic_regression": {
        "tol": 0.01,
        "solver": "newton-cg",
        "random_state": 42,
        "max_iter": 2000,
        "class_weight": "balanced",
        "C": 100.0
    },
    "lstm": {
        "hidden_size": 38,
        "num_layers": 1,
        "dropout": 0.470688126247935,
        "learning_rate": 0.0005582390151116958,
        "batch_size": 64,
        "weight_decay": 0.0019153306705936607
    },
    "transformer": {
        "d_model": 95,
        "num_layers": 2,
        "dropout": 0.4730634504803096,
        "learning_rate": 0.0014839750989576348,
        "batch_size": 16,
        "nhead": 4,
        "weight_decay": 0.000879000199315263
    }
}