{
    "svm": {
        "tol": 0.1,
        "probability": true,
        "kernel": "linear",
        "gamma": 1e-05,
        "class_weight": null,
        "C": 0.1
    },
    "logistic_regression": {
        "tol": 0.01,
        "solver": "sag",
        "random_state": 42,
        "max_iter": 3000,
        "class_weight": null,
        "C": 100.0
    },
    "lstm": {
        "hidden_size": 39,
        "num_layers": 1,
        "dropout": 0.43087924197197036,
        "learning_rate": 0.0005020074559974803,
        "batch_size": 64,
        "weight_decay": 0.0006426835677531503
    },
    "transformer": {
        "d_model": 75,
        "num_layers": 2,
        "dropout": 0.3431492263271983,
        "learning_rate": 0.001308532430458922,
        "batch_size": 64,
        "nhead": 2,
        "weight_decay": 0.0018836852359109763
    }
}