{
    "svm": {
        "tol": 0.01,
        "probability": true,
        "kernel": "rbf",
        "gamma": 0.1,
        "class_weight": "balanced",
        "C": 100.0
    },
    "logistic_regression": {
        "tol": 0.1,
        "solver": "saga",
        "random_state": 42,
        "max_iter": 3000,
        "class_weight": "balanced",
        "C": 1.0
    },
    "lstm": {
        "hidden_size": 68,
        "num_layers": 1,
        "dropout": 0.31671493395664113,
        "learning_rate": 0.0005620525284998662,
        "batch_size": 32,
        "weight_decay": 0.00397140451015501
    },
    "transformer": {
        "d_model": 45,
        "num_layers": 1,
        "dropout": 0.3839233932039943,
        "learning_rate": 0.000604261784246325,
        "batch_size": 64,
        "nhead": 2,
        "weight_decay": 0.0009125036182675099
    }
}