{
    "svm": {
        "tol": 1.0,
        "probability": true,
        "kernel": "poly",
        "gamma": 0.1,
        "class_weight": null,
        "C": 0.01
    },
    "logistic_regression": {
        "tol": 1.0,
        "solver": "sag",
        "random_state": 42,
        "max_iter": 2000,
        "class_weight": "balanced",
        "C": 10.0
    },
    "lstm": {
        "hidden_size": 53,
        "num_layers": 2,
        "dropout": 0.20899702018338076,
        "learning_rate": 0.0007596298325337895,
        "batch_size": 64,
        "weight_decay": 0.007612732080907026
    },
    "transformer": {
        "d_model": 80,
        "num_layers": 1,
        "dropout": 0.4020649938408646,
        "learning_rate": 0.0010362586864249628,
        "batch_size": 16,
        "nhead": 4,
        "weight_decay": 0.0013822424610920696
    }
}