{
    "svm": {
        "tol": 10.0,
        "probability": true,
        "kernel": "poly",
        "gamma": 0.001,
        "class_weight": "balanced",
        "C": 0.0001
    },
    "logistic_regression": {
        "tol": 0.1,
        "solver": "saga",
        "random_state": 42,
        "max_iter": 3000,
        "class_weight": null,
        "C": 0.0001
    },
    "lstm": {
        "hidden_size": 33,
        "num_layers": 2,
        "dropout": 0.26763481091772845,
        "learning_rate": 0.001412053578412854,
        "batch_size": 16,
        "weight_decay": 0.00534048334675207
    },
    "transformer": {
        "d_model": 43,
        "num_layers": 1,
        "dropout": 0.28054329407987333,
        "learning_rate": 0.0018620618824085687,
        "batch_size": 16,
        "nhead": 2,
        "weight_decay": 0.0024153536486554235
    }
}