{
    "svm": {
        "tol": 1.0,
        "probability": true,
        "kernel": "poly",
        "gamma": 0.1,
        "class_weight": null,
        "C": 0.01
    },
    "logistic_regression": {
        "tol": 0.01,
        "solver": "newton-cg",
        "random_state": 42,
        "max_iter": 3000,
        "class_weight": "balanced",
        "C": 1.0
    },
    "lstm": {
        "hidden_size": 43,
        "num_layers": 2,
        "dropout": 0.2904818637911704,
        "learning_rate": 0.0009037910618165748,
        "batch_size": 32,
        "weight_decay": 0.0023334920018338637
    },
    "transformer": {
        "d_model": 56,
        "num_layers": 2,
        "dropout": 0.28085318136156484,
        "learning_rate": 0.0007155443004309348,
        "batch_size": 64,
        "nhead": 2,
        "weight_decay": 0.003949226043114188
    }
}