{
    "svm": {
        "tol": 1.0,
        "probability": true,
        "kernel": "linear",
        "gamma": 0.0001,
        "class_weight": null,
        "C": 10.0
    },
    "logistic_regression": {
        "tol": 0.01,
        "solver": "lbfgs",
        "random_state": 42,
        "max_iter": 3000,
        "class_weight": null,
        "C": 100.0
    },
    "lstm": {
        "hidden_size": 41,
        "num_layers": 1,
        "dropout": 0.381780009322838,
        "learning_rate": 0.0018697164180270696,
        "batch_size": 64,
        "weight_decay": 0.007801306559713141
    },
    "transformer": {
        "d_model": 88,
        "num_layers": 1,
        "dropout": 0.3562687392871011,
        "learning_rate": 0.0008294142326191808,
        "batch_size": 16,
        "nhead": 2,
        "weight_decay": 0.0010647316371834774
    }
}