{
    "svm": {
        "tol": 0.01,
        "probability": true,
        "kernel": "rbf",
        "gamma": 0.1,
        "class_weight": "balanced",
        "C": 100.0
    },
    "logistic_regression": {
        "tol": 0.01,
        "solver": "newton-cg",
        "random_state": 42,
        "max_iter": 3000,
        "class_weight": "balanced",
        "C": 1.0
    },
    "lstm": {
        "hidden_size": 32,
        "num_layers": 1,
        "dropout": 0.41988262618474953,
        "learning_rate": 0.000584345351083641,
        "batch_size": 64,
        "weight_decay": 0.0002062604938344407
    },
    "transformer": {
        "d_model": 33,
        "num_layers": 2,
        "dropout": 0.4282469062424778,
        "learning_rate": 0.0006988197336814196,
        "batch_size": 16,
        "nhead": 4,
        "weight_decay": 0.006187864873326387
    }
}