{
    "svm": {
        "tol": 10.0,
        "probability": true,
        "kernel": "poly",
        "gamma": 0.001,
        "class_weight": "balanced",
        "C": 0.0001
    },
    "logistic_regression": {
        "tol": 0.01,
        "solver": "lbfgs",
        "random_state": 42,
        "max_iter": 1000,
        "class_weight": null,
        "C": 0.1
    },
    "lstm": {
        "hidden_size": 89,
        "num_layers": 1,
        "dropout": 0.22741347032812076,
        "learning_rate": 0.0007498116818875354,
        "batch_size": 16,
        "weight_decay": 0.00012428919333020048
    },
    "transformer": {
        "d_model": 89,
        "num_layers": 2,
        "dropout": 0.4780818527606742,
        "learning_rate": 0.0012656853398114358,
        "batch_size": 16,
        "nhead": 2,
        "weight_decay": 0.0006073871934513599
    }
}