{
    "svm": {
        "tol": 0.01,
        "probability": true,
        "kernel": "linear",
        "gamma": 0.0001,
        "class_weight": null,
        "C": 1.0
    },
    "logistic_regression": {
        "tol": 0.01,
        "solver": "sag",
        "random_state": 42,
        "max_iter": 3000,
        "class_weight": null,
        "C": 100.0
    },
    "lstm": {
        "hidden_size": 32,
        "num_layers": 1,
        "dropout": 0.2077017479267666,
        "learning_rate": 0.0008938027856236259,
        "batch_size": 64,
        "weight_decay": 0.00010035822006333197
    },
    "transformer": {
        "d_model": 95,
        "num_layers": 1,
        "dropout": 0.4967506808236011,
        "learning_rate": 0.000610564489271999,
        "batch_size": 32,
        "nhead": 2,
        "weight_decay": 0.0002001531132724107
    }
}