{
    "svm": {
        "tol": 0.01,
        "probability": true,
        "kernel": "rbf",
        "gamma": 0.1,
        "class_weight": "balanced",
        "C": 100.0
    },
    "logistic_regression": {
        "tol": 0.01,
        "solver": "lbfgs",
        "random_state": 42,
        "max_iter": 2000,
        "class_weight": null,
        "C": 10.0
    },
    "lstm": {
        "hidden_size": 77,
        "num_layers": 2,
        "dropout": 0.3446840810486485,
        "learning_rate": 0.0007344605572349781,
        "batch_size": 16,
        "weight_decay": 0.0033533209436776754
    },
    "transformer": {
        "d_model": 48,
        "num_layers": 2,
        "dropout": 0.3204238434063982,
        "learning_rate": 0.0012133589016971,
        "batch_size": 16,
        "nhead": 4,
        "weight_decay": 0.005511288408381661
    }
}