{
    "svm": {
        "tol": 0.01,
        "probability": true,
        "kernel": "linear",
        "gamma": 0.0001,
        "class_weight": null,
        "C": 1.0
    },
    "logistic_regression": {
        "tol": 0.01,
        "solver": "newton-cg",
        "random_state": 42,
        "max_iter": 2000,
        "class_weight": null,
        "C": 1.0
    },
    "lstm": {
        "hidden_size": 79,
        "num_layers": 1,
        "dropout": 0.4738448197594929,
        "learning_rate": 0.0007184216055576259,
        "batch_size": 64,
        "weight_decay": 0.0005095502285373187
    },
    "transformer": {
        "d_model": 68,
        "num_layers": 2,
        "dropout": 0.41688955592515947,
        "learning_rate": 0.00180253964764672,
        "batch_size": 64,
        "nhead": 4,
        "weight_decay": 0.0015518391874912475
    }
}