{
    "svm": {
        "tol": 1.0,
        "probability": true,
        "kernel": "poly",
        "gamma": 0.1,
        "class_weight": null,
        "C": 0.01
    },
    "logistic_regression": {
        "tol": 1.0,
        "solver": "saga",
        "random_state": 42,
        "max_iter": 1000,
        "class_weight": null,
        "C": 100.0
    },
    "lstm": {
        "hidden_size": 32,
        "num_layers": 2,
        "dropout": 0.2507183961823421,
        "learning_rate": 0.0005576027672695767,
        "batch_size": 64,
        "weight_decay": 0.0011497316976869652
    },
    "transformer": {
        "d_model": 84,
        "num_layers": 2,
        "dropout": 0.38115648555745407,
        "learning_rate": 0.0019520527802738598,
        "batch_size": 16,
        "nhead": 4,
        "weight_decay": 0.003248359796029793
    }
}