{
    "svm": {
        "tol": 0.01,
        "probability": true,
        "kernel": "rbf",
        "gamma": 0.1,
        "class_weight": "balanced",
        "C": 100.0
    },
    "logistic_regression": {
        "tol": 1.0,
        "solver": "lbfgs",
        "random_state": 42,
        "max_iter": 3000,
        "class_weight": "balanced",
        "C": 0.01
    },
    "lstm": {
        "hidden_size": 46,
        "num_layers": 1,
        "dropout": 0.37370051372090707,
        "learning_rate": 0.0007222064822284818,
        "batch_size": 32,
        "weight_decay": 0.00036417109232514747
    },
    "transformer": {
        "d_model": 74,
        "num_layers": 1,
        "dropout": 0.2733956660303789,
        "learning_rate": 0.0006593124538951879,
        "batch_size": 32,
        "nhead": 2,
        "weight_decay": 0.001375366464141455
    }
}