{
    "svm": {
        "tol": 0.01,
        "probability": true,
        "kernel": "rbf",
        "gamma": 0.1,
        "class_weight": "balanced",
        "C": 100.0
    },
    "logistic_regression": {
        "tol": 0.01,
        "solver": "lbfgs",
        "random_state": 42,
        "max_iter": 2000,
        "class_weight": "balanced",
        "C": 100.0
    },
    "lstm": {
        "hidden_size": 42,
        "num_layers": 2,
        "dropout": 0.42097740806292444,
        "learning_rate": 0.000996229909828166,
        "batch_size": 16,
        "weight_decay": 0.0015841292517021674
    },
    "transformer": {
        "d_model": 83,
        "num_layers": 2,
        "dropout": 0.4431532332465465,
        "learning_rate": 0.0008302226048999401,
        "batch_size": 32,
        "nhead": 4,
        "weight_decay": 0.0025079019367147235
    }
}