{
    "svm": {
        "tol": 1.0,
        "probability": true,
        "kernel": "linear",
        "gamma": 0.01,
        "class_weight": "balanced",
        "C": 10.0
    },
    "logistic_regression": {
        "tol": 0.01,
        "solver": "lbfgs",
        "random_state": 42,
        "max_iter": 3000,
        "class_weight": null,
        "C": 100.0
    },
    "lstm": {
        "hidden_size": 32,
        "num_layers": 1,
        "dropout": 0.3911355824245924,
        "learning_rate": 0.000665586507299348,
        "batch_size": 32,
        "weight_decay": 0.0013775432375526797
    },
    "transformer": {
        "d_model": 32,
        "num_layers": 2,
        "dropout": 0.4157060764207824,
        "learning_rate": 0.000915225898985748,
        "batch_size": 16,
        "nhead": 2,
        "weight_decay": 0.0011095869590691586
    }
}