{
    "svm": {
        "tol": 0.01,
        "probability": true,
        "kernel": "rbf",
        "gamma": 0.1,
        "class_weight": "balanced",
        "C": 100.0
    },
    "logistic_regression": {
        "tol": 0.01,
        "solver": "lbfgs",
        "random_state": 42,
        "max_iter": 2000,
        "class_weight": "balanced",
        "C": 100.0
    },
    "lstm": {
        "hidden_size": 32,
        "num_layers": 1,
        "dropout": 0.4278457473790434,
        "learning_rate": 0.0005411846453969143,
        "batch_size": 16,
        "weight_decay": 0.00013893984941911033
    },
    "transformer": {
        "d_model": 75,
        "num_layers": 2,
        "dropout": 0.44806523995631575,
        "learning_rate": 0.0005003895231092583,
        "batch_size": 32,
        "nhead": 2,
        "weight_decay": 0.00010918983753982497
    }
}