{
    "svm": {
        "tol": 0.01,
        "probability": true,
        "kernel": "rbf",
        "gamma": 0.1,
        "class_weight": "balanced",
        "C": 100.0
    },
    "logistic_regression": {
        "tol": 0.01,
        "solver": "lbfgs",
        "random_state": 42,
        "max_iter": 1000,
        "class_weight": null,
        "C": 0.1
    },
    "lstm": {
        "hidden_size": 91,
        "num_layers": 2,
        "dropout": 0.3805402228844357,
        "learning_rate": 0.0018816985475385846,
        "batch_size": 16,
        "weight_decay": 0.0016411011125570562
    },
    "transformer": {
        "d_model": 62,
        "num_layers": 2,
        "dropout": 0.4926592488270358,
        "learning_rate": 0.0005413525488569634,
        "batch_size": 16,
        "nhead": 2,
        "weight_decay": 0.00036490033520780436
    }
}