{
    "svm": {
        "tol": 0.01,
        "probability": true,
        "kernel": "rbf",
        "gamma": 0.1,
        "class_weight": "balanced",
        "C": 100.0
    },
    "logistic_regression": {
        "tol": 0.01,
        "solver": "lbfgs",
        "random_state": 42,
        "max_iter": 2000,
        "class_weight": null,
        "C": 10.0
    },
    "lstm": {
        "hidden_size": 57,
        "num_layers": 1,
        "dropout": 0.4187922571399559,
        "learning_rate": 0.0006681273580884737,
        "batch_size": 16,
        "weight_decay": 0.00020835379728814391
    },
    "transformer": {
        "d_model": 78,
        "num_layers": 2,
        "dropout": 0.44136768123117603,
        "learning_rate": 0.0005557711024249319,
        "batch_size": 64,
        "nhead": 4,
        "weight_decay": 0.0038851414233790943
    }
}