{
    "svm": {
        "tol": 1.0,
        "probability": true,
        "kernel": "linear",
        "gamma": 0.0001,
        "class_weight": null,
        "C": 10.0
    },
    "logistic_regression": {
        "tol": 0.01,
        "solver": "lbfgs",
        "random_state": 42,
        "max_iter": 3000,
        "class_weight": null,
        "C": 100.0
    },
    "lstm": {
        "hidden_size": 35,
        "num_layers": 2,
        "dropout": 0.4969331932380534,
        "learning_rate": 0.0017806550244839471,
        "batch_size": 32,
        "weight_decay": 0.0002445101587392384
    },
    "transformer": {
        "d_model": 68,
        "num_layers": 2,
        "dropout": 0.2695603090873079,
        "learning_rate": 0.0008229111438757712,
        "batch_size": 16,
        "nhead": 4,
        "weight_decay": 0.0011080064015015828
    }
}