{
    "svm": {
        "tol": 0.01,
        "probability": true,
        "kernel": "poly",
        "gamma": 0.01,
        "class_weight": null,
        "C": 100.0
    },
    "logistic_regression": {
        "tol": 0.01,
        "solver": "newton-cg",
        "random_state": 42,
        "max_iter": 3000,
        "class_weight": "balanced",
        "C": 10.0
    },
    "lstm": {
        "hidden_size": 57,
        "num_layers": 1,
        "dropout": 0.26246092641254154,
        "learning_rate": 0.0005615659006155226,
        "batch_size": 64,
        "weight_decay": 0.00029251904742310904
    },
    "transformer": {
        "d_model": 45,
        "num_layers": 1,
        "dropout": 0.42598304335037873,
        "learning_rate": 0.0006625676629276461,
        "batch_size": 64,
        "nhead": 2,
        "weight_decay": 0.0002192408399006218
    }
}