{
    "svm": {
        "tol": 10.0,
        "probability": true,
        "kernel": "poly",
        "gamma": 0.001,
        "class_weight": "balanced",
        "C": 0.0001
    },
    "logistic_regression": {
        "tol": 0.1,
        "solver": "lbfgs",
        "random_state": 42,
        "max_iter": 2000,
        "class_weight": null,
        "C": 0.001
    },
    "lstm": {
        "hidden_size": 81,
        "num_layers": 2,
        "dropout": 0.3587865029811805,
        "learning_rate": 0.0019160190872069144,
        "batch_size": 16,
        "weight_decay": 0.002278004753543482
    },
    "transformer": {
        "d_model": 75,
        "num_layers": 2,
        "dropout": 0.36705305768412105,
        "learning_rate": 0.0017625782303652866,
        "batch_size": 32,
        "nhead": 4,
        "weight_decay": 0.0003982331750261208
    }
}