{
    "svm": {
        "tol": 1.0,
        "probability": true,
        "kernel": "linear",
        "gamma": 0.01,
        "class_weight": null,
        "C": 1.0
    },
    "logistic_regression": {
        "tol": 0.01,
        "solver": "lbfgs",
        "random_state": 42,
        "max_iter": 2000,
        "class_weight": "balanced",
        "C": 100.0
    },
    "lstm": {
        "hidden_size": 37,
        "num_layers": 2,
        "dropout": 0.43240110096670087,
        "learning_rate": 0.0007293440557670192,
        "batch_size": 64,
        "weight_decay": 0.0008330419066147778
    },
    "transformer": {
        "d_model": 59,
        "num_layers": 2,
        "dropout": 0.23476220317904845,
        "learning_rate": 0.0011609752451096338,
        "batch_size": 16,
        "nhead": 2,
        "weight_decay": 0.0011431606821374078
    }
}