{
    "svm": {
        "tol": 1.0,
        "probability": true,
        "kernel": "poly",
        "gamma": 0.01,
        "class_weight": null,
        "C": 10.0
    },
    "logistic_regression": {
        "tol": 1.0,
        "solver": "saga",
        "random_state": 42,
        "max_iter": 1000,
        "class_weight": null,
        "C": 100.0
    },
    "lstm": {
        "hidden_size": 36,
        "num_layers": 2,
        "dropout": 0.45537098639071893,
        "learning_rate": 0.0008485242873592788,
        "batch_size": 16,
        "weight_decay": 0.007868002957434308
    },
    "transformer": {
        "d_model": 76,
        "num_layers": 1,
        "dropout": 0.4403071855950017,
        "learning_rate": 0.000568091060948147,
        "batch_size": 32,
        "nhead": 4,
        "weight_decay": 0.004137389408455257
    }
}