{
    "svm": {
        "tol": 1.0,
        "probability": true,
        "kernel": "poly",
        "gamma": 0.01,
        "class_weight": null,
        "C": 10.0
    },
    "logistic_regression": {
        "tol": 0.01,
        "solver": "lbfgs",
        "random_state": 42,
        "max_iter": 3000,
        "class_weight": null,
        "C": 0.0001
    },
    "lstm": {
        "hidden_size": 81,
        "num_layers": 2,
        "dropout": 0.4527776780913472,
        "learning_rate": 0.0017574782056255166,
        "batch_size": 32,
        "weight_decay": 0.0007119869043059919
    },
    "transformer": {
        "d_model": 44,
        "num_layers": 2,
        "dropout": 0.304901283038817,
        "learning_rate": 0.0017554388789661347,
        "batch_size": 16,
        "nhead": 2,
        "weight_decay": 0.000478595216770107
    }
}