{
    "svm": {
        "tol": 1.0,
        "probability": true,
        "kernel": "poly",
        "gamma": 0.1,
        "class_weight": null,
        "C": 0.01
    },
    "logistic_regression": {
        "tol": 0.01,
        "solver": "lbfgs",
        "random_state": 42,
        "max_iter": 2000,
        "class_weight": null,
        "C": 0.01
    },
    "lstm": {
        "hidden_size": 58,
        "num_layers": 2,
        "dropout": 0.40960578811744036,
        "learning_rate": 0.0005750480401158299,
        "batch_size": 64,
        "weight_decay": 0.002107856486237521
    },
    "transformer": {
        "d_model": 50,
        "num_layers": 2,
        "dropout": 0.44761824612993845,
        "learning_rate": 0.0007141877398396287,
        "batch_size": 64,
        "nhead": 2,
        "weight_decay": 0.0025793332022720377
    }
}