{
    "svm": {
        "tol": 0.1,
        "probability": true,
        "kernel": "rbf",
        "gamma": 0.001,
        "class_weight": null,
        "C": 10.0
    },
    "logistic_regression": {
        "tol": 0.01,
        "solver": "lbfgs",
        "random_state": 42,
        "max_iter": 2000,
        "class_weight": "balanced",
        "C": 100.0
    },
    "lstm": {
        "hidden_size": 42,
        "num_layers": 1,
        "dropout": 0.47041863424370756,
        "learning_rate": 0.0015836704341505932,
        "batch_size": 32,
        "weight_decay": 0.005652952538812828
    },
    "transformer": {
        "d_model": 93,
        "num_layers": 1,
        "dropout": 0.4991134956014653,
        "learning_rate": 0.0005001454708972198,
        "batch_size": 64,
        "nhead": 2,
        "weight_decay": 0.0001813854740934969
    }
}