{
    "svm": {
        "tol": 1.0,
        "probability": true,
        "kernel": "linear",
        "gamma": 0.01,
        "class_weight": null,
        "C": 1.0
    },
    "logistic_regression": {
        "tol": 0.01,
        "solver": "newton-cg",
        "random_state": 42,
        "max_iter": 1000,
        "class_weight": null,
        "C": 100.0
    },
    "lstm": {
        "hidden_size": 32,
        "num_layers": 1,
        "dropout": 0.29486984516092796,
        "learning_rate": 0.0011673409957165548,
        "batch_size": 64,
        "weight_decay": 0.0007703730963412699
    },
    "transformer": {
        "d_model": 86,
        "num_layers": 2,
        "dropout": 0.4705481479254017,
        "learning_rate": 0.0012089199178263767,
        "batch_size": 64,
        "nhead": 4,
        "weight_decay": 0.0003326124328242181
    }
}