{
    "svm": {
        "tol": 1.0,
        "probability": true,
        "kernel": "linear",
        "gamma": 0.0001,
        "class_weight": null,
        "C": 10.0
    },
    "logistic_regression": {
        "tol": 0.01,
        "solver": "lbfgs",
        "random_state": 42,
        "max_iter": 2000,
        "class_weight": "balanced",
        "C": 100.0
    },
    "lstm": {
        "hidden_size": 50,
        "num_layers": 1,
        "dropout": 0.43605363617629034,
        "learning_rate": 0.0005030042307011966,
        "batch_size": 32,
        "weight_decay": 0.005957861712612613
    },
    "transformer": {
        "d_model": 76,
        "num_layers": 1,
        "dropout": 0.4935270919491044,
        "learning_rate": 0.00178864398338876,
        "batch_size": 16,
        "nhead": 4,
        "weight_decay": 0.009547947582555682
    }
}