{
    "svm": {
        "tol": 1.0,
        "probability": true,
        "kernel": "poly",
        "gamma": 0.1,
        "class_weight": null,
        "C": 0.01
    },
    "logistic_regression": {
        "tol": 1.0,
        "solver": "sag",
        "random_state": 42,
        "max_iter": 2000,
        "class_weight": "balanced",
        "C": 10.0
    },
    "lstm": {
        "hidden_size": 32,
        "num_layers": 2,
        "dropout": 0.49751165060673824,
        "learning_rate": 0.0006917885485597848,
        "batch_size": 32,
        "weight_decay": 0.008386994360468492
    },
    "transformer": {
        "d_model": 53,
        "num_layers": 1,
        "dropout": 0.47883893898808916,
        "learning_rate": 0.0007215198645122824,
        "batch_size": 64,
        "nhead": 4,
        "weight_decay": 0.00021779289584476303
    }
}