{
    "svm": {
        "tol": 1.0,
        "probability": true,
        "kernel": "poly",
        "gamma": 0.01,
        "class_weight": "balanced",
        "C": 1.0
    },
    "logistic_regression": {
        "tol": 0.01,
        "solver": "lbfgs",
        "random_state": 42,
        "max_iter": 3000,
        "class_weight": null,
        "C": 100.0
    },
    "lstm": {
        "hidden_size": 65,
        "num_layers": 2,
        "dropout": 0.37879824713413923,
        "learning_rate": 0.0006164772204947753,
        "batch_size": 64,
        "weight_decay": 0.0002363816200451279
    },
    "transformer": {
        "d_model": 81,
        "num_layers": 2,
        "dropout": 0.2525508830540097,
        "learning_rate": 0.0005839436580513642,
        "batch_size": 16,
        "nhead": 2,
        "weight_decay": 0.0017096936169336025
    }
}