{
    "svm": {
        "tol": 1.0,
        "probability": true,
        "kernel": "linear",
        "gamma": 0.01,
        "class_weight": "balanced",
        "C": 10.0
    },
    "logistic_regression": {
        "tol": 0.01,
        "solver": "newton-cg",
        "random_state": 42,
        "max_iter": 2000,
        "class_weight": "balanced",
        "C": 100.0
    },
    "lstm": {
        "hidden_size": 87,
        "num_layers": 1,
        "dropout": 0.4471823943878064,
        "learning_rate": 0.0006844169503336528,
        "batch_size": 32,
        "weight_decay": 0.0005622459718241246
    },
    "transformer": {
        "d_model": 60,
        "num_layers": 1,
        "dropout": 0.44874835263339763,
        "learning_rate": 0.000997705716137587,
        "batch_size": 32,
        "nhead": 4,
        "weight_decay": 0.00010125303906870659
    }
}