{
    "svm": {
        "tol": 0.01,
        "probability": true,
        "kernel": "rbf",
        "gamma": 0.1,
        "class_weight": "balanced",
        "C": 100.0
    },
    "logistic_regression": {
        "tol": 0.1,
        "solver": "saga",
        "random_state": 42,
        "max_iter": 1000,
        "class_weight": "balanced",
        "C": 0.001
    },
    "lstm": {
        "hidden_size": 62,
        "num_layers": 1,
        "dropout": 0.3760791188588219,
        "learning_rate": 0.0007341570923273806,
        "batch_size": 64,
        "weight_decay": 0.00032870280514149574
    },
    "transformer": {
        "d_model": 35,
        "num_layers": 1,
        "dropout": 0.24293204237908902,
        "learning_rate": 0.0006283457098559637,
        "batch_size": 16,
        "nhead": 2,
        "weight_decay": 0.008810860554173298
    }
}