{
    "svm": {
        "tol": 1.0,
        "probability": true,
        "kernel": "poly",
        "gamma": 0.1,
        "class_weight": null,
        "C": 0.01
    },
    "logistic_regression": {
        "tol": 0.01,
        "solver": "lbfgs",
        "random_state": 42,
        "max_iter": 2000,
        "class_weight": "balanced",
        "C": 100.0
    },
    "lstm": {
        "hidden_size": 58,
        "num_layers": 2,
        "dropout": 0.2990505916022194,
        "learning_rate": 0.0012495503050634863,
        "batch_size": 32,
        "weight_decay": 0.0003937805538929927
    },
    "transformer": {
        "d_model": 93,
        "num_layers": 1,
        "dropout": 0.21055930398758993,
        "learning_rate": 0.0006738464746427646,
        "batch_size": 32,
        "nhead": 4,
        "weight_decay": 0.003790274326657366
    }
}