{
    "svm": {
        "tol": 0.01,
        "probability": true,
        "kernel": "rbf",
        "gamma": 0.1,
        "class_weight": "balanced",
        "C": 100.0
    },
    "logistic_regression": {
        "tol": 0.1,
        "solver": "sag",
        "random_state": 42,
        "max_iter": 2000,
        "class_weight": null,
        "C": 0.1
    },
    "lstm": {
        "hidden_size": 38,
        "num_layers": 2,
        "dropout": 0.49958542789865756,
        "learning_rate": 0.0007138677646538307,
        "batch_size": 64,
        "weight_decay": 0.00012354424882539468
    },
    "transformer": {
        "d_model": 63,
        "num_layers": 2,
        "dropout": 0.3827460921539295,
        "learning_rate": 0.001143626325903673,
        "batch_size": 16,
        "nhead": 2,
        "weight_decay": 0.007233861936084189
    }
}