{
    "svm": {
        "tol": 1.0,
        "probability": true,
        "kernel": "poly",
        "gamma": 0.1,
        "class_weight": null,
        "C": 0.01
    },
    "logistic_regression": {
        "tol": 0.01,
        "solver": "lbfgs",
        "random_state": 42,
        "max_iter": 3000,
        "class_weight": null,
        "C": 0.0001
    },
    "lstm": {
        "hidden_size": 84,
        "num_layers": 1,
        "dropout": 0.35220760442105864,
        "learning_rate": 0.0005870843203826244,
        "batch_size": 32,
        "weight_decay": 0.0009441398126544723
    },
    "transformer": {
        "d_model": 79,
        "num_layers": 2,
        "dropout": 0.41954496936516533,
        "learning_rate": 0.0010691764181551243,
        "batch_size": 32,
        "nhead": 2,
        "weight_decay": 0.0008742336509093995
    }
}