{
    "svm": {
        "tol": 1.0,
        "probability": true,
        "kernel": "linear",
        "gamma": 0.01,
        "class_weight": null,
        "C": 1.0
    },
    "logistic_regression": {
        "tol": 0.01,
        "solver": "lbfgs",
        "random_state": 42,
        "max_iter": 3000,
        "class_weight": null,
        "C": 100.0
    },
    "lstm": {
        "hidden_size": 71,
        "num_layers": 1,
        "dropout": 0.419160951719622,
        "learning_rate": 0.0010085422182305765,
        "batch_size": 32,
        "weight_decay": 0.0030151541691692597
    },
    "transformer": {
        "d_model": 64,
        "num_layers": 1,
        "dropout": 0.46546939190948944,
        "learning_rate": 0.000947193758214574,
        "batch_size": 64,
        "nhead": 4,
        "weight_decay": 0.003358615836595541
    }
}