{
    "svm": {
        "tol": 1.0,
        "probability": true,
        "kernel": "linear",
        "gamma": 0.01,
        "class_weight": null,
        "C": 1.0
    },
    "logistic_regression": {
        "tol": 0.01,
        "solver": "newton-cg",
        "random_state": 42,
        "max_iter": 3000,
        "class_weight": "balanced",
        "C": 10.0
    },
    "lstm": {
        "hidden_size": 73,
        "num_layers": 1,
        "dropout": 0.3564845182237521,
        "learning_rate": 0.0005539727563116111,
        "batch_size": 64,
        "weight_decay": 0.007879642644511022
    },
    "transformer": {
        "d_model": 49,
        "num_layers": 1,
        "dropout": 0.4431495705376044,
        "learning_rate": 0.0006515994886583047,
        "batch_size": 32,
        "nhead": 2,
        "weight_decay": 0.005104663502466265
    }
}