{
    "svm": {
        "tol": 0.01,
        "probability": true,
        "kernel": "rbf",
        "gamma": 0.1,
        "class_weight": "balanced",
        "C": 100.0
    },
    "logistic_regression": {
        "tol": 0.01,
        "solver": "newton-cg",
        "random_state": 42,
        "max_iter": 2000,
        "class_weight": "balanced",
        "C": 100.0
    },
    "lstm": {
        "hidden_size": 45,
        "num_layers": 2,
        "dropout": 0.37505702718986117,
        "learning_rate": 0.0005673082239110833,
        "batch_size": 16,
        "weight_decay": 0.004870498854914819
    },
    "transformer": {
        "d_model": 72,
        "num_layers": 2,
        "dropout": 0.3164168326458771,
        "learning_rate": 0.0015672956237175698,
        "batch_size": 16,
        "nhead": 4,
        "weight_decay": 0.007425871282338223
    }
}