{
    "svm": {
        "tol": 10.0,
        "probability": true,
        "kernel": "poly",
        "gamma": 0.001,
        "class_weight": "balanced",
        "C": 0.0001
    },
    "logistic_regression": {
        "tol": 0.01,
        "solver": "newton-cg",
        "random_state": 42,
        "max_iter": 3000,
        "class_weight": null,
        "C": 0.01
    },
    "lstm": {
        "hidden_size": 44,
        "num_layers": 2,
        "dropout": 0.27643490215895183,
        "learning_rate": 0.000539353593247491,
        "batch_size": 64,
        "weight_decay": 0.00046234788637642
    },
    "transformer": {
        "d_model": 38,
        "num_layers": 2,
        "dropout": 0.36988871186281075,
        "learning_rate": 0.0005730339138889604,
        "batch_size": 64,
        "nhead": 4,
        "weight_decay": 0.00017628048924760254
    }
}