{
    "svm": {
        "tol": 1.0,
        "probability": true,
        "kernel": "linear",
        "gamma": 0.0001,
        "class_weight": null,
        "C": 10.0
    },
    "logistic_regression": {
        "tol": 0.01,
        "solver": "sag",
        "random_state": 42,
        "max_iter": 3000,
        "class_weight": null,
        "C": 100.0
    },
    "lstm": {
        "hidden_size": 32,
        "num_layers": 1,
        "dropout": 0.42293201872026265,
        "learning_rate": 0.0005135758140175719,
        "batch_size": 32,
        "weight_decay": 0.001104768560788166
    },
    "transformer": {
        "d_model": 38,
        "num_layers": 2,
        "dropout": 0.4885417316971846,
        "learning_rate": 0.0016264251410973588,
        "batch_size": 16,
        "nhead": 4,
        "weight_decay": 0.00019669797247858224
    }
}