{
    "svm": {
        "tol": 0.01,
        "probability": true,
        "kernel": "rbf",
        "gamma": 0.1,
        "class_weight": "balanced",
        "C": 100.0
    },
    "logistic_regression": {
        "tol": 0.01,
        "solver": "newton-cg",
        "random_state": 42,
        "max_iter": 3000,
        "class_weight": "balanced",
        "C": 1.0
    },
    "lstm": {
        "hidden_size": 39,
        "num_layers": 1,
        "dropout": 0.40481687253467313,
        "learning_rate": 0.0006478774626272149,
        "batch_size": 32,
        "weight_decay": 0.0013386358891923982
    },
    "transformer": {
        "d_model": 84,
        "num_layers": 1,
        "dropout": 0.22312722892096887,
        "learning_rate": 0.0008352944161019865,
        "batch_size": 64,
        "nhead": 2,
        "weight_decay": 0.00010175042992642838
    }
}