{
    "svm": {
        "tol": 1.0,
        "probability": true,
        "kernel": "poly",
        "gamma": 0.1,
        "class_weight": null,
        "C": 0.01
    },
    "logistic_regression": {
        "tol": 0.01,
        "solver": "lbfgs",
        "random_state": 42,
        "max_iter": 3000,
        "class_weight": null,
        "C": 100.0
    },
    "lstm": {
        "hidden_size": 49,
        "num_layers": 2,
        "dropout": 0.44392074875383336,
        "learning_rate": 0.0007312450858355448,
        "batch_size": 64,
        "weight_decay": 0.0002540172243884293
    },
    "transformer": {
        "d_model": 80,
        "num_layers": 2,
        "dropout": 0.4925070468020193,
        "learning_rate": 0.0011271232232562822,
        "batch_size": 16,
        "nhead": 4,
        "weight_decay": 0.0039058889744149144
    }
}