{
    "svm": {
        "tol": 1.0,
        "probability": true,
        "kernel": "linear",
        "gamma": 0.01,
        "class_weight": "balanced",
        "C": 10.0
    },
    "logistic_regression": {
        "tol": 0.01,
        "solver": "sag",
        "random_state": 42,
        "max_iter": 3000,
        "class_weight": null,
        "C": 1.0
    },
    "lstm": {
        "hidden_size": 56,
        "num_layers": 1,
        "dropout": 0.4629656156627755,
        "learning_rate": 0.000528117981679261,
        "batch_size": 64,
        "weight_decay": 0.004863139335603637
    },
    "transformer": {
        "d_model": 55,
        "num_layers": 2,
        "dropout": 0.46154129464818716,
        "learning_rate": 0.0007088551769305768,
        "batch_size": 64,
        "nhead": 4,
        "weight_decay": 0.0006259692343421292
    }
}