{
    "svm": {
        "tol": 0.01,
        "probability": true,
        "kernel": "rbf",
        "gamma": 0.1,
        "class_weight": "balanced",
        "C": 100.0
    },
    "logistic_regression": {
        "tol": 0.01,
        "solver": "lbfgs",
        "random_state": 42,
        "max_iter": 2000,
        "class_weight": null,
        "C": 10.0
    },
    "lstm": {
        "hidden_size": 58,
        "num_layers": 1,
        "dropout": 0.2106609793373821,
        "learning_rate": 0.0008796157608291812,
        "batch_size": 16,
        "weight_decay": 0.007459498749525538
    },
    "transformer": {
        "d_model": 67,
        "num_layers": 2,
        "dropout": 0.41961681040748405,
        "learning_rate": 0.001239959301732492,
        "batch_size": 16,
        "nhead": 2,
        "weight_decay": 0.00647594590753808
    }
}