{
    "svm": {
        "tol": 0.01,
        "probability": true,
        "kernel": "rbf",
        "gamma": 0.1,
        "class_weight": "balanced",
        "C": 100.0
    },
    "logistic_regression": {
        "tol": 1.0,
        "solver": "saga",
        "random_state": 42,
        "max_iter": 2000,
        "class_weight": null,
        "C": 0.001
    },
    "lstm": {
        "hidden_size": 33,
        "num_layers": 1,
        "dropout": 0.4260181077874162,
        "learning_rate": 0.0005018337488252871,
        "batch_size": 16,
        "weight_decay": 0.00012004442917677161
    },
    "transformer": {
        "d_model": 44,
        "num_layers": 1,
        "dropout": 0.44876439021221015,
        "learning_rate": 0.0016255147819451135,
        "batch_size": 32,
        "nhead": 2,
        "weight_decay": 0.002448256111247679
    }
}