{
    "svm": {
        "tol": 0.1,
        "probability": true,
        "kernel": "rbf",
        "gamma": 0.001,
        "class_weight": null,
        "C": 10.0
    },
    "logistic_regression": {
        "tol": 0.01,
        "solver": "newton-cg",
        "random_state": 42,
        "max_iter": 2000,
        "class_weight": "balanced",
        "C": 100.0
    },
    "lstm": {
        "hidden_size": 51,
        "num_layers": 2,
        "dropout": 0.3956523042736129,
        "learning_rate": 0.000627304303244988,
        "batch_size": 32,
        "weight_decay": 0.009676258008136913
    },
    "transformer": {
        "d_model": 52,
        "num_layers": 2,
        "dropout": 0.3098757850509321,
        "learning_rate": 0.000633108293981405,
        "batch_size": 64,
        "nhead": 2,
        "weight_decay": 0.0001905182443280754
    }
}