{
    "svm": {
        "tol": 0.01,
        "probability": true,
        "kernel": "rbf",
        "gamma": 0.1,
        "class_weight": "balanced",
        "C": 100.0
    },
    "logistic_regression": {
        "tol": 0.1,
        "solver": "saga",
        "random_state": 42,
        "max_iter": 3000,
        "class_weight": null,
        "C": 0.0001
    },
    "lstm": {
        "hidden_size": 95,
        "num_layers": 1,
        "dropout": 0.49135907840562343,
        "learning_rate": 0.0007383078065150149,
        "batch_size": 32,
        "weight_decay": 0.0005763169667537115
    },
    "transformer": {
        "d_model": 72,
        "num_layers": 2,
        "dropout": 0.438252598163615,
        "learning_rate": 0.000680902106253225,
        "batch_size": 32,
        "nhead": 4,
        "weight_decay": 0.00039278010543549184
    }
}