{
    "svm": {
        "tol": 0.01,
        "probability": true,
        "kernel": "rbf",
        "gamma": 0.1,
        "class_weight": "balanced",
        "C": 100.0
    },
    "logistic_regression": {
        "tol": 0.01,
        "solver": "sag",
        "random_state": 42,
        "max_iter": 1000,
        "class_weight": null,
        "C": 0.0001
    },
    "lstm": {
        "hidden_size": 32,
        "num_layers": 1,
        "dropout": 0.4883590796905012,
        "learning_rate": 0.0006408748999191241,
        "batch_size": 64,
        "weight_decay": 0.00024952491418593365
    },
    "transformer": {
        "d_model": 67,
        "num_layers": 1,
        "dropout": 0.28735340540566445,
        "learning_rate": 0.0007004604505308674,
        "batch_size": 64,
        "nhead": 2,
        "weight_decay": 0.0004040937136805763
    }
}