{
    "svm": {
        "tol": 0.01,
        "probability": true,
        "kernel": "rbf",
        "gamma": 0.1,
        "class_weight": "balanced",
        "C": 100.0
    },
    "logistic_regression": {
        "tol": 0.01,
        "solver": "sag",
        "random_state": 42,
        "max_iter": 3000,
        "class_weight": null,
        "C": 100.0
    },
    "lstm": {
        "hidden_size": 39,
        "num_layers": 2,
        "dropout": 0.3080370571121065,
        "learning_rate": 0.0017008916327327522,
        "batch_size": 32,
        "weight_decay": 0.0017199708817925816
    },
    "transformer": {
        "d_model": 54,
        "num_layers": 1,
        "dropout": 0.2449602358324517,
        "learning_rate": 0.0010789916173354229,
        "batch_size": 32,
        "nhead": 2,
        "weight_decay": 0.0009099738118493935
    }
}