{
    "svm": {
        "tol": 0.01,
        "probability": true,
        "kernel": "rbf",
        "gamma": 0.1,
        "class_weight": "balanced",
        "C": 100.0
    },
    "logistic_regression": {
        "tol": 0.01,
        "solver": "newton-cg",
        "random_state": 42,
        "max_iter": 2000,
        "class_weight": "balanced",
        "C": 100.0
    },
    "lstm": {
        "hidden_size": 76,
        "num_layers": 2,
        "dropout": 0.4083751504796256,
        "learning_rate": 0.0007045401414978759,
        "batch_size": 16,
        "weight_decay": 0.001806021068161624
    },
    "transformer": {
        "d_model": 35,
        "num_layers": 2,
        "dropout": 0.42526406844576914,
        "learning_rate": 0.0009526563039096618,
        "batch_size": 32,
        "nhead": 4,
        "weight_decay": 0.0008161726537905416
    }
}