{
    "svm": {
        "tol": 0.01,
        "probability": true,
        "kernel": "rbf",
        "gamma": 0.1,
        "class_weight": "balanced",
        "C": 100.0
    },
    "logistic_regression": {
        "tol": 0.01,
        "solver": "lbfgs",
        "random_state": 42,
        "max_iter": 3000,
        "class_weight": null,
        "C": 100.0
    },
    "lstm": {
        "hidden_size": 90,
        "num_layers": 2,
        "dropout": 0.42251181904361856,
        "learning_rate": 0.000684930879175927,
        "batch_size": 16,
        "weight_decay": 0.004752384795724131
    },
    "transformer": {
        "d_model": 41,
        "num_layers": 2,
        "dropout": 0.20193976673054295,
        "learning_rate": 0.0009666837030420932,
        "batch_size": 16,
        "nhead": 2,
        "weight_decay": 0.002635422139122341
    }
}