{
    "svm": {
        "tol": 0.1,
        "probability": true,
        "kernel": "rbf",
        "gamma": 0.001,
        "class_weight": null,
        "C": 0.1
    },
    "logistic_regression": {
        "tol": 1.0,
        "solver": "sag",
        "random_state": 42,
        "max_iter": 3000,
        "class_weight": null,
        "C": 0.0001
    },
    "lstm": {
        "hidden_size": 38,
        "num_layers": 1,
        "dropout": 0.2710723604201755,
        "learning_rate": 0.0005596903480474419,
        "batch_size": 64,
        "weight_decay": 0.0005219929041606101
    },
    "transformer": {
        "d_model": 83,
        "num_layers": 2,
        "dropout": 0.3243089376803841,
        "learning_rate": 0.0019844787498408934,
        "batch_size": 16,
        "nhead": 4,
        "weight_decay": 0.0028457211342248854
    }
}