{
    "svm": {
        "tol": 1.0,
        "probability": true,
        "kernel": "linear",
        "gamma": 1.0,
        "class_weight": "balanced",
        "C": 0.1
    },
    "logistic_regression": {
        "tol": 0.01,
        "solver": "newton-cg",
        "random_state": 42,
        "max_iter": 3000,
        "class_weight": "balanced",
        "C": 1.0
    },
    "lstm": {
        "hidden_size": 71,
        "num_layers": 2,
        "dropout": 0.3131832202781083,
        "learning_rate": 0.0008813679618006122,
        "batch_size": 64,
        "weight_decay": 0.00039073502059399316
    },
    "transformer": {
        "d_model": 95,
        "num_layers": 1,
        "dropout": 0.21567994517850153,
        "learning_rate": 0.001993544206761087,
        "batch_size": 16,
        "nhead": 4,
        "weight_decay": 0.0006973469650184889
    }
}