{
    "svm": {
        "tol": 0.01,
        "probability": true,
        "kernel": "rbf",
        "gamma": 0.1,
        "class_weight": "balanced",
        "C": 100.0
    },
    "logistic_regression": {
        "tol": 1.0,
        "solver": "sag",
        "random_state": 42,
        "max_iter": 2000,
        "class_weight": "balanced",
        "C": 10.0
    },
    "lstm": {
        "hidden_size": 45,
        "num_layers": 1,
        "dropout": 0.3862010957813382,
        "learning_rate": 0.001198657521319255,
        "batch_size": 16,
        "weight_decay": 0.0008061383876030345
    },
    "transformer": {
        "d_model": 83,
        "num_layers": 1,
        "dropout": 0.31169255938253254,
        "learning_rate": 0.0007224363502804308,
        "batch_size": 16,
        "nhead": 2,
        "weight_decay": 0.0005510661310727576
    }
}