{
    "svm": {
        "tol": 0.01,
        "probability": true,
        "kernel": "rbf",
        "gamma": 0.1,
        "class_weight": "balanced",
        "C": 100.0
    },
    "logistic_regression": {
        "tol": 1.0,
        "solver": "sag",
        "random_state": 42,
        "max_iter": 2000,
        "class_weight": "balanced",
        "C": 10.0
    },
    "lstm": {
        "hidden_size": 48,
        "num_layers": 1,
        "dropout": 0.23488992431456238,
        "learning_rate": 0.0005059100949827689,
        "batch_size": 32,
        "weight_decay": 0.00010807171586274348
    },
    "transformer": {
        "d_model": 65,
        "num_layers": 2,
        "dropout": 0.3265257688252992,
        "learning_rate": 0.0015518838641731523,
        "batch_size": 16,
        "nhead": 2,
        "weight_decay": 0.00010031724036334351
    }
}