{
    "svm": {
        "tol": 0.01,
        "probability": true,
        "kernel": "poly",
        "gamma": 0.01,
        "class_weight": null,
        "C": 100.0
    },
    "logistic_regression": {
        "tol": 0.01,
        "solver": "newton-cg",
        "random_state": 42,
        "max_iter": 3000,
        "class_weight": null,
        "C": 10.0
    },
    "lstm": {
        "hidden_size": 44,
        "num_layers": 2,
        "dropout": 0.4807685214218038,
        "learning_rate": 0.0012956756132866693,
        "batch_size": 64,
        "weight_decay": 0.00024036544926914883
    },
    "transformer": {
        "d_model": 39,
        "num_layers": 2,
        "dropout": 0.42114303865558766,
        "learning_rate": 0.0014812565830950469,
        "batch_size": 16,
        "nhead": 4,
        "weight_decay": 0.00676144535894539
    }
}