{
    "svm": {
        "tol": 0.01,
        "probability": true,
        "kernel": "rbf",
        "gamma": 0.1,
        "class_weight": "balanced",
        "C": 100.0
    },
    "logistic_regression": {
        "tol": 0.01,
        "solver": "lbfgs",
        "random_state": 42,
        "max_iter": 2000,
        "class_weight": null,
        "C": 10.0
    },
    "lstm": {
        "hidden_size": 66,
        "num_layers": 2,
        "dropout": 0.2549935758081204,
        "learning_rate": 0.0007343941307132557,
        "batch_size": 16,
        "weight_decay": 0.005495798185416966
    },
    "transformer": {
        "d_model": 67,
        "num_layers": 1,
        "dropout": 0.46854809357725313,
        "learning_rate": 0.0006950865424221487,
        "batch_size": 16,
        "nhead": 4,
        "weight_decay": 0.0005721928887070765
    }
}