{
    "svm": {
        "tol": 0.01,
        "probability": true,
        "kernel": "rbf",
        "gamma": 0.1,
        "class_weight": "balanced",
        "C": 100.0
    },
    "logistic_regression": {
        "tol": 0.01,
        "solver": "newton-cg",
        "random_state": 42,
        "max_iter": 2000,
        "class_weight": "balanced",
        "C": 100.0
    },
    "lstm": {
        "hidden_size": 61,
        "num_layers": 2,
        "dropout": 0.47525803239204845,
        "learning_rate": 0.001309174188647503,
        "batch_size": 32,
        "weight_decay": 0.00039778449087529867
    },
    "transformer": {
        "d_model": 63,
        "num_layers": 2,
        "dropout": 0.3344390440157414,
        "learning_rate": 0.0005005817975375715,
        "batch_size": 16,
        "nhead": 4,
        "weight_decay": 0.00029967307212951566
    }
}