{
    "svm": {
        "tol": 0.01,
        "probability": true,
        "kernel": "rbf",
        "gamma": 0.1,
        "class_weight": "balanced",
        "C": 100.0
    },
    "logistic_regression": {
        "tol": 0.01,
        "solver": "newton-cg",
        "random_state": 42,
        "max_iter": 3000,
        "class_weight": "balanced",
        "C": 1.0
    },
    "lstm": {
        "hidden_size": 48,
        "num_layers": 2,
        "dropout": 0.3129764131462748,
        "learning_rate": 0.0010579723300837244,
        "batch_size": 32,
        "weight_decay": 0.0002993405887487089
    },
    "transformer": {
        "d_model": 53,
        "num_layers": 1,
        "dropout": 0.44347713100256414,
        "learning_rate": 0.0017291907583740825,
        "batch_size": 16,
        "nhead": 4,
        "weight_decay": 0.00016784913843964294
    }
}