{
    "svm": {
        "tol": 1.0,
        "probability": true,
        "kernel": "linear",
        "gamma": 0.0001,
        "class_weight": null,
        "C": 10.0
    },
    "logistic_regression": {
        "tol": 1.0,
        "solver": "saga",
        "random_state": 42,
        "max_iter": 1000,
        "class_weight": null,
        "C": 100.0
    },
    "lstm": {
        "hidden_size": 34,
        "num_layers": 2,
        "dropout": 0.41623132984967015,
        "learning_rate": 0.0005090817176606852,
        "batch_size": 32,
        "weight_decay": 0.0025996270133558084
    },
    "transformer": {
        "d_model": 37,
        "num_layers": 1,
        "dropout": 0.2745719749551487,
        "learning_rate": 0.0008300154231068397,
        "batch_size": 32,
        "nhead": 2,
        "weight_decay": 0.0066332953734688236
    }
}