{
    "svm": {
        "tol": 0.01,
        "probability": true,
        "kernel": "rbf",
        "gamma": 0.1,
        "class_weight": "balanced",
        "C": 100.0
    },
    "logistic_regression": {
        "tol": 0.01,
        "solver": "newton-cg",
        "random_state": 42,
        "max_iter": 2000,
        "class_weight": "balanced",
        "C": 100.0
    },
    "lstm": {
        "hidden_size": 36,
        "num_layers": 1,
        "dropout": 0.4972669708108621,
        "learning_rate": 0.0005242887280770779,
        "batch_size": 32,
        "weight_decay": 0.0013295626594880964
    },
    "transformer": {
        "d_model": 40,
        "num_layers": 1,
        "dropout": 0.4701191596463802,
        "learning_rate": 0.0005761231716789746,
        "batch_size": 64,
        "nhead": 2,
        "weight_decay": 0.001289457748220421
    }
}