{
    "svm": {
        "tol": 1.0,
        "probability": true,
        "kernel": "linear",
        "gamma": 0.01,
        "class_weight": null,
        "C": 1.0
    },
    "logistic_regression": {
        "tol": 0.01,
        "solver": "lbfgs",
        "random_state": 42,
        "max_iter": 2000,
        "class_weight": "balanced",
        "C": 100.0
    },
    "lstm": {
        "hidden_size": 54,
        "num_layers": 2,
        "dropout": 0.4988045525977091,
        "learning_rate": 0.0006696992052455809,
        "batch_size": 32,
        "weight_decay": 0.00013499304045329867
    },
    "transformer": {
        "d_model": 35,
        "num_layers": 1,
        "dropout": 0.31417564814597393,
        "learning_rate": 0.0005113444373927966,
        "batch_size": 64,
        "nhead": 4,
        "weight_decay": 0.0017883125206958708
    }
}