{
    "svm": {
        "tol": 0.01,
        "probability": true,
        "kernel": "rbf",
        "gamma": 0.1,
        "class_weight": "balanced",
        "C": 100.0
    },
    "logistic_regression": {
        "tol": 0.01,
        "solver": "lbfgs",
        "random_state": 42,
        "max_iter": 3000,
        "class_weight": null,
        "C": 100.0
    },
    "lstm": {
        "hidden_size": 35,
        "num_layers": 2,
        "dropout": 0.47055895839135176,
        "learning_rate": 0.0019446249812189384,
        "batch_size": 16,
        "weight_decay": 0.00018665776421814153
    },
    "transformer": {
        "d_model": 46,
        "num_layers": 1,
        "dropout": 0.4752108389127372,
        "learning_rate": 0.0007102562809249739,
        "batch_size": 64,
        "nhead": 4,
        "weight_decay": 0.00016836748190559385
    }
}