{
    "svm": {
        "tol": 1.0,
        "probability": true,
        "kernel": "poly",
        "gamma": 0.1,
        "class_weight": null,
        "C": 0.01
    },
    "logistic_regression": {
        "tol": 0.01,
        "solver": "newton-cg",
        "random_state": 42,
        "max_iter": 3000,
        "class_weight": "balanced",
        "C": 10.0
    },
    "lstm": {
        "hidden_size": 37,
        "num_layers": 2,
        "dropout": 0.4719815419293906,
        "learning_rate": 0.0011435235100611895,
        "batch_size": 32,
        "weight_decay": 0.003409168659948294
    },
    "transformer": {
        "d_model": 41,
        "num_layers": 1,
        "dropout": 0.45491033630756395,
        "learning_rate": 0.0006981619967925172,
        "batch_size": 16,
        "nhead": 4,
        "weight_decay": 0.0006950934492534931
    }
}