{
    "svm": {
        "tol": 1.0,
        "probability": true,
        "kernel": "linear",
        "gamma": 1.0,
        "class_weight": "balanced",
        "C": 0.1
    },
    "logistic_regression": {
        "tol": 0.01,
        "solver": "lbfgs",
        "random_state": 42,
        "max_iter": 1000,
        "class_weight": null,
        "C": 0.1
    },
    "lstm": {
        "hidden_size": 45,
        "num_layers": 1,
        "dropout": 0.3248523099888203,
        "learning_rate": 0.0005914753957494051,
        "batch_size": 64,
        "weight_decay": 0.000626565415608061
    },
    "transformer": {
        "d_model": 53,
        "num_layers": 1,
        "dropout": 0.3684912633717735,
        "learning_rate": 0.0005061764952614248,
        "batch_size": 16,
        "nhead": 4,
        "weight_decay": 0.0027276713235387198
    }
}