{
    "svm": {
        "tol": 1.0,
        "probability": true,
        "kernel": "poly",
        "gamma": 0.01,
        "class_weight": "balanced",
        "C": 1.0
    },
    "logistic_regression": {
        "tol": 0.01,
        "solver": "newton-cg",
        "random_state": 42,
        "max_iter": 2000,
        "class_weight": "balanced",
        "C": 100.0
    },
    "lstm": {
        "hidden_size": 32,
        "num_layers": 1,
        "dropout": 0.4038393429328717,
        "learning_rate": 0.0006108218998829546,
        "batch_size": 64,
        "weight_decay": 0.0026479059535223053
    },
    "transformer": {
        "d_model": 54,
        "num_layers": 1,
        "dropout": 0.2532850216923379,
        "learning_rate": 0.0010760471901593615,
        "batch_size": 64,
        "nhead": 4,
        "weight_decay": 0.0013622540048371505
    }
}