{
    "svm": {
        "tol": 0.01,
        "probability": true,
        "kernel": "rbf",
        "gamma": 0.1,
        "class_weight": "balanced",
        "C": 100.0
    },
    "logistic_regression": {
        "tol": 0.01,
        "solver": "sag",
        "random_state": 42,
        "max_iter": 3000,
        "class_weight": "balanced",
        "C": 1.0
    },
    "lstm": {
        "hidden_size": 49,
        "num_layers": 1,
        "dropout": 0.24524933399443932,
        "learning_rate": 0.0016124689258325284,
        "batch_size": 16,
        "weight_decay": 0.0016818575288673975
    },
    "transformer": {
        "d_model": 83,
        "num_layers": 2,
        "dropout": 0.46978643620575306,
        "learning_rate": 0.0017652162212370497,
        "batch_size": 16,
        "nhead": 2,
        "weight_decay": 0.0018544913129338089
    }
}