{
    "svm": {
        "tol": 10.0,
        "probability": true,
        "kernel": "poly",
        "gamma": 0.001,
        "class_weight": "balanced",
        "C": 0.0001
    },
    "logistic_regression": {
        "tol": 0.1,
        "solver": "lbfgs",
        "random_state": 42,
        "max_iter": 2000,
        "class_weight": null,
        "C": 0.001
    },
    "lstm": {
        "hidden_size": 66,
        "num_layers": 2,
        "dropout": 0.47608615768329426,
        "learning_rate": 0.0011189852805236478,
        "batch_size": 64,
        "weight_decay": 0.0029811987395821343
    },
    "transformer": {
        "d_model": 91,
        "num_layers": 1,
        "dropout": 0.20180094578704807,
        "learning_rate": 0.001830386849746401,
        "batch_size": 64,
        "nhead": 4,
        "weight_decay": 0.00016069548908870381
    }
}