{
    "svm": {
        "tol": 1.0,
        "probability": true,
        "kernel": "linear",
        "gamma": 0.01,
        "class_weight": "balanced",
        "C": 10.0
    },
    "logistic_regression": {
        "tol": 0.01,
        "solver": "newton-cg",
        "random_state": 42,
        "max_iter": 2000,
        "class_weight": "balanced",
        "C": 100.0
    },
    "lstm": {
        "hidden_size": 72,
        "num_layers": 2,
        "dropout": 0.4536506812264159,
        "learning_rate": 0.001712547279888474,
        "batch_size": 16,
        "weight_decay": 0.0012217399569160149
    },
    "transformer": {
        "d_model": 47,
        "num_layers": 1,
        "dropout": 0.3248602602924374,
        "learning_rate": 0.0010595560476663753,
        "batch_size": 16,
        "nhead": 4,
        "weight_decay": 0.0003749538871075606
    }
}