{
    "svm": {
        "tol": 1.0,
        "probability": true,
        "kernel": "poly",
        "gamma": 0.1,
        "class_weight": null,
        "C": 0.01
    },
    "logistic_regression": {
        "tol": 1.0,
        "solver": "sag",
        "random_state": 42,
        "max_iter": 2000,
        "class_weight": "balanced",
        "C": 10.0
    },
    "lstm": {
        "hidden_size": 52,
        "num_layers": 1,
        "dropout": 0.2919670049069269,
        "learning_rate": 0.0006439401685526333,
        "batch_size": 64,
        "weight_decay": 0.0001436609053445752
    },
    "transformer": {
        "d_model": 37,
        "num_layers": 2,
        "dropout": 0.3821893829599051,
        "learning_rate": 0.0006505013102382419,
        "batch_size": 32,
        "nhead": 2,
        "weight_decay": 0.00034322002981264756
    }
}