{
    "svm": {
        "tol": 1.0,
        "probability": true,
        "kernel": "linear",
        "gamma": 1.0,
        "class_weight": "balanced",
        "C": 0.1
    },
    "logistic_regression": {
        "tol": 0.1,
        "solver": "sag",
        "random_state": 42,
        "max_iter": 1000,
        "class_weight": null,
        "C": 100.0
    },
    "lstm": {
        "hidden_size": 41,
        "num_layers": 2,
        "dropout": 0.3447134939116192,
        "learning_rate": 0.0005494366519468162,
        "batch_size": 64,
        "weight_decay": 0.00012865627534168085
    },
    "transformer": {
        "d_model": 32,
        "num_layers": 2,
        "dropout": 0.4286835524779907,
        "learning_rate": 0.0006421918288285847,
        "batch_size": 32,
        "nhead": 2,
        "weight_decay": 0.00041143373547225195
    }
}