{
    "svm": {
        "tol": 1.0,
        "probability": true,
        "kernel": "poly",
        "gamma": 0.01,
        "class_weight": null,
        "C": 10.0
    },
    "logistic_regression": {
        "tol": 0.1,
        "solver": "sag",
        "random_state": 42,
        "max_iter": 1000,
        "class_weight": null,
        "C": 100.0
    },
    "lstm": {
        "hidden_size": 33,
        "num_layers": 1,
        "dropout": 0.40655945237801105,
        "learning_rate": 0.0005017282997900281,
        "batch_size": 16,
        "weight_decay": 0.009913017375376568
    },
    "transformer": {
        "d_model": 84,
        "num_layers": 1,
        "dropout": 0.21877656757058075,
        "learning_rate": 0.0010810599975228988,
        "batch_size": 16,
        "nhead": 2,
        "weight_decay": 0.0003598737001180961
    }
}