{
    "svm": {
        "tol": 0.01,
        "probability": true,
        "kernel": "rbf",
        "gamma": 0.1,
        "class_weight": "balanced",
        "C": 100.0
    },
    "logistic_regression": {
        "tol": 0.01,
        "solver": "saga",
        "random_state": 42,
        "max_iter": 2000,
        "class_weight": "balanced",
        "C": 100.0
    },
    "lstm": {
        "hidden_size": 88,
        "num_layers": 2,
        "dropout": 0.34021957395836505,
        "learning_rate": 0.0006165553192282716,
        "batch_size": 16,
        "weight_decay": 0.00018444440863490445
    },
    "transformer": {
        "d_model": 86,
        "num_layers": 2,
        "dropout": 0.3886298370418846,
        "learning_rate": 0.001218513297448819,
        "batch_size": 32,
        "nhead": 2,
        "weight_decay": 0.0008305296811341825
    }
}