{
    "svm": {
        "tol": 0.01,
        "probability": true,
        "kernel": "rbf",
        "gamma": 0.1,
        "class_weight": "balanced",
        "C": 100.0
    },
    "logistic_regression": {
        "tol": 0.01,
        "solver": "newton-cg",
        "random_state": 42,
        "max_iter": 1000,
        "class_weight": "balanced",
        "C": 0.0001
    },
    "lstm": {
        "hidden_size": 38,
        "num_layers": 2,
        "dropout": 0.3873345542617201,
        "learning_rate": 0.0012329091458829539,
        "batch_size": 32,
        "weight_decay": 0.00013269024462281
    },
    "transformer": {
        "d_model": 78,
        "num_layers": 1,
        "dropout": 0.3766317133049855,
        "learning_rate": 0.0008409931091200216,
        "batch_size": 32,
        "nhead": 4,
        "weight_decay": 0.0001594270942995469
    }
}