{
    "svm": {
        "tol": 0.01,
        "probability": true,
        "kernel": "rbf",
        "gamma": 0.1,
        "class_weight": "balanced",
        "C": 100.0
    },
    "logistic_regression": {
        "tol": 1.0,
        "solver": "sag",
        "random_state": 42,
        "max_iter": 2000,
        "class_weight": "balanced",
        "C": 10.0
    },
    "lstm": {
        "hidden_size": 78,
        "num_layers": 2,
        "dropout": 0.3324178926927718,
        "learning_rate": 0.0017124463546133117,
        "batch_size": 16,
        "weight_decay": 0.000329425461060254
    },
    "transformer": {
        "d_model": 57,
        "num_layers": 1,
        "dropout": 0.3368661288897082,
        "learning_rate": 0.0015445510656952426,
        "batch_size": 16,
        "nhead": 4,
        "weight_decay": 0.0005732603829307073
    }
}