{
    "svm": {
        "tol": 0.01,
        "probability": true,
        "kernel": "rbf",
        "gamma": 0.1,
        "class_weight": "balanced",
        "C": 100.0
    },
    "logistic_regression": {
        "tol": 0.01,
        "solver": "newton-cg",
        "random_state": 42,
        "max_iter": 3000,
        "class_weight": "balanced",
        "C": 10.0
    },
    "lstm": {
        "hidden_size": 74,
        "num_layers": 1,
        "dropout": 0.33132167111495203,
        "learning_rate": 0.0008687736533988945,
        "batch_size": 16,
        "weight_decay": 0.0006484203208244248
    },
    "transformer": {
        "d_model": 39,
        "num_layers": 1,
        "dropout": 0.27283289809734396,
        "learning_rate": 0.000774817291053063,
        "batch_size": 32,
        "nhead": 2,
        "weight_decay": 0.0031384675204328416
    }
}