{
    "svm": {
        "tol": 1.0,
        "probability": true,
        "kernel": "poly",
        "gamma": 0.01,
        "class_weight": null,
        "C": 10.0
    },
    "logistic_regression": {
        "tol": 0.01,
        "solver": "newton-cg",
        "random_state": 42,
        "max_iter": 3000,
        "class_weight": "balanced",
        "C": 1.0
    },
    "lstm": {
        "hidden_size": 86,
        "num_layers": 2,
        "dropout": 0.21065372708521246,
        "learning_rate": 0.0013553258380581792,
        "batch_size": 64,
        "weight_decay": 0.0002590224414210642
    },
    "transformer": {
        "d_model": 68,
        "num_layers": 2,
        "dropout": 0.34286926494071945,
        "learning_rate": 0.0016632518848318488,
        "batch_size": 16,
        "nhead": 4,
        "weight_decay": 0.00010342418318842613
    }
}