{
    "svm": {
        "tol": 0.01,
        "probability": true,
        "kernel": "rbf",
        "gamma": 0.1,
        "class_weight": "balanced",
        "C": 100.0
    },
    "logistic_regression": {
        "tol": 0.01,
        "solver": "sag",
        "random_state": 42,
        "max_iter": 3000,
        "class_weight": null,
        "C": 100.0
    },
    "lstm": {
        "hidden_size": 47,
        "num_layers": 1,
        "dropout": 0.4290189325967826,
        "learning_rate": 0.0005062897981922397,
        "batch_size": 64,
        "weight_decay": 0.0011108635772377883
    },
    "transformer": {
        "d_model": 49,
        "num_layers": 1,
        "dropout": 0.47955741802376023,
        "learning_rate": 0.0005760109639609837,
        "batch_size": 64,
        "nhead": 4,
        "weight_decay": 0.009998513274463178
    }
}