{
    "svm": {
        "tol": 1.0,
        "probability": true,
        "kernel": "poly",
        "gamma": 0.01,
        "class_weight": "balanced",
        "C": 1.0
    },
    "logistic_regression": {
        "tol": 0.01,
        "solver": "sag",
        "random_state": 42,
        "max_iter": 3000,
        "class_weight": null,
        "C": 100.0
    },
    "lstm": {
        "hidden_size": 53,
        "num_layers": 2,
        "dropout": 0.20785046141099411,
        "learning_rate": 0.0016605896178296085,
        "batch_size": 16,
        "weight_decay": 0.0023063673521676892
    },
    "transformer": {
        "d_model": 83,
        "num_layers": 2,
        "dropout": 0.20054706697259614,
        "learning_rate": 0.001996760096750179,
        "batch_size": 32,
        "nhead": 4,
        "weight_decay": 0.0003733082340070681
    }
}