{
    "svm": {
        "tol": 0.01,
        "probability": true,
        "kernel": "rbf",
        "gamma": 0.1,
        "class_weight": "balanced",
        "C": 100.0
    },
    "logistic_regression": {
        "tol": 0.01,
        "solver": "lbfgs",
        "random_state": 42,
        "max_iter": 2000,
        "class_weight": null,
        "C": 10.0
    },
    "lstm": {
        "hidden_size": 55,
        "num_layers": 2,
        "dropout": 0.45057595807989553,
        "learning_rate": 0.000725264344634343,
        "batch_size": 16,
        "weight_decay": 0.00015752711546200825
    },
    "transformer": {
        "d_model": 77,
        "num_layers": 1,
        "dropout": 0.4567185866411762,
        "learning_rate": 0.0010849693436967944,
        "batch_size": 16,
        "nhead": 2,
        "weight_decay": 0.00036313085018843444
    }
}