{
    "svm": {
        "tol": 0.01,
        "probability": true,
        "kernel": "poly",
        "gamma": 0.01,
        "class_weight": null,
        "C": 100.0
    },
    "logistic_regression": {
        "tol": 0.01,
        "solver": "newton-cg",
        "random_state": 42,
        "max_iter": 3000,
        "class_weight": "balanced",
        "C": 10.0
    },
    "lstm": {
        "hidden_size": 43,
        "num_layers": 2,
        "dropout": 0.35696761361002227,
        "learning_rate": 0.0005600428406168633,
        "batch_size": 16,
        "weight_decay": 0.0002479716315991895
    },
    "transformer": {
        "d_model": 72,
        "num_layers": 2,
        "dropout": 0.33647859883417885,
        "learning_rate": 0.0008440515576348576,
        "batch_size": 16,
        "nhead": 4,
        "weight_decay": 0.004068834551725656
    }
}