{
    "svm": {
        "tol": 1.0,
        "probability": true,
        "kernel": "poly",
        "gamma": 0.01,
        "class_weight": null,
        "C": 10.0
    },
    "logistic_regression": {
        "tol": 0.01,
        "solver": "sag",
        "random_state": 42,
        "max_iter": 2000,
        "class_weight": "balanced",
        "C": 0.1
    },
    "lstm": {
        "hidden_size": 44,
        "num_layers": 2,
        "dropout": 0.49002106651554533,
        "learning_rate": 0.0005012180274987185,
        "batch_size": 64,
        "weight_decay": 0.002610705375165914
    },
    "transformer": {
        "d_model": 65,
        "num_layers": 1,
        "dropout": 0.40634602203054593,
        "learning_rate": 0.0009294172469661271,
        "batch_size": 16,
        "nhead": 2,
        "weight_decay": 0.00010539505404262114
    }
}