{
    "svm": {
        "tol": 0.01,
        "probability": true,
        "kernel": "rbf",
        "gamma": 0.1,
        "class_weight": "balanced",
        "C": 100.0
    },
    "logistic_regression": {
        "tol": 0.01,
        "solver": "newton-cg",
        "random_state": 42,
        "max_iter": 2000,
        "class_weight": "balanced",
        "C": 100.0
    },
    "lstm": {
        "hidden_size": 36,
        "num_layers": 2,
        "dropout": 0.4276960366307231,
        "learning_rate": 0.001072494735685699,
        "batch_size": 32,
        "weight_decay": 0.0015400139558611975
    },
    "transformer": {
        "d_model": 64,
        "num_layers": 2,
        "dropout": 0.462057923189854,
        "learning_rate": 0.0008319159070810533,
        "batch_size": 64,
        "nhead": 4,
        "weight_decay": 0.00019952173604410382
    }
}