{
    "svm": {
        "tol": 1.0,
        "probability": true,
        "kernel": "linear",
        "gamma": 0.01,
        "class_weight": "balanced",
        "C": 10.0
    },
    "logistic_regression": {
        "tol": 0.01,
        "solver": "lbfgs",
        "random_state": 42,
        "max_iter": 2000,
        "class_weight": "balanced",
        "C": 100.0
    },
    "lstm": {
        "hidden_size": 45,
        "num_layers": 1,
        "dropout": 0.4456079611716567,
        "learning_rate": 0.0006602975206051382,
        "batch_size": 64,
        "weight_decay": 0.00045302283325847364
    },
    "transformer": {
        "d_model": 58,
        "num_layers": 2,
        "dropout": 0.49572598079876307,
        "learning_rate": 0.001840872828260607,
        "batch_size": 64,
        "nhead": 4,
        "weight_decay": 0.0007231416629717834
    }
}