{
    "svm": {
        "tol": 1.0,
        "probability": true,
        "kernel": "linear",
        "gamma": 0.0001,
        "class_weight": null,
        "C": 10.0
    },
    "logistic_regression": {
        "tol": 0.01,
        "solver": "newton-cg",
        "random_state": 42,
        "max_iter": 2000,
        "class_weight": "balanced",
        "C": 100.0
    },
    "lstm": {
        "hidden_size": 59,
        "num_layers": 1,
        "dropout": 0.27279579004897286,
        "learning_rate": 0.0014613732002513873,
        "batch_size": 16,
        "weight_decay": 0.0022071247495439646
    },
    "transformer": {
        "d_model": 95,
        "num_layers": 2,
        "dropout": 0.4935818107697402,
        "learning_rate": 0.0011562292895589486,
        "batch_size": 32,
        "nhead": 4,
        "weight_decay": 0.009643177933594052
    }
}