{
    "svm": {
        "tol": 1.0,
        "probability": true,
        "kernel": "poly",
        "gamma": 0.01,
        "class_weight": null,
        "C": 10.0
    },
    "logistic_regression": {
        "tol": 0.01,
        "solver": "lbfgs",
        "random_state": 42,
        "max_iter": 3000,
        "class_weight": null,
        "C": 0.0001
    },
    "lstm": {
        "hidden_size": 58,
        "num_layers": 1,
        "dropout": 0.23872170223176237,
        "learning_rate": 0.0015902229273753925,
        "batch_size": 16,
        "weight_decay": 0.00929009017038133
    },
    "transformer": {
        "d_model": 35,
        "num_layers": 2,
        "dropout": 0.21219952529113215,
        "learning_rate": 0.0019772858730841346,
        "batch_size": 64,
        "nhead": 2,
        "weight_decay": 0.003340488122040175
    }
}