{
    "svm": {
        "tol": 0.01,
        "probability": true,
        "kernel": "rbf",
        "gamma": 0.1,
        "class_weight": "balanced",
        "C": 100.0
    },
    "logistic_regression": {
        "tol": 1.0,
        "solver": "saga",
        "random_state": 42,
        "max_iter": 2000,
        "class_weight": null,
        "C": 0.001
    },
    "lstm": {
        "hidden_size": 66,
        "num_layers": 2,
        "dropout": 0.4993843107274601,
        "learning_rate": 0.0013749878744237314,
        "batch_size": 16,
        "weight_decay": 0.0002806933617675738
    },
    "transformer": {
        "d_model": 47,
        "num_layers": 1,
        "dropout": 0.4037868675526909,
        "learning_rate": 0.000931319070615942,
        "batch_size": 64,
        "nhead": 2,
        "weight_decay": 0.00014220494623477223
    }
}