{
    "svm": {
        "tol": 1.0,
        "probability": true,
        "kernel": "linear",
        "gamma": 0.0001,
        "class_weight": null,
        "C": 10.0
    },
    "logistic_regression": {
        "tol": 0.01,
        "solver": "newton-cg",
        "random_state": 42,
        "max_iter": 2000,
        "class_weight": "balanced",
        "C": 100.0
    },
    "lstm": {
        "hidden_size": 63,
        "num_layers": 1,
        "dropout": 0.31613757772260176,
        "learning_rate": 0.0008023337977805836,
        "batch_size": 16,
        "weight_decay": 0.0007437389323540993
    },
    "transformer": {
        "d_model": 90,
        "num_layers": 2,
        "dropout": 0.37563349714908917,
        "learning_rate": 0.000779073748036124,
        "batch_size": 16,
        "nhead": 4,
        "weight_decay": 0.0010559452033871597
    }
}