{
    "svm": {
        "tol": 0.01,
        "probability": true,
        "kernel": "rbf",
        "gamma": 0.1,
        "class_weight": "balanced",
        "C": 100.0
    },
    "logistic_regression": {
        "tol": 0.01,
        "solver": "lbfgs",
        "random_state": 42,
        "max_iter": 2000,
        "class_weight": "balanced",
        "C": 100.0
    },
    "lstm": {
        "hidden_size": 89,
        "num_layers": 1,
        "dropout": 0.425414338733252,
        "learning_rate": 0.0012242137140137152,
        "batch_size": 64,
        "weight_decay": 0.00018405585876974902
    },
    "transformer": {
        "d_model": 76,
        "num_layers": 2,
        "dropout": 0.33494518919906685,
        "learning_rate": 0.0014843104423671654,
        "batch_size": 64,
        "nhead": 2,
        "weight_decay": 0.005349027149161293
    }
}