{
    "svm": {
        "tol": 0.01,
        "probability": true,
        "kernel": "rbf",
        "gamma": 0.1,
        "class_weight": "balanced",
        "C": 100.0
    },
    "logistic_regression": {
        "tol": 0.01,
        "solver": "lbfgs",
        "random_state": 42,
        "max_iter": 2000,
        "class_weight": "balanced",
        "C": 100.0
    },
    "lstm": {
        "hidden_size": 78,
        "num_layers": 2,
        "dropout": 0.3997546549459143,
        "learning_rate": 0.0005947768887572844,
        "batch_size": 32,
        "weight_decay": 0.0003769340686090629
    },
    "transformer": {
        "d_model": 67,
        "num_layers": 2,
        "dropout": 0.33096168925095254,
        "learning_rate": 0.0015498119392273453,
        "batch_size": 16,
        "nhead": 2,
        "weight_decay": 0.00044780137523038756
    }
}