{
    "svm": {
        "tol": 0.01,
        "probability": true,
        "kernel": "rbf",
        "gamma": 0.1,
        "class_weight": "balanced",
        "C": 100.0
    },
    "logistic_regression": {
        "tol": 0.01,
        "solver": "lbfgs",
        "random_state": 42,
        "max_iter": 2000,
        "class_weight": "balanced",
        "C": 100.0
    },
    "lstm": {
        "hidden_size": 33,
        "num_layers": 2,
        "dropout": 0.20746450716901385,
        "learning_rate": 0.0007791093362227081,
        "batch_size": 16,
        "weight_decay": 0.009895027192632062
    },
    "transformer": {
        "d_model": 55,
        "num_layers": 1,
        "dropout": 0.388746290970602,
        "learning_rate": 0.00100341637873893,
        "batch_size": 16,
        "nhead": 4,
        "weight_decay": 0.0008131901768331981
    }
}