{
    "svm": {
        "tol": 0.01,
        "probability": true,
        "kernel": "rbf",
        "gamma": 0.1,
        "class_weight": "balanced",
        "C": 100.0
    },
    "logistic_regression": {
        "tol": 0.01,
        "solver": "newton-cg",
        "random_state": 42,
        "max_iter": 3000,
        "class_weight": "balanced",
        "C": 1.0
    },
    "lstm": {
        "hidden_size": 47,
        "num_layers": 1,
        "dropout": 0.29609375290181783,
        "learning_rate": 0.0005016952769076568,
        "batch_size": 32,
        "weight_decay": 0.0004240001763646745
    },
    "transformer": {
        "d_model": 92,
        "num_layers": 2,
        "dropout": 0.3446303757177662,
        "learning_rate": 0.001848533764267357,
        "batch_size": 32,
        "nhead": 2,
        "weight_decay": 0.0006590584862758884
    }
}