{
    "svm": {
        "tol": 0.01,
        "probability": true,
        "kernel": "rbf",
        "gamma": 0.1,
        "class_weight": "balanced",
        "C": 100.0
    },
    "logistic_regression": {
        "tol": 0.01,
        "solver": "newton-cg",
        "random_state": 42,
        "max_iter": 3000,
        "class_weight": "balanced",
        "C": 10.0
    },
    "lstm": {
        "hidden_size": 57,
        "num_layers": 1,
        "dropout": 0.47455389678020415,
        "learning_rate": 0.0016540903147557013,
        "batch_size": 16,
        "weight_decay": 0.0034928226293585813
    },
    "transformer": {
        "d_model": 92,
        "num_layers": 2,
        "dropout": 0.3697497697089246,
        "learning_rate": 0.0014305928675493469,
        "batch_size": 16,
        "nhead": 2,
        "weight_decay": 0.004768521460915794
    }
}