{
    "svm": {
        "tol": 0.01,
        "probability": true,
        "kernel": "rbf",
        "gamma": 0.1,
        "class_weight": "balanced",
        "C": 100.0
    },
    "logistic_regression": {
        "tol": 0.01,
        "solver": "sag",
        "random_state": 42,
        "max_iter": 3000,
        "class_weight": "balanced",
        "C": 1.0
    },
    "lstm": {
        "hidden_size": 72,
        "num_layers": 1,
        "dropout": 0.23993345285193915,
        "learning_rate": 0.0009006325537818494,
        "batch_size": 32,
        "weight_decay": 0.0031758319997515286
    },
    "transformer": {
        "d_model": 55,
        "num_layers": 2,
        "dropout": 0.4995093612845525,
        "learning_rate": 0.000519735025924887,
        "batch_size": 64,
        "nhead": 2,
        "weight_decay": 0.00013041296235804433
    }
}