{
    "svm": {
        "tol": 0.01,
        "probability": true,
        "kernel": "rbf",
        "gamma": 0.1,
        "class_weight": "balanced",
        "C": 100.0
    },
    "logistic_regression": {
        "tol": 0.1,
        "solver": "sag",
        "random_state": 42,
        "max_iter": 1000,
        "class_weight": null,
        "C": 100.0
    },
    "lstm": {
        "hidden_size": 69,
        "num_layers": 1,
        "dropout": 0.37853074960081606,
        "learning_rate": 0.0006476041313219944,
        "batch_size": 32,
        "weight_decay": 0.0051515021680216275
    },
    "transformer": {
        "d_model": 78,
        "num_layers": 1,
        "dropout": 0.3495030190697917,
        "learning_rate": 0.0007133757076972113,
        "batch_size": 16,
        "nhead": 2,
        "weight_decay": 0.0019056336743333343
    }
}