{
    "svm": {
        "tol": 0.01,
        "probability": true,
        "kernel": "rbf",
        "gamma": 0.1,
        "class_weight": "balanced",
        "C": 100.0
    },
    "logistic_regression": {
        "tol": 0.01,
        "solver": "lbfgs",
        "random_state": 42,
        "max_iter": 3000,
        "class_weight": null,
        "C": 100.0
    },
    "lstm": {
        "hidden_size": 44,
        "num_layers": 2,
        "dropout": 0.29702617410353843,
        "learning_rate": 0.0014326151405998555,
        "batch_size": 16,
        "weight_decay": 0.0002756006880002465
    },
    "transformer": {
        "d_model": 57,
        "num_layers": 2,
        "dropout": 0.4605945706539609,
        "learning_rate": 0.0007996461910309331,
        "batch_size": 16,
        "nhead": 2,
        "weight_decay": 0.0009108093255698657
    }
}