{
    "svm": {
        "tol": 0.01,
        "probability": true,
        "kernel": "rbf",
        "gamma": 0.1,
        "class_weight": "balanced",
        "C": 100.0
    },
    "logistic_regression": {
        "tol": 1.0,
        "solver": "sag",
        "random_state": 42,
        "max_iter": 2000,
        "class_weight": "balanced",
        "C": 10.0
    },
    "lstm": {
        "hidden_size": 35,
        "num_layers": 2,
        "dropout": 0.46357425362600285,
        "learning_rate": 0.0010677110658154256,
        "batch_size": 64,
        "weight_decay": 0.00010085940064588496
    },
    "transformer": {
        "d_model": 60,
        "num_layers": 1,
        "dropout": 0.4541049884366169,
        "learning_rate": 0.0014229343134645777,
        "batch_size": 64,
        "nhead": 4,
        "weight_decay": 0.006414442169867149
    }
}