{
    "svm": {
        "tol": 0.1,
        "probability": true,
        "kernel": "rbf",
        "gamma": 0.001,
        "class_weight": null,
        "C": 10.0
    },
    "logistic_regression": {
        "tol": 0.01,
        "solver": "newton-cg",
        "random_state": 42,
        "max_iter": 2000,
        "class_weight": "balanced",
        "C": 100.0
    },
    "lstm": {
        "hidden_size": 51,
        "num_layers": 1,
        "dropout": 0.37513365165188617,
        "learning_rate": 0.0007683802479009096,
        "batch_size": 64,
        "weight_decay": 0.0008553126860157816
    },
    "transformer": {
        "d_model": 42,
        "num_layers": 2,
        "dropout": 0.2529083940162258,
        "learning_rate": 0.0005357960115592466,
        "batch_size": 32,
        "nhead": 2,
        "weight_decay": 0.00016879442827066806
    }
}