{
    "svm": {
        "tol": 1.0,
        "probability": true,
        "kernel": "poly",
        "gamma": 0.1,
        "class_weight": null,
        "C": 0.01
    },
    "logistic_regression": {
        "tol": 0.01,
        "solver": "newton-cg",
        "random_state": 42,
        "max_iter": 3000,
        "class_weight": "balanced",
        "C": 10.0
    },
    "lstm": {
        "hidden_size": 84,
        "num_layers": 2,
        "dropout": 0.32947783278271003,
        "learning_rate": 0.0016132760907529725,
        "batch_size": 16,
        "weight_decay": 0.00021514092585825544
    },
    "transformer": {
        "d_model": 51,
        "num_layers": 2,
        "dropout": 0.43400903979686156,
        "learning_rate": 0.0015539144521174266,
        "batch_size": 16,
        "nhead": 2,
        "weight_decay": 0.0002386611967789986
    }
}