{
    "svm": {
        "tol": 0.01,
        "probability": true,
        "kernel": "rbf",
        "gamma": 0.1,
        "class_weight": "balanced",
        "C": 100.0
    },
    "logistic_regression": {
        "tol": 0.01,
        "solver": "newton-cg",
        "random_state": 42,
        "max_iter": 2000,
        "class_weight": "balanced",
        "C": 100.0
    },
    "lstm": {
        "hidden_size": 67,
        "num_layers": 2,
        "dropout": 0.34456677769586425,
        "learning_rate": 0.0015613621663605904,
        "batch_size": 16,
        "weight_decay": 0.0012397052040532457
    },
    "transformer": {
        "d_model": 56,
        "num_layers": 2,
        "dropout": 0.4907238134113734,
        "learning_rate": 0.0008661672016167781,
        "batch_size": 32,
        "nhead": 2,
        "weight_decay": 0.00028111124091726147
    }
}