{
    "svm": {
        "tol": 0.01,
        "probability": true,
        "kernel": "poly",
        "gamma": 1.0,
        "class_weight": "balanced",
        "C": 0.001
    },
    "logistic_regression": {
        "tol": 0.01,
        "solver": "lbfgs",
        "random_state": 42,
        "max_iter": 1000,
        "class_weight": null,
        "C": 0.1
    },
    "lstm": {
        "hidden_size": 32,
        "num_layers": 2,
        "dropout": 0.417926940296794,
        "learning_rate": 0.000501538247890957,
        "batch_size": 64,
        "weight_decay": 0.0052808627818338024
    },
    "transformer": {
        "d_model": 87,
        "num_layers": 2,
        "dropout": 0.49912070474954395,
        "learning_rate": 0.0010202213255317357,
        "batch_size": 64,
        "nhead": 4,
        "weight_decay": 0.000287978902836507
    }
}