{
    "svm": {
        "tol": 1.0,
        "probability": true,
        "kernel": "poly",
        "gamma": 0.001,
        "class_weight": null,
        "C": 0.1
    },
    "logistic_regression": {
        "tol": 0.1,
        "solver": "lbfgs",
        "random_state": 42,
        "max_iter": 2000,
        "class_weight": null,
        "C": 0.001
    },
    "lstm": {
        "hidden_size": 45,
        "num_layers": 1,
        "dropout": 0.23788407190624666,
        "learning_rate": 0.0005040631913053188,
        "batch_size": 32,
        "weight_decay": 0.006136032539221487
    },
    "transformer": {
        "d_model": 49,
        "num_layers": 1,
        "dropout": 0.4132536518029905,
        "learning_rate": 0.0008148946214161996,
        "batch_size": 64,
        "nhead": 4,
        "weight_decay": 0.0017473262129852818
    }
}