{
    "svm": {
        "tol": 0.01,
        "probability": true,
        "kernel": "rbf",
        "gamma": 0.1,
        "class_weight": "balanced",
        "C": 100.0
    },
    "logistic_regression": {
        "tol": 1.0,
        "solver": "sag",
        "random_state": 42,
        "max_iter": 3000,
        "class_weight": null,
        "C": 0.0001
    },
    "lstm": {
        "hidden_size": 65,
        "num_layers": 1,
        "dropout": 0.2649401700579371,
        "learning_rate": 0.0006367729465298481,
        "batch_size": 16,
        "weight_decay": 0.0004262137338725636
    },
    "transformer": {
        "d_model": 92,
        "num_layers": 2,
        "dropout": 0.4765841830445958,
        "learning_rate": 0.001849713043996037,
        "batch_size": 16,
        "nhead": 2,
        "weight_decay": 0.004126849951977293
    }
}