{
    "svm": {
        "tol": 0.01,
        "probability": true,
        "kernel": "rbf",
        "gamma": 0.1,
        "class_weight": "balanced",
        "C": 100.0
    },
    "logistic_regression": {
        "tol": 0.01,
        "solver": "lbfgs",
        "random_state": 42,
        "max_iter": 2000,
        "class_weight": null,
        "C": 10.0
    },
    "lstm": {
        "hidden_size": 52,
        "num_layers": 2,
        "dropout": 0.3028522555418564,
        "learning_rate": 0.0015098277232122505,
        "batch_size": 32,
        "weight_decay": 0.009777017098247026
    },
    "transformer": {
        "d_model": 53,
        "num_layers": 2,
        "dropout": 0.2631028565942556,
        "learning_rate": 0.0013646433700090967,
        "batch_size": 16,
        "nhead": 2,
        "weight_decay": 0.005495176452007228
    }
}