{
    "svm": {
        "tol": 0.01,
        "probability": true,
        "kernel": "rbf",
        "gamma": 0.1,
        "class_weight": "balanced",
        "C": 100.0
    },
    "logistic_regression": {
        "tol": 0.01,
        "solver": "lbfgs",
        "random_state": 42,
        "max_iter": 3000,
        "class_weight": null,
        "C": 100.0
    },
    "lstm": {
        "hidden_size": 34,
        "num_layers": 1,
        "dropout": 0.48788091158793956,
        "learning_rate": 0.0006424397022422741,
        "batch_size": 64,
        "weight_decay": 0.0035151305203516875
    },
    "transformer": {
        "d_model": 69,
        "num_layers": 2,
        "dropout": 0.3731029052795128,
        "learning_rate": 0.001066590470647214,
        "batch_size": 16,
        "nhead": 4,
        "weight_decay": 0.001169821563712569
    }
}