{
    "svm": {
        "tol": 0.01,
        "probability": true,
        "kernel": "rbf",
        "gamma": 0.1,
        "class_weight": "balanced",
        "C": 100.0
    },
    "logistic_regression": {
        "tol": 0.01,
        "solver": "newton-cg",
        "random_state": 42,
        "max_iter": 3000,
        "class_weight": "balanced",
        "C": 10.0
    },
    "lstm": {
        "hidden_size": 69,
        "num_layers": 2,
        "dropout": 0.4879991086314325,
        "learning_rate": 0.0009100414214726166,
        "batch_size": 16,
        "weight_decay": 0.00037424448009780724
    },
    "transformer": {
        "d_model": 74,
        "num_layers": 1,
        "dropout": 0.2668869600348222,
        "learning_rate": 0.0005408917280907825,
        "batch_size": 16,
        "nhead": 4,
        "weight_decay": 0.00015165246745838686
    }
}