{
    "svm": {
        "tol": 0.1,
        "probability": true,
        "kernel": "linear",
        "gamma": 1e-05,
        "class_weight": null,
        "C": 0.1
    },
    "logistic_regression": {
        "tol": 0.01,
        "solver": "lbfgs",
        "random_state": 42,
        "max_iter": 2000,
        "class_weight": null,
        "C": 10.0
    },
    "lstm": {
        "hidden_size": 42,
        "num_layers": 2,
        "dropout": 0.4605918702119457,
        "learning_rate": 0.0006512243194882533,
        "batch_size": 64,
        "weight_decay": 0.002049154799820705
    },
    "transformer": {
        "d_model": 66,
        "num_layers": 1,
        "dropout": 0.2206133992190904,
        "learning_rate": 0.0005952271556447507,
        "batch_size": 32,
        "nhead": 4,
        "weight_decay": 0.0002687243916349335
    }
}