{
    "svm": {
        "tol": 0.01,
        "probability": true,
        "kernel": "rbf",
        "gamma": 0.1,
        "class_weight": "balanced",
        "C": 100.0
    },
    "logistic_regression": {
        "tol": 0.01,
        "solver": "newton-cg",
        "random_state": 42,
        "max_iter": 2000,
        "class_weight": "balanced",
        "C": 100.0
    },
    "lstm": {
        "hidden_size": 84,
        "num_layers": 2,
        "dropout": 0.36228028919442556,
        "learning_rate": 0.0013537464498554084,
        "batch_size": 16,
        "weight_decay": 0.0004060798087416534
    },
    "transformer": {
        "d_model": 39,
        "num_layers": 1,
        "dropout": 0.3668693181311842,
        "learning_rate": 0.0006704232404823635,
        "batch_size": 64,
        "nhead": 4,
        "weight_decay": 0.005931585613741566
    }
}