{
    "svm": {
        "tol": 0.01,
        "probability": true,
        "kernel": "rbf",
        "gamma": 0.1,
        "class_weight": "balanced",
        "C": 100.0
    },
    "logistic_regression": {
        "tol": 0.01,
        "solver": "lbfgs",
        "random_state": 42,
        "max_iter": 2000,
        "class_weight": "balanced",
        "C": 100.0
    },
    "lstm": {
        "hidden_size": 66,
        "num_layers": 2,
        "dropout": 0.47512437990231216,
        "learning_rate": 0.0018174863502051948,
        "batch_size": 16,
        "weight_decay": 0.0010946808085699645
    },
    "transformer": {
        "d_model": 86,
        "num_layers": 1,
        "dropout": 0.38332156099212955,
        "learning_rate": 0.0014735335883731895,
        "batch_size": 16,
        "nhead": 2,
        "weight_decay": 0.00104817491153194
    }
}