{
    "svm": {
        "tol": 0.01,
        "probability": true,
        "kernel": "rbf",
        "gamma": 0.1,
        "class_weight": "balanced",
        "C": 100.0
    },
    "logistic_regression": {
        "tol": 0.01,
        "solver": "lbfgs",
        "random_state": 42,
        "max_iter": 2000,
        "class_weight": "balanced",
        "C": 100.0
    },
    "lstm": {
        "hidden_size": 55,
        "num_layers": 2,
        "dropout": 0.33364978738120676,
        "learning_rate": 0.0007840137262483461,
        "batch_size": 16,
        "weight_decay": 0.000639009492912342
    },
    "transformer": {
        "d_model": 61,
        "num_layers": 2,
        "dropout": 0.42690345626809933,
        "learning_rate": 0.0008099302079059539,
        "batch_size": 32,
        "nhead": 2,
        "weight_decay": 0.00892913919786778
    }
}