{
    "svm": {
        "tol": 0.1,
        "probability": true,
        "kernel": "linear",
        "gamma": 1e-05,
        "class_weight": null,
        "C": 0.1
    },
    "logistic_regression": {
        "tol": 0.01,
        "solver": "newton-cg",
        "random_state": 42,
        "max_iter": 1000,
        "class_weight": null,
        "C": 100.0
    },
    "lstm": {
        "hidden_size": 61,
        "num_layers": 2,
        "dropout": 0.24103524409527893,
        "learning_rate": 0.0007384067117511711,
        "batch_size": 32,
        "weight_decay": 0.0003979518443023397
    },
    "transformer": {
        "d_model": 37,
        "num_layers": 1,
        "dropout": 0.44072212479532386,
        "learning_rate": 0.0008481730176056402,
        "batch_size": 16,
        "nhead": 2,
        "weight_decay": 0.0030449640338598744
    }
}