{
    "svm": {
        "tol": 0.01,
        "probability": true,
        "kernel": "rbf",
        "gamma": 0.1,
        "class_weight": "balanced",
        "C": 100.0
    },
    "logistic_regression": {
        "tol": 0.01,
        "solver": "newton-cg",
        "random_state": 42,
        "max_iter": 2000,
        "class_weight": "balanced",
        "C": 100.0
    },
    "lstm": {
        "hidden_size": 76,
        "num_layers": 1,
        "dropout": 0.4971185061483999,
        "learning_rate": 0.0005528747912918246,
        "batch_size": 64,
        "weight_decay": 0.0039778381922167295
    },
    "transformer": {
        "d_model": 95,
        "num_layers": 1,
        "dropout": 0.4278386705609728,
        "learning_rate": 0.0005694260802398181,
        "batch_size": 64,
        "nhead": 4,
        "weight_decay": 0.001630550520386643
    }
}