{
    "svm": {
        "tol": 0.01,
        "probability": true,
        "kernel": "rbf",
        "gamma": 0.1,
        "class_weight": "balanced",
        "C": 100.0
    },
    "logistic_regression": {
        "tol": 0.01,
        "solver": "newton-cg",
        "random_state": 42,
        "max_iter": 1000,
        "class_weight": null,
        "C": 100.0
    },
    "lstm": {
        "hidden_size": 83,
        "num_layers": 1,
        "dropout": 0.39696096829776417,
        "learning_rate": 0.0008143988250184309,
        "batch_size": 16,
        "weight_decay": 0.00014595065494186392
    },
    "transformer": {
        "d_model": 37,
        "num_layers": 2,
        "dropout": 0.2759339357583382,
        "learning_rate": 0.0008110471345734543,
        "batch_size": 32,
        "nhead": 4,
        "weight_decay": 0.004503172254306022
    }
}