{
    "svm": {
        "tol": 0.01,
        "probability": true,
        "kernel": "rbf",
        "gamma": 0.1,
        "class_weight": "balanced",
        "C": 100.0
    },
    "logistic_regression": {
        "tol": 0.01,
        "solver": "newton-cg",
        "random_state": 42,
        "max_iter": 1000,
        "class_weight": null,
        "C": 100.0
    },
    "lstm": {
        "hidden_size": 50,
        "num_layers": 2,
        "dropout": 0.42468454975391473,
        "learning_rate": 0.001452933903552399,
        "batch_size": 64,
        "weight_decay": 0.00018874724495367606
    },
    "transformer": {
        "d_model": 78,
        "num_layers": 1,
        "dropout": 0.46453607360004096,
        "learning_rate": 0.0010975397315280383,
        "batch_size": 16,
        "nhead": 4,
        "weight_decay": 0.0012825241751043316
    }
}