{
    "svm": {
        "tol": 0.01,
        "probability": true,
        "kernel": "poly",
        "gamma": 0.01,
        "class_weight": null,
        "C": 100.0
    },
    "logistic_regression": {
        "tol": 0.01,
        "solver": "saga",
        "random_state": 42,
        "max_iter": 1000,
        "class_weight": "balanced",
        "C": 0.01
    },
    "lstm": {
        "hidden_size": 51,
        "num_layers": 2,
        "dropout": 0.20494676641050882,
        "learning_rate": 0.0005725109209082586,
        "batch_size": 32,
        "weight_decay": 0.0032478815321202613
    },
    "transformer": {
        "d_model": 82,
        "num_layers": 2,
        "dropout": 0.3716730846145831,
        "learning_rate": 0.001567270885938723,
        "batch_size": 16,
        "nhead": 2,
        "weight_decay": 0.00021065294147014094
    }
}