{
    "svm": {
        "tol": 0.01,
        "probability": true,
        "kernel": "rbf",
        "gamma": 0.1,
        "class_weight": "balanced",
        "C": 100.0
    },
    "logistic_regression": {
        "tol": 0.01,
        "solver": "lbfgs",
        "random_state": 42,
        "max_iter": 2000,
        "class_weight": "balanced",
        "C": 100.0
    },
    "lstm": {
        "hidden_size": 36,
        "num_layers": 2,
        "dropout": 0.3435646665391926,
        "learning_rate": 0.0017008283100048436,
        "batch_size": 16,
        "weight_decay": 0.0003431843093081546
    },
    "transformer": {
        "d_model": 86,
        "num_layers": 2,
        "dropout": 0.47939925600005306,
        "learning_rate": 0.0005500099563504077,
        "batch_size": 16,
        "nhead": 4,
        "weight_decay": 0.001547248043120793
    }
}