{
    "svm": {
        "tol": 0.01,
        "probability": true,
        "kernel": "poly",
        "gamma": 0.01,
        "class_weight": null,
        "C": 100.0
    },
    "logistic_regression": {
        "tol": 0.01,
        "solver": "newton-cg",
        "random_state": 42,
        "max_iter": 3000,
        "class_weight": "balanced",
        "C": 1.0
    },
    "lstm": {
        "hidden_size": 61,
        "num_layers": 2,
        "dropout": 0.4979901242030088,
        "learning_rate": 0.0007344354387699987,
        "batch_size": 32,
        "weight_decay": 0.003929954841516303
    },
    "transformer": {
        "d_model": 84,
        "num_layers": 2,
        "dropout": 0.32152423166046024,
        "learning_rate": 0.0018175806944448869,
        "batch_size": 32,
        "nhead": 4,
        "weight_decay": 0.00016342462560154226
    }
}