{
    "svm": {
        "tol": 0.01,
        "probability": true,
        "kernel": "rbf",
        "gamma": 0.1,
        "class_weight": "balanced",
        "C": 100.0
    },
    "logistic_regression": {
        "tol": 0.01,
        "solver": "sag",
        "random_state": 42,
        "max_iter": 3000,
        "class_weight": null,
        "C": 100.0
    },
    "lstm": {
        "hidden_size": 52,
        "num_layers": 1,
        "dropout": 0.3601073386124308,
        "learning_rate": 0.0006724702371095568,
        "batch_size": 32,
        "weight_decay": 0.000446718559852751
    },
    "transformer": {
        "d_model": 85,
        "num_layers": 1,
        "dropout": 0.4338236892799529,
        "learning_rate": 0.0019014677820373533,
        "batch_size": 32,
        "nhead": 4,
        "weight_decay": 0.0010255349627508543
    }
}