{
    "svm": {
        "tol": 0.01,
        "probability": true,
        "kernel": "rbf",
        "gamma": 0.1,
        "class_weight": "balanced",
        "C": 100.0
    },
    "logistic_regression": {
        "tol": 0.01,
        "solver": "newton-cg",
        "random_state": 42,
        "max_iter": 2000,
        "class_weight": "balanced",
        "C": 100.0
    },
    "lstm": {
        "hidden_size": 87,
        "num_layers": 2,
        "dropout": 0.23031513464221462,
        "learning_rate": 0.0007443551106001115,
        "batch_size": 16,
        "weight_decay": 0.00922135872721065
    },
    "transformer": {
        "d_model": 89,
        "num_layers": 2,
        "dropout": 0.381731235071798,
        "learning_rate": 0.001678452314302424,
        "batch_size": 32,
        "nhead": 2,
        "weight_decay": 0.0006945613463368033
    }
}