{
    "svm": {
        "tol": 1.0,
        "probability": true,
        "kernel": "linear",
        "gamma": 0.0001,
        "class_weight": null,
        "C": 10.0
    },
    "logistic_regression": {
        "tol": 0.1,
        "solver": "saga",
        "random_state": 42,
        "max_iter": 3000,
        "class_weight": null,
        "C": 1.0
    },
    "lstm": {
        "hidden_size": 40,
        "num_layers": 2,
        "dropout": 0.4892929778593157,
        "learning_rate": 0.0005109532877019584,
        "batch_size": 64,
        "weight_decay": 0.0035438430535094626
    },
    "transformer": {
        "d_model": 73,
        "num_layers": 1,
        "dropout": 0.4663462539221143,
        "learning_rate": 0.0018115423059510644,
        "batch_size": 16,
        "nhead": 4,
        "weight_decay": 0.0005049098031852106
    }
}