{
    "svm": {
        "tol": 1.0,
        "probability": true,
        "kernel": "poly",
        "gamma": 0.1,
        "class_weight": null,
        "C": 0.01
    },
    "logistic_regression": {
        "tol": 0.01,
        "solver": "sag",
        "random_state": 42,
        "max_iter": 3000,
        "class_weight": null,
        "C": 100.0
    },
    "lstm": {
        "hidden_size": 42,
        "num_layers": 2,
        "dropout": 0.35824423732867067,
        "learning_rate": 0.0005063644863421439,
        "batch_size": 32,
        "weight_decay": 0.0006823912531478944
    },
    "transformer": {
        "d_model": 69,
        "num_layers": 2,
        "dropout": 0.286902327268867,
        "learning_rate": 0.0015419603383532447,
        "batch_size": 16,
        "nhead": 4,
        "weight_decay": 0.0013652761048779938
    }
}