{
    "svm": {
        "tol": 1.0,
        "probability": true,
        "kernel": "linear",
        "gamma": 0.0001,
        "class_weight": null,
        "C": 10.0
    },
    "logistic_regression": {
        "tol": 1.0,
        "solver": "saga",
        "random_state": 42,
        "max_iter": 1000,
        "class_weight": "balanced",
        "C": 0.0001
    },
    "lstm": {
        "hidden_size": 63,
        "num_layers": 2,
        "dropout": 0.3115454563850977,
        "learning_rate": 0.0013490916723021332,
        "batch_size": 32,
        "weight_decay": 0.000713061158829097
    },
    "transformer": {
        "d_model": 83,
        "num_layers": 1,
        "dropout": 0.28582531369509134,
        "learning_rate": 0.0018643279874996817,
        "batch_size": 16,
        "nhead": 4,
        "weight_decay": 0.00976911101277985
    }
}