{
    "svm": {
        "tol": 0.01,
        "probability": true,
        "kernel": "rbf",
        "gamma": 0.1,
        "class_weight": "balanced",
        "C": 100.0
    },
    "logistic_regression": {
        "tol": 0.1,
        "solver": "sag",
        "random_state": 42,
        "max_iter": 1000,
        "class_weight": null,
        "C": 1.0
    },
    "lstm": {
        "hidden_size": 37,
        "num_layers": 2,
        "dropout": 0.4814687564213149,
        "learning_rate": 0.0009866917810316409,
        "batch_size": 16,
        "weight_decay": 0.0030860737916059756
    },
    "transformer": {
        "d_model": 45,
        "num_layers": 2,
        "dropout": 0.22000637077775284,
        "learning_rate": 0.0006816751482637128,
        "batch_size": 32,
        "nhead": 4,
        "weight_decay": 0.0009339790636712236
    }
}