{
    "svm": {
        "tol": 0.01,
        "probability": true,
        "kernel": "rbf",
        "gamma": 0.1,
        "class_weight": "balanced",
        "C": 100.0
    },
    "logistic_regression": {
        "tol": 0.01,
        "solver": "lbfgs",
        "random_state": 42,
        "max_iter": 2000,
        "class_weight": null,
        "C": 10.0
    },
    "lstm": {
        "hidden_size": 55,
        "num_layers": 1,
        "dropout": 0.27749194053305953,
        "learning_rate": 0.0011651955111710744,
        "batch_size": 64,
        "weight_decay": 0.0001394964975997905
    },
    "transformer": {
        "d_model": 44,
        "num_layers": 1,
        "dropout": 0.3729897349111107,
        "learning_rate": 0.0005009994573489384,
        "batch_size": 32,
        "nhead": 2,
        "weight_decay": 0.0003713996122903466
    }
}