{
    "svm": {
        "tol": 0.01,
        "probability": true,
        "kernel": "rbf",
        "gamma": 0.1,
        "class_weight": "balanced",
        "C": 100.0
    },
    "logistic_regression": {
        "tol": 0.01,
        "solver": "lbfgs",
        "random_state": 42,
        "max_iter": 2000,
        "class_weight": null,
        "C": 10.0
    },
    "lstm": {
        "hidden_size": 66,
        "num_layers": 1,
        "dropout": 0.3220398858472508,
        "learning_rate": 0.0007068249763451187,
        "batch_size": 16,
        "weight_decay": 0.00014295090782099931
    },
    "transformer": {
        "d_model": 63,
        "num_layers": 1,
        "dropout": 0.2015385210154255,
        "learning_rate": 0.001026058092096697,
        "batch_size": 32,
        "nhead": 2,
        "weight_decay": 0.0008404102813910456
    }
}