{
    "svm": {
        "tol": 0.01,
        "probability": true,
        "kernel": "rbf",
        "gamma": 0.1,
        "class_weight": "balanced",
        "C": 100.0
    },
    "logistic_regression": {
        "tol": 0.01,
        "solver": "sag",
        "random_state": 42,
        "max_iter": 3000,
        "class_weight": null,
        "C": 100.0
    },
    "lstm": {
        "hidden_size": 42,
        "num_layers": 2,
        "dropout": 0.45108016111480154,
        "learning_rate": 0.0011895708661590347,
        "batch_size": 64,
        "weight_decay": 0.0006718194026127445
    },
    "transformer": {
        "d_model": 92,
        "num_layers": 1,
        "dropout": 0.3377095495580798,
        "learning_rate": 0.0005485411220637547,
        "batch_size": 64,
        "nhead": 2,
        "weight_decay": 0.0006582670721898223
    }
}