{
    "svm": {
        "tol": 0.01,
        "probability": true,
        "kernel": "rbf",
        "gamma": 0.1,
        "class_weight": "balanced",
        "C": 100.0
    },
    "logistic_regression": {
        "tol": 0.1,
        "solver": "newton-cg",
        "random_state": 42,
        "max_iter": 1000,
        "class_weight": null,
        "C": 100.0
    },
    "lstm": {
        "hidden_size": 49,
        "num_layers": 1,
        "dropout": 0.3518196801637678,
        "learning_rate": 0.001239878897629891,
        "batch_size": 16,
        "weight_decay": 0.006477374945121051
    },
    "transformer": {
        "d_model": 54,
        "num_layers": 2,
        "dropout": 0.44969825484774384,
        "learning_rate": 0.0016322236841028032,
        "batch_size": 64,
        "nhead": 4,
        "weight_decay": 0.0009307661372762855
    }
}