{
    "svm": {
        "tol": 0.01,
        "probability": true,
        "kernel": "rbf",
        "gamma": 0.1,
        "class_weight": "balanced",
        "C": 100.0
    },
    "logistic_regression": {
        "tol": 0.01,
        "solver": "newton-cg",
        "random_state": 42,
        "max_iter": 3000,
        "class_weight": "balanced",
        "C": 10.0
    },
    "lstm": {
        "hidden_size": 54,
        "num_layers": 2,
        "dropout": 0.2928355422779854,
        "learning_rate": 0.0008543865652720885,
        "batch_size": 32,
        "weight_decay": 0.003920062793946277
    },
    "transformer": {
        "d_model": 91,
        "num_layers": 2,
        "dropout": 0.4707763752466211,
        "learning_rate": 0.001069590287556756,
        "batch_size": 16,
        "nhead": 2,
        "weight_decay": 0.0016615120174077547
    }
}