{
    "svm": {
        "tol": 0.01,
        "probability": true,
        "kernel": "rbf",
        "gamma": 0.1,
        "class_weight": "balanced",
        "C": 100.0
    },
    "logistic_regression": {
        "tol": 0.01,
        "solver": "sag",
        "random_state": 42,
        "max_iter": 3000,
        "class_weight": null,
        "C": 100.0
    },
    "lstm": {
        "hidden_size": 57,
        "num_layers": 2,
        "dropout": 0.4993078684460762,
        "learning_rate": 0.0007143473857409938,
        "batch_size": 16,
        "weight_decay": 0.0005820785656917935
    },
    "transformer": {
        "d_model": 90,
        "num_layers": 2,
        "dropout": 0.23125954472749932,
        "learning_rate": 0.0017626189051139238,
        "batch_size": 16,
        "nhead": 2,
        "weight_decay": 0.009330046208780066
    }
}