{
    "svm": {
        "tol": 0.01,
        "probability": true,
        "kernel": "rbf",
        "gamma": 0.1,
        "class_weight": "balanced",
        "C": 100.0
    },
    "logistic_regression": {
        "tol": 0.01,
        "solver": "newton-cg",
        "random_state": 42,
        "max_iter": 3000,
        "class_weight": "balanced",
        "C": 1.0
    },
    "lstm": {
        "hidden_size": 61,
        "num_layers": 2,
        "dropout": 0.26347013957455756,
        "learning_rate": 0.0018553325263473985,
        "batch_size": 64,
        "weight_decay": 0.00035732805046731096
    },
    "transformer": {
        "d_model": 42,
        "num_layers": 1,
        "dropout": 0.3648377809489006,
        "learning_rate": 0.001679055000375369,
        "batch_size": 32,
        "nhead": 4,
        "weight_decay": 0.0014742960169192158
    }
}