{
    "svm": {
        "tol": 0.01,
        "probability": true,
        "kernel": "rbf",
        "gamma": 0.1,
        "class_weight": "balanced",
        "C": 100.0
    },
    "logistic_regression": {
        "tol": 0.01,
        "solver": "lbfgs",
        "random_state": 42,
        "max_iter": 2000,
        "class_weight": null,
        "C": 10.0
    },
    "lstm": {
        "hidden_size": 51,
        "num_layers": 1,
        "dropout": 0.2502174952222139,
        "learning_rate": 0.0008352318656861154,
        "batch_size": 32,
        "weight_decay": 0.001917536976563604
    },
    "transformer": {
        "d_model": 56,
        "num_layers": 1,
        "dropout": 0.4220958125197755,
        "learning_rate": 0.0009540879553937832,
        "batch_size": 32,
        "nhead": 4,
        "weight_decay": 0.0003896015890276495
    }
}