{
    "svm": {
        "tol": 0.01,
        "probability": true,
        "kernel": "rbf",
        "gamma": 0.1,
        "class_weight": "balanced",
        "C": 100.0
    },
    "logistic_regression": {
        "tol": 1.0,
        "solver": "sag",
        "random_state": 42,
        "max_iter": 2000,
        "class_weight": "balanced",
        "C": 10.0
    },
    "lstm": {
        "hidden_size": 85,
        "num_layers": 2,
        "dropout": 0.468669426943845,
        "learning_rate": 0.0005630911261301374,
        "batch_size": 32,
        "weight_decay": 0.00020166675250565618
    },
    "transformer": {
        "d_model": 62,
        "num_layers": 1,
        "dropout": 0.4697760771932242,
        "learning_rate": 0.0015514212305006148,
        "batch_size": 16,
        "nhead": 4,
        "weight_decay": 0.005081508221511969
    }
}