{
    "svm": {
        "tol": 0.01,
        "probability": true,
        "kernel": "rbf",
        "gamma": 0.1,
        "class_weight": "balanced",
        "C": 100.0
    },
    "logistic_regression": {
        "tol": 0.01,
        "solver": "sag",
        "random_state": 42,
        "max_iter": 3000,
        "class_weight": null,
        "C": 10.0
    },
    "lstm": {
        "hidden_size": 68,
        "num_layers": 1,
        "dropout": 0.41900407338048473,
        "learning_rate": 0.0018196958906842651,
        "batch_size": 32,
        "weight_decay": 0.0006227837270814439
    },
    "transformer": {
        "d_model": 91,
        "num_layers": 1,
        "dropout": 0.3370582104607861,
        "learning_rate": 0.001921010163380454,
        "batch_size": 16,
        "nhead": 2,
        "weight_decay": 0.004230169595089166
    }
}