{
    "svm": {
        "tol": 0.01,
        "probability": true,
        "kernel": "rbf",
        "gamma": 0.1,
        "class_weight": "balanced",
        "C": 100.0
    },
    "logistic_regression": {
        "tol": 1.0,
        "solver": "sag",
        "random_state": 42,
        "max_iter": 3000,
        "class_weight": "balanced",
        "C": 0.01
    },
    "lstm": {
        "hidden_size": 78,
        "num_layers": 2,
        "dropout": 0.2800918919128814,
        "learning_rate": 0.001860384440911748,
        "batch_size": 16,
        "weight_decay": 0.0004244935467684952
    },
    "transformer": {
        "d_model": 54,
        "num_layers": 1,
        "dropout": 0.3976176731306821,
        "learning_rate": 0.0006658781947957705,
        "batch_size": 32,
        "nhead": 4,
        "weight_decay": 0.008007818947387304
    }
}