{
    "svm": {
        "tol": 0.01,
        "probability": true,
        "kernel": "linear",
        "gamma": 0.0001,
        "class_weight": null,
        "C": 1.0
    },
    "logistic_regression": {
        "tol": 1.0,
        "solver": "sag",
        "random_state": 42,
        "max_iter": 3000,
        "class_weight": null,
        "C": 0.001
    },
    "lstm": {
        "hidden_size": 44,
        "num_layers": 1,
        "dropout": 0.2689820273797797,
        "learning_rate": 0.001438190230461491,
        "batch_size": 32,
        "weight_decay": 0.002820671824070116
    },
    "transformer": {
        "d_model": 69,
        "num_layers": 1,
        "dropout": 0.20440176965504353,
        "learning_rate": 0.000670297390665911,
        "batch_size": 32,
        "nhead": 4,
        "weight_decay": 0.0006291847375651757
    }
}