{
    "svm": {
        "tol": 0.01,
        "probability": true,
        "kernel": "rbf",
        "gamma": 0.1,
        "class_weight": "balanced",
        "C": 100.0
    },
    "logistic_regression": {
        "tol": 1.0,
        "solver": "sag",
        "random_state": 42,
        "max_iter": 2000,
        "class_weight": "balanced",
        "C": 10.0
    },
    "lstm": {
        "hidden_size": 42,
        "num_layers": 1,
        "dropout": 0.3869393726179887,
        "learning_rate": 0.0005453271362928114,
        "batch_size": 16,
        "weight_decay": 0.00246268738010218
    },
    "transformer": {
        "d_model": 65,
        "num_layers": 1,
        "dropout": 0.4255297762746927,
        "learning_rate": 0.0008514263097158781,
        "batch_size": 32,
        "nhead": 2,
        "weight_decay": 0.0007201805591410273
    }
}