{
    "svm": {
        "tol": 0.01,
        "probability": true,
        "kernel": "rbf",
        "gamma": 0.1,
        "class_weight": "balanced",
        "C": 100.0
    },
    "logistic_regression": {
        "tol": 0.1,
        "solver": "sag",
        "random_state": 42,
        "max_iter": 2000,
        "class_weight": null,
        "C": 0.1
    },
    "lstm": {
        "hidden_size": 34,
        "num_layers": 1,
        "dropout": 0.2859527541336884,
        "learning_rate": 0.0008361384117483397,
        "batch_size": 32,
        "weight_decay": 0.007630978361613406
    },
    "transformer": {
        "d_model": 71,
        "num_layers": 1,
        "dropout": 0.37431253102896467,
        "learning_rate": 0.0015356547897702022,
        "batch_size": 32,
        "nhead": 4,
        "weight_decay": 0.0052028781680292045
    }
}