{
    "svm": {
        "tol": 0.01,
        "probability": true,
        "kernel": "rbf",
        "gamma": 0.1,
        "class_weight": "balanced",
        "C": 100.0
    },
    "logistic_regression": {
        "tol": 0.01,
        "solver": "newton-cg",
        "random_state": 42,
        "max_iter": 3000,
        "class_weight": null,
        "C": 10.0
    },
    "lstm": {
        "hidden_size": 92,
        "num_layers": 2,
        "dropout": 0.4365267447750816,
        "learning_rate": 0.0009447066662526291,
        "batch_size": 16,
        "weight_decay": 0.0002845380802313837
    },
    "transformer": {
        "d_model": 50,
        "num_layers": 2,
        "dropout": 0.3237261397024065,
        "learning_rate": 0.0017171951157837551,
        "batch_size": 16,
        "nhead": 2,
        "weight_decay": 0.0037562304401043346
    }
}