{
    "svm": {
        "tol": 1.0,
        "probability": true,
        "kernel": "linear",
        "gamma": 0.01,
        "class_weight": "balanced",
        "C": 10.0
    },
    "logistic_regression": {
        "tol": 1.0,
        "solver": "sag",
        "random_state": 42,
        "max_iter": 3000,
        "class_weight": null,
        "C": 0.0001
    },
    "lstm": {
        "hidden_size": 44,
        "num_layers": 1,
        "dropout": 0.3719055274990615,
        "learning_rate": 0.0006563500998575511,
        "batch_size": 64,
        "weight_decay": 0.005377746037219449
    },
    "transformer": {
        "d_model": 47,
        "num_layers": 1,
        "dropout": 0.40283372485384633,
        "learning_rate": 0.0011829608162308403,
        "batch_size": 16,
        "nhead": 2,
        "weight_decay": 0.0011698989146609027
    }
}