{
    "svm": {
        "tol": 0.01,
        "probability": true,
        "kernel": "rbf",
        "gamma": 0.1,
        "class_weight": "balanced",
        "C": 100.0
    },
    "logistic_regression": {
        "tol": 0.01,
        "solver": "newton-cg",
        "random_state": 42,
        "max_iter": 2000,
        "class_weight": "balanced",
        "C": 100.0
    },
    "lstm": {
        "hidden_size": 38,
        "num_layers": 1,
        "dropout": 0.4142207681831697,
        "learning_rate": 0.0014988843322492353,
        "batch_size": 32,
        "weight_decay": 0.001150104337340857
    },
    "transformer": {
        "d_model": 52,
        "num_layers": 2,
        "dropout": 0.4187851523752048,
        "learning_rate": 0.0014189565654973326,
        "batch_size": 16,
        "nhead": 2,
        "weight_decay": 0.002482074112335017
    }
}