{
    "svm": {
        "tol": 0.01,
        "probability": true,
        "kernel": "rbf",
        "gamma": 0.1,
        "class_weight": "balanced",
        "C": 100.0
    },
    "logistic_regression": {
        "tol": 0.01,
        "solver": "lbfgs",
        "random_state": 42,
        "max_iter": 2000,
        "class_weight": "balanced",
        "C": 100.0
    },
    "lstm": {
        "hidden_size": 32,
        "num_layers": 2,
        "dropout": 0.3332878446291885,
        "learning_rate": 0.0005095754043799615,
        "batch_size": 32,
        "weight_decay": 0.0017801577952718229
    },
    "transformer": {
        "d_model": 74,
        "num_layers": 2,
        "dropout": 0.49736514314652835,
        "learning_rate": 0.0017232996203027416,
        "batch_size": 32,
        "nhead": 2,
        "weight_decay": 0.00022388585498412162
    }
}