{
    "svm": {
        "tol": 1.0,
        "probability": true,
        "kernel": "poly",
        "gamma": 0.01,
        "class_weight": "balanced",
        "C": 1.0
    },
    "logistic_regression": {
        "tol": 0.01,
        "solver": "newton-cg",
        "random_state": 42,
        "max_iter": 3000,
        "class_weight": "balanced",
        "C": 1.0
    },
    "lstm": {
        "hidden_size": 96,
        "num_layers": 2,
        "dropout": 0.3608640031529249,
        "learning_rate": 0.001964102870316436,
        "batch_size": 16,
        "weight_decay": 0.003216789583455072
    },
    "transformer": {
        "d_model": 88,
        "num_layers": 2,
        "dropout": 0.20043944053381885,
        "learning_rate": 0.0008599105757161587,
        "batch_size": 16,
        "nhead": 4,
        "weight_decay": 0.0002691792053168219
    }
}