{
    "svm": {
        "tol": 0.01,
        "probability": true,
        "kernel": "rbf",
        "gamma": 0.1,
        "class_weight": "balanced",
        "C": 100.0
    },
    "logistic_regression": {
        "tol": 0.01,
        "solver": "lbfgs",
        "random_state": 42,
        "max_iter": 2000,
        "class_weight": null,
        "C": 10.0
    },
    "lstm": {
        "hidden_size": 38,
        "num_layers": 1,
        "dropout": 0.4759840232150612,
        "learning_rate": 0.0007727084296822443,
        "batch_size": 64,
        "weight_decay": 0.0011930436239779192
    },
    "transformer": {
        "d_model": 64,
        "num_layers": 1,
        "dropout": 0.41184773112193923,
        "learning_rate": 0.0011929238261737104,
        "batch_size": 32,
        "nhead": 4,
        "weight_decay": 0.0011382582240331211
    }
}