{
    "svm": {
        "tol": 0.01,
        "probability": true,
        "kernel": "linear",
        "gamma": 0.0001,
        "class_weight": null,
        "C": 1.0
    },
    "logistic_regression": {
        "tol": 0.01,
        "solver": "lbfgs",
        "random_state": 42,
        "max_iter": 2000,
        "class_weight": "balanced",
        "C": 100.0
    },
    "lstm": {
        "hidden_size": 84,
        "num_layers": 2,
        "dropout": 0.37236954289792656,
        "learning_rate": 0.0017880324249803191,
        "batch_size": 16,
        "weight_decay": 0.0013246751515817354
    },
    "transformer": {
        "d_model": 63,
        "num_layers": 1,
        "dropout": 0.3969979649970009,
        "learning_rate": 0.0006342043538590021,
        "batch_size": 64,
        "nhead": 2,
        "weight_decay": 0.0013739900434893088
    }
}