{
    "svm": {
        "tol": 0.01,
        "probability": true,
        "kernel": "rbf",
        "gamma": 0.1,
        "class_weight": "balanced",
        "C": 100.0
    },
    "logistic_regression": {
        "tol": 0.01,
        "solver": "sag",
        "random_state": 42,
        "max_iter": 3000,
        "class_weight": null,
        "C": 100.0
    },
    "lstm": {
        "hidden_size": 76,
        "num_layers": 1,
        "dropout": 0.34827911544792267,
        "learning_rate": 0.0007877483211801084,
        "batch_size": 32,
        "weight_decay": 0.005094656149616519
    },
    "transformer": {
        "d_model": 96,
        "num_layers": 1,
        "dropout": 0.36623469915195334,
        "learning_rate": 0.001592230609771335,
        "batch_size": 64,
        "nhead": 2,
        "weight_decay": 0.009988269567268176
    }
}