{
    "svm": {
        "tol": 0.01,
        "probability": true,
        "kernel": "rbf",
        "gamma": 0.1,
        "class_weight": "balanced",
        "C": 100.0
    },
    "logistic_regression": {
        "tol": 0.01,
        "solver": "newton-cg",
        "random_state": 42,
        "max_iter": 1000,
        "class_weight": null,
        "C": 100.0
    },
    "lstm": {
        "hidden_size": 57,
        "num_layers": 2,
        "dropout": 0.37515566323406047,
        "learning_rate": 0.000808685866115424,
        "batch_size": 64,
        "weight_decay": 0.00046898997828577997
    },
    "transformer": {
        "d_model": 59,
        "num_layers": 2,
        "dropout": 0.4908617502525859,
        "learning_rate": 0.0006240085955595822,
        "batch_size": 32,
        "nhead": 4,
        "weight_decay": 0.0022568856994806233
    }
}