{
    "svm": {
        "tol": 0.01,
        "probability": true,
        "kernel": "rbf",
        "gamma": 0.1,
        "class_weight": "balanced",
        "C": 100.0
    },
    "logistic_regression": {
        "tol": 0.01,
        "solver": "newton-cg",
        "random_state": 42,
        "max_iter": 2000,
        "class_weight": "balanced",
        "C": 100.0
    },
    "lstm": {
        "hidden_size": 88,
        "num_layers": 1,
        "dropout": 0.2053685669662754,
        "learning_rate": 0.0015152796783480815,
        "batch_size": 16,
        "weight_decay": 0.00047170357095296754
    },
    "transformer": {
        "d_model": 36,
        "num_layers": 1,
        "dropout": 0.33342170752726463,
        "learning_rate": 0.0009461876768898117,
        "batch_size": 16,
        "nhead": 2,
        "weight_decay": 0.0022932024555572714
    }
}