{
    "svm": {
        "tol": 0.01,
        "probability": true,
        "kernel": "poly",
        "gamma": 0.01,
        "class_weight": null,
        "C": 100.0
    },
    "logistic_regression": {
        "tol": 0.01,
        "solver": "lbfgs",
        "random_state": 42,
        "max_iter": 3000,
        "class_weight": null,
        "C": 0.0001
    },
    "lstm": {
        "hidden_size": 60,
        "num_layers": 2,
        "dropout": 0.27989547483001553,
        "learning_rate": 0.001410943995125362,
        "batch_size": 16,
        "weight_decay": 0.0005027667366913686
    },
    "transformer": {
        "d_model": 86,
        "num_layers": 2,
        "dropout": 0.3884381033816974,
        "learning_rate": 0.001980094916156358,
        "batch_size": 16,
        "nhead": 2,
        "weight_decay": 0.0024165063504283705
    }
}