{
    "svm": {
        "tol": 1.0,
        "probability": true,
        "kernel": "linear",
        "gamma": 0.0001,
        "class_weight": null,
        "C": 10.0
    },
    "logistic_regression": {
        "tol": 0.01,
        "solver": "newton-cg",
        "random_state": 42,
        "max_iter": 3000,
        "class_weight": null,
        "C": 10.0
    },
    "lstm": {
        "hidden_size": 79,
        "num_layers": 2,
        "dropout": 0.3987313516136705,
        "learning_rate": 0.0011997543643209516,
        "batch_size": 64,
        "weight_decay": 0.0002967835538956657
    },
    "transformer": {
        "d_model": 86,
        "num_layers": 1,
        "dropout": 0.4061682951203808,
        "learning_rate": 0.001939578266420353,
        "batch_size": 64,
        "nhead": 4,
        "weight_decay": 0.001170219422480754
    }
}