{
    "svm": {
        "tol": 0.01,
        "probability": true,
        "kernel": "rbf",
        "gamma": 0.1,
        "class_weight": "balanced",
        "C": 100.0
    },
    "logistic_regression": {
        "tol": 0.01,
        "solver": "lbfgs",
        "random_state": 42,
        "max_iter": 2000,
        "class_weight": null,
        "C": 10.0
    },
    "lstm": {
        "hidden_size": 41,
        "num_layers": 2,
        "dropout": 0.21703955384592305,
        "learning_rate": 0.0005323258905045413,
        "batch_size": 64,
        "weight_decay": 0.0005830586103492939
    },
    "transformer": {
        "d_model": 37,
        "num_layers": 1,
        "dropout": 0.4784318606999989,
        "learning_rate": 0.0005987795141298906,
        "batch_size": 64,
        "nhead": 2,
        "weight_decay": 0.00097699823604848
    }
}