{
    "svm": {
        "tol": 0.01,
        "probability": true,
        "kernel": "rbf",
        "gamma": 0.1,
        "class_weight": "balanced",
        "C": 100.0
    },
    "logistic_regression": {
        "tol": 0.01,
        "solver": "lbfgs",
        "random_state": 42,
        "max_iter": 3000,
        "class_weight": null,
        "C": 0.0001
    },
    "lstm": {
        "hidden_size": 56,
        "num_layers": 2,
        "dropout": 0.4695983778181389,
        "learning_rate": 0.0006010009926913571,
        "batch_size": 64,
        "weight_decay": 0.0004205557193346351
    },
    "transformer": {
        "d_model": 39,
        "num_layers": 1,
        "dropout": 0.3417475957807088,
        "learning_rate": 0.0009751608962332205,
        "batch_size": 64,
        "nhead": 2,
        "weight_decay": 0.00032325636320369245
    }
}