{
    "svm": {
        "tol": 0.01,
        "probability": true,
        "kernel": "rbf",
        "gamma": 0.1,
        "class_weight": "balanced",
        "C": 100.0
    },
    "logistic_regression": {
        "tol": 0.01,
        "solver": "lbfgs",
        "random_state": 42,
        "max_iter": 2000,
        "class_weight": "balanced",
        "C": 100.0
    },
    "lstm": {
        "hidden_size": 62,
        "num_layers": 2,
        "dropout": 0.2887689797004002,
        "learning_rate": 0.0014525014464876927,
        "batch_size": 64,
        "weight_decay": 0.0009574877679848451
    },
    "transformer": {
        "d_model": 81,
        "num_layers": 2,
        "dropout": 0.49942037252881505,
        "learning_rate": 0.001834335199174355,
        "batch_size": 16,
        "nhead": 2,
        "weight_decay": 0.004101103826324034
    }
}