{
    "svm": {
        "tol": 0.01,
        "probability": true,
        "kernel": "rbf",
        "gamma": 0.1,
        "class_weight": "balanced",
        "C": 100.0
    },
    "logistic_regression": {
        "tol": 0.01,
        "solver": "lbfgs",
        "random_state": 42,
        "max_iter": 2000,
        "class_weight": null,
        "C": 10.0
    },
    "lstm": {
        "hidden_size": 52,
        "num_layers": 2,
        "dropout": 0.4315525625593603,
        "learning_rate": 0.0005635323966254673,
        "batch_size": 32,
        "weight_decay": 0.007986087812701796
    },
    "transformer": {
        "d_model": 53,
        "num_layers": 1,
        "dropout": 0.3578938928158843,
        "learning_rate": 0.0017094053678369282,
        "batch_size": 16,
        "nhead": 2,
        "weight_decay": 0.001346723411722088
    }
}