{
    "svm": {
        "tol": 0.01,
        "probability": true,
        "kernel": "rbf",
        "gamma": 0.1,
        "class_weight": "balanced",
        "C": 100.0
    },
    "logistic_regression": {
        "tol": 0.01,
        "solver": "saga",
        "random_state": 42,
        "max_iter": 2000,
        "class_weight": null,
        "C": 100.0
    },
    "lstm": {
        "hidden_size": 45,
        "num_layers": 2,
        "dropout": 0.4739484145281698,
        "learning_rate": 0.001329015997427017,
        "batch_size": 32,
        "weight_decay": 0.00017478707390985865
    },
    "transformer": {
        "d_model": 32,
        "num_layers": 1,
        "dropout": 0.37877523447528316,
        "learning_rate": 0.0017893376035474733,
        "batch_size": 64,
        "nhead": 2,
        "weight_decay": 0.009758932095263769
    }
}