{
    "svm": {
        "tol": 0.01,
        "probability": true,
        "kernel": "rbf",
        "gamma": 0.1,
        "class_weight": "balanced",
        "C": 100.0
    },
    "logistic_regression": {
        "tol": 0.01,
        "solver": "newton-cg",
        "random_state": 42,
        "max_iter": 2000,
        "class_weight": "balanced",
        "C": 100.0
    },
    "lstm": {
        "hidden_size": 32,
        "num_layers": 1,
        "dropout": 0.4849481494745243,
        "learning_rate": 0.0005592982376341252,
        "batch_size": 64,
        "weight_decay": 0.009910509369036265
    },
    "transformer": {
        "d_model": 87,
        "num_layers": 2,
        "dropout": 0.4484489747355228,
        "learning_rate": 0.0011196481300540678,
        "batch_size": 16,
        "nhead": 2,
        "weight_decay": 0.00010264226830028085
    }
}