{
    "svm": {
        "tol": 1.0,
        "probability": true,
        "kernel": "linear",
        "gamma": 0.0001,
        "class_weight": null,
        "C": 10.0
    },
    "logistic_regression": {
        "tol": 0.1,
        "solver": "saga",
        "random_state": 42,
        "max_iter": 1000,
        "class_weight": "balanced",
        "C": 0.01
    },
    "lstm": {
        "hidden_size": 51,
        "num_layers": 2,
        "dropout": 0.46593385365176876,
        "learning_rate": 0.000576983240571125,
        "batch_size": 64,
        "weight_decay": 0.005976111432032109
    },
    "transformer": {
        "d_model": 86,
        "num_layers": 1,
        "dropout": 0.28679045811741577,
        "learning_rate": 0.0006058902870265246,
        "batch_size": 64,
        "nhead": 4,
        "weight_decay": 0.00014686810002215107
    }
}