{
    "svm": {
        "tol": 0.01,
        "probability": true,
        "kernel": "rbf",
        "gamma": 0.1,
        "class_weight": "balanced",
        "C": 100.0
    },
    "logistic_regression": {
        "tol": 0.01,
        "solver": "lbfgs",
        "random_state": 42,
        "max_iter": 2000,
        "class_weight": null,
        "C": 10.0
    },
    "lstm": {
        "hidden_size": 47,
        "num_layers": 2,
        "dropout": 0.20484916099538844,
        "learning_rate": 0.0005145458378769336,
        "batch_size": 64,
        "weight_decay": 0.009683641189685404
    },
    "transformer": {
        "d_model": 87,
        "num_layers": 2,
        "dropout": 0.3347196236685336,
        "learning_rate": 0.000717480613928542,
        "batch_size": 16,
        "nhead": 2,
        "weight_decay": 0.0010800056787269188
    }
}