{
    "svm": {
        "tol": 1.0,
        "probability": true,
        "kernel": "linear",
        "gamma": 0.0001,
        "class_weight": null,
        "C": 10.0
    },
    "logistic_regression": {
        "tol": 0.01,
        "solver": "lbfgs",
        "random_state": 42,
        "max_iter": 3000,
        "class_weight": null,
        "C": 100.0
    },
    "lstm": {
        "hidden_size": 96,
        "num_layers": 2,
        "dropout": 0.29687766180683245,
        "learning_rate": 0.0012583323933363887,
        "batch_size": 32,
        "weight_decay": 0.003030026869914007
    },
    "transformer": {
        "d_model": 90,
        "num_layers": 2,
        "dropout": 0.45158178192977516,
        "learning_rate": 0.0012192277015707807,
        "batch_size": 16,
        "nhead": 4,
        "weight_decay": 0.0021737728491856498
    }
}