{
    "svm": {
        "tol": 0.1,
        "probability": true,
        "kernel": "linear",
        "gamma": 1e-05,
        "class_weight": null,
        "C": 0.1
    },
    "logistic_regression": {
        "tol": 0.01,
        "solver": "saga",
        "random_state": 42,
        "max_iter": 2000,
        "class_weight": null,
        "C": 100.0
    },
    "lstm": {
        "hidden_size": 61,
        "num_layers": 1,
        "dropout": 0.46070100377209455,
        "learning_rate": 0.0019874932609399596,
        "batch_size": 16,
        "weight_decay": 0.002634896800225066
    },
    "transformer": {
        "d_model": 49,
        "num_layers": 1,
        "dropout": 0.3854155656425868,
        "learning_rate": 0.0007692537454274442,
        "batch_size": 32,
        "nhead": 4,
        "weight_decay": 0.00010064982470273657
    }
}