{
    "svm": {
        "tol": 1.0,
        "probability": true,
        "kernel": "linear",
        "gamma": 0.01,
        "class_weight": "balanced",
        "C": 10.0
    },
    "logistic_regression": {
        "tol": 0.01,
        "solver": "lbfgs",
        "random_state": 42,
        "max_iter": 3000,
        "class_weight": null,
        "C": 100.0
    },
    "lstm": {
        "hidden_size": 39,
        "num_layers": 2,
        "dropout": 0.3245676581592135,
        "learning_rate": 0.0016631244070012179,
        "batch_size": 16,
        "weight_decay": 0.0004706964651108684
    },
    "transformer": {
        "d_model": 39,
        "num_layers": 2,
        "dropout": 0.21751499903856109,
        "learning_rate": 0.0007293884871619429,
        "batch_size": 32,
        "nhead": 4,
        "weight_decay": 0.0004497135024896756
    }
}