{
    "svm": {
        "tol": 0.01,
        "probability": true,
        "kernel": "rbf",
        "gamma": 0.1,
        "class_weight": "balanced",
        "C": 100.0
    },
    "logistic_regression": {
        "tol": 0.1,
        "solver": "sag",
        "random_state": 42,
        "max_iter": 2000,
        "class_weight": "balanced",
        "C": 100.0
    },
    "lstm": {
        "hidden_size": 49,
        "num_layers": 1,
        "dropout": 0.260210649913412,
        "learning_rate": 0.0009995924946370471,
        "batch_size": 16,
        "weight_decay": 0.001570640706628772
    },
    "transformer": {
        "d_model": 32,
        "num_layers": 2,
        "dropout": 0.42523553921261953,
        "learning_rate": 0.0019873191563582124,
        "batch_size": 16,
        "nhead": 4,
        "weight_decay": 0.007932969183713294
    }
}