{
    "svm": {
        "tol": 0.01,
        "probability": true,
        "kernel": "rbf",
        "gamma": 0.1,
        "class_weight": "balanced",
        "C": 100.0
    },
    "logistic_regression": {
        "tol": 0.01,
        "solver": "newton-cg",
        "random_state": 42,
        "max_iter": 3000,
        "class_weight": "balanced",
        "C": 1.0
    },
    "lstm": {
        "hidden_size": 51,
        "num_layers": 1,
        "dropout": 0.4225574267373888,
        "learning_rate": 0.0005839537456749337,
        "batch_size": 32,
        "weight_decay": 0.00460777881987964
    },
    "transformer": {
        "d_model": 76,
        "num_layers": 1,
        "dropout": 0.3796007833112595,
        "learning_rate": 0.0009610133009703911,
        "batch_size": 32,
        "nhead": 4,
        "weight_decay": 0.001054679314626225
    }
}