{
    "svm": {
        "tol": 0.01,
        "probability": true,
        "kernel": "linear",
        "gamma": 0.01,
        "class_weight": "balanced",
        "C": 1.0
    },
    "logistic_regression": {
        "tol": 1.0,
        "solver": "saga",
        "random_state": 42,
        "max_iter": 1000,
        "class_weight": "balanced",
        "C": 0.0001
    },
    "lstm": {
        "hidden_size": 69,
        "num_layers": 2,
        "dropout": 0.4508534936013079,
        "learning_rate": 0.0012812110532883923,
        "batch_size": 16,
        "weight_decay": 0.001075893797901995
    },
    "transformer": {
        "d_model": 37,
        "num_layers": 2,
        "dropout": 0.41425045527554066,
        "learning_rate": 0.0014346430561676816,
        "batch_size": 16,
        "nhead": 2,
        "weight_decay": 0.00200209247843591
    }
}