{
    "svm": {
        "tol": 0.01,
        "probability": true,
        "kernel": "rbf",
        "gamma": 0.1,
        "class_weight": "balanced",
        "C": 100.0
    },
    "logistic_regression": {
        "tol": 0.01,
        "solver": "newton-cg",
        "random_state": 42,
        "max_iter": 2000,
        "class_weight": "balanced",
        "C": 100.0
    },
    "lstm": {
        "hidden_size": 61,
        "num_layers": 1,
        "dropout": 0.35060412715722183,
        "learning_rate": 0.0005349448889206899,
        "batch_size": 32,
        "weight_decay": 0.0010011792608741162
    },
    "transformer": {
        "d_model": 33,
        "num_layers": 1,
        "dropout": 0.21643982451087576,
        "learning_rate": 0.0005463169665967353,
        "batch_size": 32,
        "nhead": 2,
        "weight_decay": 0.00142808824128304
    }
}