{
    "svm": {
        "tol": 0.01,
        "probability": true,
        "kernel": "linear",
        "gamma": 0.0001,
        "class_weight": null,
        "C": 1.0
    },
    "logistic_regression": {
        "tol": 0.01,
        "solver": "lbfgs",
        "random_state": 42,
        "max_iter": 2000,
        "class_weight": "balanced",
        "C": 100.0
    },
    "lstm": {
        "hidden_size": 36,
        "num_layers": 1,
        "dropout": 0.3043378192228021,
        "learning_rate": 0.0009076970043523636,
        "batch_size": 64,
        "weight_decay": 0.001431210501377398
    },
    "transformer": {
        "d_model": 64,
        "num_layers": 1,
        "dropout": 0.27221600913906435,
        "learning_rate": 0.0005867888633036313,
        "batch_size": 64,
        "nhead": 2,
        "weight_decay": 0.0014582333403064937
    }
}