{
    "svm": {
        "tol": 0.01,
        "probability": true,
        "kernel": "rbf",
        "gamma": 0.1,
        "class_weight": "balanced",
        "C": 100.0
    },
    "logistic_regression": {
        "tol": 0.01,
        "solver": "newton-cg",
        "random_state": 42,
        "max_iter": 1000,
        "class_weight": null,
        "C": 100.0
    },
    "lstm": {
        "hidden_size": 73,
        "num_layers": 1,
        "dropout": 0.2147362629458318,
        "learning_rate": 0.0007532033626002909,
        "batch_size": 32,
        "weight_decay": 0.0006603309350310178
    },
    "transformer": {
        "d_model": 71,
        "num_layers": 1,
        "dropout": 0.27750750961202975,
        "learning_rate": 0.0010974713596340112,
        "batch_size": 16,
        "nhead": 4,
        "weight_decay": 0.0023228949702651523
    }
}