{
    "svm": {
        "tol": 1.0,
        "probability": true,
        "kernel": "poly",
        "gamma": 0.1,
        "class_weight": null,
        "C": 0.01
    },
    "logistic_regression": {
        "tol": 1.0,
        "solver": "sag",
        "random_state": 42,
        "max_iter": 3000,
        "class_weight": "balanced",
        "C": 0.01
    },
    "lstm": {
        "hidden_size": 32,
        "num_layers": 2,
        "dropout": 0.4133118036822725,
        "learning_rate": 0.0005106361139092562,
        "batch_size": 64,
        "weight_decay": 0.0010779934433639733
    },
    "transformer": {
        "d_model": 65,
        "num_layers": 1,
        "dropout": 0.4252444666205012,
        "learning_rate": 0.0007746500896114408,
        "batch_size": 64,
        "nhead": 4,
        "weight_decay": 0.009416470620986115
    }
}