{
    "svm": {
        "tol": 1.0,
        "probability": true,
        "kernel": "linear",
        "gamma": 0.01,
        "class_weight": null,
        "C": 1.0
    },
    "logistic_regression": {
        "tol": 0.01,
        "solver": "lbfgs",
        "random_state": 42,
        "max_iter": 2000,
        "class_weight": null,
        "C": 10.0
    },
    "lstm": {
        "hidden_size": 53,
        "num_layers": 1,
        "dropout": 0.24154033389673774,
        "learning_rate": 0.0006218948464271321,
        "batch_size": 64,
        "weight_decay": 0.004793455223868302
    },
    "transformer": {
        "d_model": 46,
        "num_layers": 1,
        "dropout": 0.28744550052708895,
        "learning_rate": 0.000569696636595296,
        "batch_size": 32,
        "nhead": 4,
        "weight_decay": 0.004501522530863788
    }
}