{
    "svm": {
        "tol": 0.01,
        "probability": true,
        "kernel": "rbf",
        "gamma": 0.1,
        "class_weight": "balanced",
        "C": 100.0
    },
    "logistic_regression": {
        "tol": 0.01,
        "solver": "newton-cg",
        "random_state": 42,
        "max_iter": 2000,
        "class_weight": "balanced",
        "C": 100.0
    },
    "lstm": {
        "hidden_size": 77,
        "num_layers": 1,
        "dropout": 0.41198415663700894,
        "learning_rate": 0.0008252351674220581,
        "batch_size": 64,
        "weight_decay": 0.0001062964330984281
    },
    "transformer": {
        "d_model": 33,
        "num_layers": 1,
        "dropout": 0.32354406246215744,
        "learning_rate": 0.000590026641654002,
        "batch_size": 32,
        "nhead": 2,
        "weight_decay": 0.0021531665722650272
    }
}