{
    "svm": {
        "tol": 1.0,
        "probability": true,
        "kernel": "linear",
        "gamma": 0.01,
        "class_weight": "balanced",
        "C": 10.0
    },
    "logistic_regression": {
        "tol": 0.1,
        "solver": "sag",
        "random_state": 42,
        "max_iter": 1000,
        "class_weight": null,
        "C": 1.0
    },
    "lstm": {
        "hidden_size": 48,
        "num_layers": 2,
        "dropout": 0.4694458639336551,
        "learning_rate": 0.0006072613532034483,
        "batch_size": 32,
        "weight_decay": 0.0003895043360294175
    },
    "transformer": {
        "d_model": 72,
        "num_layers": 2,
        "dropout": 0.49657636013621115,
        "learning_rate": 0.0008368277858146313,
        "batch_size": 32,
        "nhead": 4,
        "weight_decay": 0.0033786043206169504
    }
}