{
    "svm": {
        "tol": 0.01,
        "probability": true,
        "kernel": "linear",
        "gamma": 0.0001,
        "class_weight": null,
        "C": 1.0
    },
    "logistic_regression": {
        "tol": 0.01,
        "solver": "lbfgs",
        "random_state": 42,
        "max_iter": 3000,
        "class_weight": null,
        "C": 100.0
    },
    "lstm": {
        "hidden_size": 37,
        "num_layers": 1,
        "dropout": 0.4035003963305538,
        "learning_rate": 0.0009364113096079263,
        "batch_size": 64,
        "weight_decay": 0.0040368014795338246
    },
    "transformer": {
        "d_model": 35,
        "num_layers": 2,
        "dropout": 0.4000115426491019,
        "learning_rate": 0.0006769862975956319,
        "batch_size": 64,
        "nhead": 4,
        "weight_decay": 0.003713133904647958
    }
}