{
    "svm": {
        "tol": 0.1,
        "probability": true,
        "kernel": "rbf",
        "gamma": 0.001,
        "class_weight": null,
        "C": 10.0
    },
    "logistic_regression": {
        "tol": 0.01,
        "solver": "saga",
        "random_state": 42,
        "max_iter": 2000,
        "class_weight": null,
        "C": 100.0
    },
    "lstm": {
        "hidden_size": 87,
        "num_layers": 1,
        "dropout": 0.4811672663081138,
        "learning_rate": 0.000500916789839015,
        "batch_size": 64,
        "weight_decay": 0.00014254261873979421
    },
    "transformer": {
        "d_model": 54,
        "num_layers": 1,
        "dropout": 0.3854419914484559,
        "learning_rate": 0.0005377535797190967,
        "batch_size": 32,
        "nhead": 4,
        "weight_decay": 0.00187294743509646
    }
}