{
    "svm": {
        "tol": 0.01,
        "probability": true,
        "kernel": "rbf",
        "gamma": 0.1,
        "class_weight": "balanced",
        "C": 100.0
    },
    "logistic_regression": {
        "tol": 0.01,
        "solver": "lbfgs",
        "random_state": 42,
        "max_iter": 3000,
        "class_weight": null,
        "C": 100.0
    },
    "lstm": {
        "hidden_size": 34,
        "num_layers": 1,
        "dropout": 0.2570655595963429,
        "learning_rate": 0.0009559272906245172,
        "batch_size": 64,
        "weight_decay": 0.0010665023629400233
    },
    "transformer": {
        "d_model": 56,
        "num_layers": 1,
        "dropout": 0.29893111491526403,
        "learning_rate": 0.0006054223651581982,
        "batch_size": 32,
        "nhead": 2,
        "weight_decay": 0.0007486792643456962
    }
}