{
    "svm": {
        "tol": 0.01,
        "probability": true,
        "kernel": "rbf",
        "gamma": 0.1,
        "class_weight": "balanced",
        "C": 100.0
    },
    "logistic_regression": {
        "tol": 0.01,
        "solver": "lbfgs",
        "random_state": 42,
        "max_iter": 2000,
        "class_weight": "balanced",
        "C": 100.0
    },
    "lstm": {
        "hidden_size": 52,
        "num_layers": 1,
        "dropout": 0.25823279118045783,
        "learning_rate": 0.0007298531842715205,
        "batch_size": 64,
        "weight_decay": 0.003689613756064891
    },
    "transformer": {
        "d_model": 76,
        "num_layers": 2,
        "dropout": 0.4198490688643189,
        "learning_rate": 0.0009612535627571923,
        "batch_size": 16,
        "nhead": 2,
        "weight_decay": 0.00023316869783429614
    }
}