{
    "svm": {
        "tol": 1.0,
        "probability": true,
        "kernel": "poly",
        "gamma": 0.01,
        "class_weight": null,
        "C": 10.0
    },
    "logistic_regression": {
        "tol": 0.01,
        "solver": "newton-cg",
        "random_state": 42,
        "max_iter": 2000,
        "class_weight": "balanced",
        "C": 100.0
    },
    "lstm": {
        "hidden_size": 91,
        "num_layers": 2,
        "dropout": 0.2445398856647612,
        "learning_rate": 0.0012846431913099898,
        "batch_size": 32,
        "weight_decay": 0.004129187360381235
    },
    "transformer": {
        "d_model": 47,
        "num_layers": 2,
        "dropout": 0.49689884434284637,
        "learning_rate": 0.0007807577788760115,
        "batch_size": 16,
        "nhead": 4,
        "weight_decay": 0.00012160357631680788
    }
}