{
    "svm": {
        "tol": 0.01,
        "probability": true,
        "kernel": "rbf",
        "gamma": 0.1,
        "class_weight": "balanced",
        "C": 100.0
    },
    "logistic_regression": {
        "tol": 0.01,
        "solver": "newton-cg",
        "random_state": 42,
        "max_iter": 2000,
        "class_weight": "balanced",
        "C": 100.0
    },
    "lstm": {
        "hidden_size": 33,
        "num_layers": 1,
        "dropout": 0.4529983703373832,
        "learning_rate": 0.0006116783695524227,
        "batch_size": 32,
        "weight_decay": 0.001060447271762187
    },
    "transformer": {
        "d_model": 76,
        "num_layers": 2,
        "dropout": 0.42921021444479035,
        "learning_rate": 0.0015581184126880155,
        "batch_size": 64,
        "nhead": 2,
        "weight_decay": 0.0013149508613417083
    }
}