{
    "svm": {
        "tol": 0.1,
        "probability": true,
        "kernel": "rbf",
        "gamma": 0.001,
        "class_weight": null,
        "C": 10.0
    },
    "logistic_regression": {
        "tol": 0.01,
        "solver": "newton-cg",
        "random_state": 42,
        "max_iter": 3000,
        "class_weight": "balanced",
        "C": 1.0
    },
    "lstm": {
        "hidden_size": 54,
        "num_layers": 1,
        "dropout": 0.2882805939323545,
        "learning_rate": 0.0005859914415208641,
        "batch_size": 64,
        "weight_decay": 0.006772336744689302
    },
    "transformer": {
        "d_model": 96,
        "num_layers": 2,
        "dropout": 0.2278295975716696,
        "learning_rate": 0.0013266826407928689,
        "batch_size": 16,
        "nhead": 4,
        "weight_decay": 0.00010906992325679912
    }
}