{
    "svm": {
        "tol": 0.01,
        "probability": true,
        "kernel": "linear",
        "gamma": 0.0001,
        "class_weight": null,
        "C": 1.0
    },
    "logistic_regression": {
        "tol": 0.01,
        "solver": "newton-cg",
        "random_state": 42,
        "max_iter": 2000,
        "class_weight": "balanced",
        "C": 100.0
    },
    "lstm": {
        "hidden_size": 64,
        "num_layers": 2,
        "dropout": 0.4071597260307416,
        "learning_rate": 0.0014287566858930778,
        "batch_size": 16,
        "weight_decay": 0.00048343552002526725
    },
    "transformer": {
        "d_model": 68,
        "num_layers": 2,
        "dropout": 0.29925758211007303,
        "learning_rate": 0.001176572660234757,
        "batch_size": 16,
        "nhead": 4,
        "weight_decay": 0.0011729660549837954
    }
}