{
    "svm": {
        "tol": 0.01,
        "probability": true,
        "kernel": "rbf",
        "gamma": 0.1,
        "class_weight": "balanced",
        "C": 100.0
    },
    "logistic_regression": {
        "tol": 1.0,
        "solver": "sag",
        "random_state": 42,
        "max_iter": 3000,
        "class_weight": null,
        "C": 0.0001
    },
    "lstm": {
        "hidden_size": 32,
        "num_layers": 2,
        "dropout": 0.4989734409475957,
        "learning_rate": 0.0007722137512060708,
        "batch_size": 64,
        "weight_decay": 0.00010178490182384034
    },
    "transformer": {
        "d_model": 94,
        "num_layers": 2,
        "dropout": 0.3435698094001795,
        "learning_rate": 0.0008392880322978597,
        "batch_size": 16,
        "nhead": 2,
        "weight_decay": 0.006567162209038895
    }
}