{
    "svm": {
        "tol": 0.01,
        "probability": true,
        "kernel": "rbf",
        "gamma": 0.1,
        "class_weight": "balanced",
        "C": 100.0
    },
    "logistic_regression": {
        "tol": 0.01,
        "solver": "newton-cg",
        "random_state": 42,
        "max_iter": 3000,
        "class_weight": "balanced",
        "C": 1.0
    },
    "lstm": {
        "hidden_size": 50,
        "num_layers": 1,
        "dropout": 0.38621932038606077,
        "learning_rate": 0.0009295269259649761,
        "batch_size": 64,
        "weight_decay": 0.00024389962041696488
    },
    "transformer": {
        "d_model": 73,
        "num_layers": 2,
        "dropout": 0.3949195879883503,
        "learning_rate": 0.0007872226934483388,
        "batch_size": 64,
        "nhead": 2,
        "weight_decay": 0.006141797388217194
    }
}