{
    "svm": {
        "tol": 0.01,
        "probability": true,
        "kernel": "rbf",
        "gamma": 0.1,
        "class_weight": "balanced",
        "C": 100.0
    },
    "logistic_regression": {
        "tol": 0.01,
        "solver": "newton-cg",
        "random_state": 42,
        "max_iter": 3000,
        "class_weight": "balanced",
        "C": 10.0
    },
    "lstm": {
        "hidden_size": 93,
        "num_layers": 2,
        "dropout": 0.4993646458496498,
        "learning_rate": 0.001953726856096157,
        "batch_size": 16,
        "weight_decay": 0.0003557761258804744
    },
    "transformer": {
        "d_model": 81,
        "num_layers": 2,
        "dropout": 0.27278884131969755,
        "learning_rate": 0.0019422176489859375,
        "batch_size": 16,
        "nhead": 2,
        "weight_decay": 0.0002465080465587276
    }
}