{
    "svm": {
        "tol": 1.0,
        "probability": true,
        "kernel": "poly",
        "gamma": 0.1,
        "class_weight": null,
        "C": 0.01
    },
    "logistic_regression": {
        "tol": 0.01,
        "solver": "newton-cg",
        "random_state": 42,
        "max_iter": 3000,
        "class_weight": "balanced",
        "C": 1.0
    },
    "lstm": {
        "hidden_size": 36,
        "num_layers": 1,
        "dropout": 0.4728139135852383,
        "learning_rate": 0.0006973103869250878,
        "batch_size": 64,
        "weight_decay": 0.006893401292862557
    },
    "transformer": {
        "d_model": 39,
        "num_layers": 1,
        "dropout": 0.3089051264027534,
        "learning_rate": 0.0005630915665932947,
        "batch_size": 64,
        "nhead": 2,
        "weight_decay": 0.0011964162090823637
    }
}