{
    "svm": {
        "tol": 1.0,
        "probability": true,
        "kernel": "linear",
        "gamma": 0.01,
        "class_weight": null,
        "C": 1.0
    },
    "logistic_regression": {
        "tol": 0.01,
        "solver": "newton-cg",
        "random_state": 42,
        "max_iter": 3000,
        "class_weight": "balanced",
        "C": 10.0
    },
    "lstm": {
        "hidden_size": 65,
        "num_layers": 1,
        "dropout": 0.4810080386668918,
        "learning_rate": 0.0005598110441961497,
        "batch_size": 64,
        "weight_decay": 0.002045499329575749
    },
    "transformer": {
        "d_model": 78,
        "num_layers": 2,
        "dropout": 0.4753932005332226,
        "learning_rate": 0.0009278192967197945,
        "batch_size": 16,
        "nhead": 2,
        "weight_decay": 0.0014690378684300174
    }
}