{
    "svm": {
        "tol": 0.01,
        "probability": true,
        "kernel": "rbf",
        "gamma": 0.1,
        "class_weight": "balanced",
        "C": 100.0
    },
    "logistic_regression": {
        "tol": 0.01,
        "solver": "newton-cg",
        "random_state": 42,
        "max_iter": 3000,
        "class_weight": "balanced",
        "C": 10.0
    },
    "lstm": {
        "hidden_size": 42,
        "num_layers": 1,
        "dropout": 0.3483288368951961,
        "learning_rate": 0.0011698203756127779,
        "batch_size": 16,
        "weight_decay": 0.0002072808065629521
    },
    "transformer": {
        "d_model": 88,
        "num_layers": 2,
        "dropout": 0.4606520115854982,
        "learning_rate": 0.001319844629169955,
        "batch_size": 16,
        "nhead": 4,
        "weight_decay": 0.0006471254813086336
    }
}