{
    "svm": {
        "tol": 0.01,
        "probability": true,
        "kernel": "rbf",
        "gamma": 0.1,
        "class_weight": "balanced",
        "C": 100.0
    },
    "logistic_regression": {
        "tol": 0.01,
        "solver": "newton-cg",
        "random_state": 42,
        "max_iter": 3000,
        "class_weight": "balanced",
        "C": 10.0
    },
    "lstm": {
        "hidden_size": 66,
        "num_layers": 2,
        "dropout": 0.2497273686258234,
        "learning_rate": 0.0005521498824678667,
        "batch_size": 16,
        "weight_decay": 0.00020915226307356176
    },
    "transformer": {
        "d_model": 91,
        "num_layers": 2,
        "dropout": 0.41104100571477775,
        "learning_rate": 0.0017319596280556862,
        "batch_size": 16,
        "nhead": 2,
        "weight_decay": 0.00028569994580554005
    }
}