{
    "svm": {
        "tol": 0.01,
        "probability": true,
        "kernel": "rbf",
        "gamma": 0.1,
        "class_weight": "balanced",
        "C": 100.0
    },
    "logistic_regression": {
        "tol": 0.01,
        "solver": "lbfgs",
        "random_state": 42,
        "max_iter": 2000,
        "class_weight": null,
        "C": 10.0
    },
    "lstm": {
        "hidden_size": 69,
        "num_layers": 1,
        "dropout": 0.2256581518496743,
        "learning_rate": 0.000990563101402035,
        "batch_size": 32,
        "weight_decay": 0.0007719679879787233
    },
    "transformer": {
        "d_model": 55,
        "num_layers": 2,
        "dropout": 0.44657178591091784,
        "learning_rate": 0.0006624060596271647,
        "batch_size": 16,
        "nhead": 2,
        "weight_decay": 0.007490784330572694
    }
}