{
    "svm": {
        "tol": 0.01,
        "probability": true,
        "kernel": "rbf",
        "gamma": 0.1,
        "class_weight": "balanced",
        "C": 100.0
    },
    "logistic_regression": {
        "tol": 0.01,
        "solver": "lbfgs",
        "random_state": 42,
        "max_iter": 3000,
        "class_weight": null,
        "C": 100.0
    },
    "lstm": {
        "hidden_size": 58,
        "num_layers": 1,
        "dropout": 0.24854981562939207,
        "learning_rate": 0.0005439093065614677,
        "batch_size": 64,
        "weight_decay": 0.00022094582507792445
    },
    "transformer": {
        "d_model": 56,
        "num_layers": 1,
        "dropout": 0.29523910512670937,
        "learning_rate": 0.0013033329793233639,
        "batch_size": 16,
        "nhead": 4,
        "weight_decay": 0.0005107913469727235
    }
}