{
    "svm": {
        "tol": 0.01,
        "probability": true,
        "kernel": "rbf",
        "gamma": 0.1,
        "class_weight": "balanced",
        "C": 100.0
    },
    "logistic_regression": {
        "tol": 0.01,
        "solver": "sag",
        "random_state": 42,
        "max_iter": 3000,
        "class_weight": null,
        "C": 100.0
    },
    "lstm": {
        "hidden_size": 32,
        "num_layers": 2,
        "dropout": 0.2806584552340656,
        "learning_rate": 0.0005708761614541715,
        "batch_size": 64,
        "weight_decay": 0.001743959129598366
    },
    "transformer": {
        "d_model": 84,
        "num_layers": 1,
        "dropout": 0.46539634371636524,
        "learning_rate": 0.0009329650955529806,
        "batch_size": 16,
        "nhead": 2,
        "weight_decay": 0.0012681132057387097
    }
}