{
    "svm": {
        "tol": 1.0,
        "probability": true,
        "kernel": "poly",
        "gamma": 0.1,
        "class_weight": null,
        "C": 0.01
    },
    "logistic_regression": {
        "tol": 0.01,
        "solver": "lbfgs",
        "random_state": 42,
        "max_iter": 2000,
        "class_weight": "balanced",
        "C": 100.0
    },
    "lstm": {
        "hidden_size": 41,
        "num_layers": 1,
        "dropout": 0.3035310532951878,
        "learning_rate": 0.0005837980279551842,
        "batch_size": 64,
        "weight_decay": 0.008194660797274805
    },
    "transformer": {
        "d_model": 64,
        "num_layers": 1,
        "dropout": 0.3474045745980544,
        "learning_rate": 0.001079711277232727,
        "batch_size": 64,
        "nhead": 4,
        "weight_decay": 0.004219544748166089
    }
}