{
    "svm": {
        "tol": 1.0,
        "probability": true,
        "kernel": "linear",
        "gamma": 0.01,
        "class_weight": "balanced",
        "C": 10.0
    },
    "logistic_regression": {
        "tol": 0.01,
        "solver": "newton-cg",
        "random_state": 42,
        "max_iter": 2000,
        "class_weight": "balanced",
        "C": 100.0
    },
    "lstm": {
        "hidden_size": 74,
        "num_layers": 1,
        "dropout": 0.3654524846818549,
        "learning_rate": 0.0005664316589985526,
        "batch_size": 16,
        "weight_decay": 0.0012183234717004134
    },
    "transformer": {
        "d_model": 88,
        "num_layers": 1,
        "dropout": 0.36998124931062176,
        "learning_rate": 0.0006188912637254437,
        "batch_size": 64,
        "nhead": 2,
        "weight_decay": 0.00037463248601863887
    }
}