{
    "svm": {
        "tol": 0.01,
        "probability": true,
        "kernel": "rbf",
        "gamma": 0.1,
        "class_weight": "balanced",
        "C": 100.0
    },
    "logistic_regression": {
        "tol": 1.0,
        "solver": "sag",
        "random_state": 42,
        "max_iter": 3000,
        "class_weight": "balanced",
        "C": 0.01
    },
    "lstm": {
        "hidden_size": 90,
        "num_layers": 1,
        "dropout": 0.282922029985963,
        "learning_rate": 0.0019152985003738402,
        "batch_size": 16,
        "weight_decay": 0.0008078555852950734
    },
    "transformer": {
        "d_model": 54,
        "num_layers": 1,
        "dropout": 0.2877506074011259,
        "learning_rate": 0.001302707502136705,
        "batch_size": 16,
        "nhead": 2,
        "weight_decay": 0.00013575244822349648
    }
}