{
    "svm": {
        "tol": 1.0,
        "probability": true,
        "kernel": "poly",
        "gamma": 0.1,
        "class_weight": null,
        "C": 0.01
    },
    "logistic_regression": {
        "tol": 1.0,
        "solver": "sag",
        "random_state": 42,
        "max_iter": 3000,
        "class_weight": null,
        "C": 0.0001
    },
    "lstm": {
        "hidden_size": 62,
        "num_layers": 2,
        "dropout": 0.41610757650936336,
        "learning_rate": 0.0011236586076765248,
        "batch_size": 64,
        "weight_decay": 0.0021441413968990367
    },
    "transformer": {
        "d_model": 40,
        "num_layers": 1,
        "dropout": 0.21524504253404686,
        "learning_rate": 0.0005501006335644411,
        "batch_size": 64,
        "nhead": 4,
        "weight_decay": 0.0033639405905292927
    }
}