{
    "svm": {
        "tol": 0.01,
        "probability": true,
        "kernel": "rbf",
        "gamma": 0.1,
        "class_weight": "balanced",
        "C": 100.0
    },
    "logistic_regression": {
        "tol": 0.1,
        "solver": "saga",
        "random_state": 42,
        "max_iter": 3000,
        "class_weight": "balanced",
        "C": 10.0
    },
    "lstm": {
        "hidden_size": 78,
        "num_layers": 1,
        "dropout": 0.3055715235108661,
        "learning_rate": 0.001986046163334369,
        "batch_size": 32,
        "weight_decay": 0.007898643988437213
    },
    "transformer": {
        "d_model": 81,
        "num_layers": 2,
        "dropout": 0.31437677318329343,
        "learning_rate": 0.0007678640663708583,
        "batch_size": 16,
        "nhead": 4,
        "weight_decay": 0.005861233570014878
    }
}