{
    "svm": {
        "tol": 0.01,
        "probability": true,
        "kernel": "rbf",
        "gamma": 0.1,
        "class_weight": "balanced",
        "C": 100.0
    },
    "logistic_regression": {
        "tol": 0.1,
        "solver": "sag",
        "random_state": 42,
        "max_iter": 1000,
        "class_weight": null,
        "C": 100.0
    },
    "lstm": {
        "hidden_size": 49,
        "num_layers": 2,
        "dropout": 0.3315719708935767,
        "learning_rate": 0.0013583856724526469,
        "batch_size": 16,
        "weight_decay": 0.0010803363094884165
    },
    "transformer": {
        "d_model": 86,
        "num_layers": 2,
        "dropout": 0.3379441870046648,
        "learning_rate": 0.0010427121569250308,
        "batch_size": 16,
        "nhead": 2,
        "weight_decay": 0.0003881338438198215
    }
}