{
    "svm": {
        "tol": 0.1,
        "probability": true,
        "kernel": "linear",
        "gamma": 1.0,
        "class_weight": null,
        "C": 0.01
    },
    "logistic_regression": {
        "tol": 0.01,
        "solver": "saga",
        "random_state": 42,
        "max_iter": 2000,
        "class_weight": null,
        "C": 100.0
    },
    "lstm": {
        "hidden_size": 42,
        "num_layers": 2,
        "dropout": 0.42431029554425087,
        "learning_rate": 0.0005413450338185493,
        "batch_size": 64,
        "weight_decay": 0.005671374549530905
    },
    "transformer": {
        "d_model": 51,
        "num_layers": 1,
        "dropout": 0.38312032182653216,
        "learning_rate": 0.0011888045183331057,
        "batch_size": 64,
        "nhead": 4,
        "weight_decay": 0.0008022868753261675
    }
}