{
    "svm": {
        "tol": 1.0,
        "probability": true,
        "kernel": "poly",
        "gamma": 0.1,
        "class_weight": null,
        "C": 0.01
    },
    "logistic_regression": {
        "tol": 1.0,
        "solver": "sag",
        "random_state": 42,
        "max_iter": 3000,
        "class_weight": "balanced",
        "C": 0.01
    },
    "lstm": {
        "hidden_size": 50,
        "num_layers": 2,
        "dropout": 0.35205338361915334,
        "learning_rate": 0.000887727069250925,
        "batch_size": 16,
        "weight_decay": 0.0016362205418081624
    },
    "transformer": {
        "d_model": 87,
        "num_layers": 2,
        "dropout": 0.4730020982279879,
        "learning_rate": 0.001990866452820114,
        "batch_size": 32,
        "nhead": 4,
        "weight_decay": 0.00042606718935098083
    }
}