{
    "svm": {
        "tol": 0.01,
        "probability": true,
        "kernel": "rbf",
        "gamma": 0.1,
        "class_weight": "balanced",
        "C": 100.0
    },
    "logistic_regression": {
        "tol": 0.1,
        "solver": "saga",
        "random_state": 42,
        "max_iter": 3000,
        "class_weight": "balanced",
        "C": 1.0
    },
    "lstm": {
        "hidden_size": 33,
        "num_layers": 1,
        "dropout": 0.499750312122789,
        "learning_rate": 0.0008656737008979471,
        "batch_size": 64,
        "weight_decay": 0.0005098830981246292
    },
    "transformer": {
        "d_model": 64,
        "num_layers": 1,
        "dropout": 0.3931190453644745,
        "learning_rate": 0.0007896033557623139,
        "batch_size": 64,
        "nhead": 2,
        "weight_decay": 0.0003953136381742393
    }
}