{
    "svm": {
        "tol": 0.01,
        "probability": true,
        "kernel": "rbf",
        "gamma": 0.1,
        "class_weight": "balanced",
        "C": 100.0
    },
    "logistic_regression": {
        "tol": 0.01,
        "solver": "lbfgs",
        "random_state": 42,
        "max_iter": 2000,
        "class_weight": "balanced",
        "C": 100.0
    },
    "lstm": {
        "hidden_size": 37,
        "num_layers": 1,
        "dropout": 0.4340847901922871,
        "learning_rate": 0.000577367095347292,
        "batch_size": 64,
        "weight_decay": 0.0016170261488640187
    },
    "transformer": {
        "d_model": 54,
        "num_layers": 2,
        "dropout": 0.4718736782706046,
        "learning_rate": 0.000740102062975167,
        "batch_size": 64,
        "nhead": 2,
        "weight_decay": 0.007582296620814732
    }
}