{
    "svm": {
        "tol": 0.01,
        "probability": true,
        "kernel": "linear",
        "gamma": 0.0001,
        "class_weight": null,
        "C": 1.0
    },
    "logistic_regression": {
        "tol": 0.01,
        "solver": "newton-cg",
        "random_state": 42,
        "max_iter": 2000,
        "class_weight": "balanced",
        "C": 100.0
    },
    "lstm": {
        "hidden_size": 91,
        "num_layers": 1,
        "dropout": 0.31748703109693377,
        "learning_rate": 0.0014169349340399336,
        "batch_size": 64,
        "weight_decay": 0.001545819368904155
    },
    "transformer": {
        "d_model": 92,
        "num_layers": 1,
        "dropout": 0.33048074200728844,
        "learning_rate": 0.0011306828940588467,
        "batch_size": 64,
        "nhead": 4,
        "weight_decay": 0.00469239987950452
    }
}