{
    "svm": {
        "tol": 0.01,
        "probability": true,
        "kernel": "rbf",
        "gamma": 0.1,
        "class_weight": "balanced",
        "C": 100.0
    },
    "logistic_regression": {
        "tol": 0.01,
        "solver": "newton-cg",
        "random_state": 42,
        "max_iter": 2000,
        "class_weight": "balanced",
        "C": 100.0
    },
    "lstm": {
        "hidden_size": 71,
        "num_layers": 1,
        "dropout": 0.39860875919951594,
        "learning_rate": 0.0005814067457851847,
        "batch_size": 64,
        "weight_decay": 0.00013018190534891508
    },
    "transformer": {
        "d_model": 45,
        "num_layers": 2,
        "dropout": 0.413834177591051,
        "learning_rate": 0.0017504751148736738,
        "batch_size": 16,
        "nhead": 4,
        "weight_decay": 0.00024897763744688656
    }
}