{
    "svm": {
        "tol": 1.0,
        "probability": true,
        "kernel": "poly",
        "gamma": 0.1,
        "class_weight": null,
        "C": 0.01
    },
    "logistic_regression": {
        "tol": 0.01,
        "solver": "lbfgs",
        "random_state": 42,
        "max_iter": 2000,
        "class_weight": null,
        "C": 0.01
    },
    "lstm": {
        "hidden_size": 41,
        "num_layers": 1,
        "dropout": 0.4609158254472576,
        "learning_rate": 0.0007017165672180944,
        "batch_size": 64,
        "weight_decay": 0.0008482309289607963
    },
    "transformer": {
        "d_model": 37,
        "num_layers": 1,
        "dropout": 0.2945706354179538,
        "learning_rate": 0.0010744158952885757,
        "batch_size": 16,
        "nhead": 2,
        "weight_decay": 0.004116846178197312
    }
}