{
    "svm": {
        "tol": 0.1,
        "probability": true,
        "kernel": "rbf",
        "gamma": 0.001,
        "class_weight": null,
        "C": 10.0
    },
    "logistic_regression": {
        "tol": 0.1,
        "solver": "sag",
        "random_state": 42,
        "max_iter": 1000,
        "class_weight": null,
        "C": 1.0
    },
    "lstm": {
        "hidden_size": 36,
        "num_layers": 1,
        "dropout": 0.46178900562510744,
        "learning_rate": 0.0005794736276375209,
        "batch_size": 64,
        "weight_decay": 0.0035690572833711946
    },
    "transformer": {
        "d_model": 76,
        "num_layers": 1,
        "dropout": 0.4701116880859583,
        "learning_rate": 0.0006377003818739324,
        "batch_size": 32,
        "nhead": 2,
        "weight_decay": 0.00021809259433320984
    }
}