{
    "svm": {
        "tol": 1.0,
        "probability": true,
        "kernel": "poly",
        "gamma": 0.1,
        "class_weight": null,
        "C": 0.01
    },
    "logistic_regression": {
        "tol": 0.01,
        "solver": "lbfgs",
        "random_state": 42,
        "max_iter": 3000,
        "class_weight": null,
        "C": 0.0001
    },
    "lstm": {
        "hidden_size": 43,
        "num_layers": 2,
        "dropout": 0.46211384920244947,
        "learning_rate": 0.001760554472117081,
        "batch_size": 64,
        "weight_decay": 0.0037865537650813687
    },
    "transformer": {
        "d_model": 56,
        "num_layers": 2,
        "dropout": 0.2621718878226026,
        "learning_rate": 0.0011051630591295475,
        "batch_size": 16,
        "nhead": 2,
        "weight_decay": 0.003687881457129478
    }
}