{
    "svm": {
        "tol": 0.1,
        "probability": true,
        "kernel": "rbf",
        "gamma": 0.001,
        "class_weight": null,
        "C": 0.1
    },
    "logistic_regression": {
        "tol": 0.01,
        "solver": "newton-cg",
        "random_state": 42,
        "max_iter": 1000,
        "class_weight": "balanced",
        "C": 0.0001
    },
    "lstm": {
        "hidden_size": 90,
        "num_layers": 1,
        "dropout": 0.48434294715298326,
        "learning_rate": 0.0006457635147652814,
        "batch_size": 32,
        "weight_decay": 0.003826868600296919
    },
    "transformer": {
        "d_model": 81,
        "num_layers": 1,
        "dropout": 0.40231677632558926,
        "learning_rate": 0.0006223285378861055,
        "batch_size": 32,
        "nhead": 4,
        "weight_decay": 0.0010344978450705284
    }
}