{
    "svm": {
        "tol": 0.01,
        "probability": true,
        "kernel": "rbf",
        "gamma": 0.1,
        "class_weight": "balanced",
        "C": 100.0
    },
    "logistic_regression": {
        "tol": 0.01,
        "solver": "newton-cg",
        "random_state": 42,
        "max_iter": 1000,
        "class_weight": null,
        "C": 100.0
    },
    "lstm": {
        "hidden_size": 55,
        "num_layers": 2,
        "dropout": 0.45338078723922437,
        "learning_rate": 0.0018931303051691873,
        "batch_size": 16,
        "weight_decay": 0.0018311162391446663
    },
    "transformer": {
        "d_model": 76,
        "num_layers": 2,
        "dropout": 0.4853974759505908,
        "learning_rate": 0.001153560031440449,
        "batch_size": 16,
        "nhead": 2,
        "weight_decay": 0.00019680165628444855
    }
}