{
    "svm": {
        "tol": 0.01,
        "probability": true,
        "kernel": "rbf",
        "gamma": 0.1,
        "class_weight": "balanced",
        "C": 100.0
    },
    "logistic_regression": {
        "tol": 1.0,
        "solver": "saga",
        "random_state": 42,
        "max_iter": 1000,
        "class_weight": "balanced",
        "C": 1.0
    },
    "lstm": {
        "hidden_size": 82,
        "num_layers": 1,
        "dropout": 0.3028555029183203,
        "learning_rate": 0.0005538667216117073,
        "batch_size": 64,
        "weight_decay": 0.0006813599431743516
    },
    "transformer": {
        "d_model": 34,
        "num_layers": 2,
        "dropout": 0.43431319064492485,
        "learning_rate": 0.0005806601724413737,
        "batch_size": 16,
        "nhead": 4,
        "weight_decay": 0.004714825109895403
    }
}