{
    "svm": {
        "tol": 0.01,
        "probability": true,
        "kernel": "rbf",
        "gamma": 0.1,
        "class_weight": "balanced",
        "C": 100.0
    },
    "logistic_regression": {
        "tol": 0.01,
        "solver": "newton-cg",
        "random_state": 42,
        "max_iter": 2000,
        "class_weight": "balanced",
        "C": 100.0
    },
    "lstm": {
        "hidden_size": 84,
        "num_layers": 1,
        "dropout": 0.26275381753542615,
        "learning_rate": 0.001089176282066819,
        "batch_size": 16,
        "weight_decay": 0.00030792042447045433
    },
    "transformer": {
        "d_model": 63,
        "num_layers": 1,
        "dropout": 0.20440328713792233,
        "learning_rate": 0.001330125781808688,
        "batch_size": 16,
        "nhead": 2,
        "weight_decay": 0.0005401710060438551
    }
}