{
    "svm": {
        "tol": 10.0,
        "probability": true,
        "kernel": "poly",
        "gamma": 0.001,
        "class_weight": "balanced",
        "C": 0.0001
    },
    "logistic_regression": {
        "tol": 1.0,
        "solver": "sag",
        "random_state": 42,
        "max_iter": 3000,
        "class_weight": null,
        "C": 0.0001
    },
    "lstm": {
        "hidden_size": 96,
        "num_layers": 2,
        "dropout": 0.4985131116600495,
        "learning_rate": 0.001028026064499825,
        "batch_size": 64,
        "weight_decay": 0.004878675992470231
    },
    "transformer": {
        "d_model": 63,
        "num_layers": 2,
        "dropout": 0.3687762450527187,
        "learning_rate": 0.0014866836376621771,
        "batch_size": 64,
        "nhead": 2,
        "weight_decay": 0.0003007676891848178
    }
}