{
    "svm": {
        "tol": 1.0,
        "probability": true,
        "kernel": "linear",
        "gamma": 0.0001,
        "class_weight": null,
        "C": 10.0
    },
    "logistic_regression": {
        "tol": 0.01,
        "solver": "newton-cg",
        "random_state": 42,
        "max_iter": 2000,
        "class_weight": "balanced",
        "C": 100.0
    },
    "lstm": {
        "hidden_size": 55,
        "num_layers": 1,
        "dropout": 0.30535517575461196,
        "learning_rate": 0.0018286665778374134,
        "batch_size": 64,
        "weight_decay": 0.00484183241605243
    },
    "transformer": {
        "d_model": 41,
        "num_layers": 1,
        "dropout": 0.31751876530470335,
        "learning_rate": 0.0007968553548820664,
        "batch_size": 16,
        "nhead": 2,
        "weight_decay": 0.00017214989877644552
    }
}