{
    "svm": {
        "tol": 0.01,
        "probability": true,
        "kernel": "rbf",
        "gamma": 0.1,
        "class_weight": "balanced",
        "C": 100.0
    },
    "logistic_regression": {
        "tol": 0.01,
        "solver": "newton-cg",
        "random_state": 42,
        "max_iter": 3000,
        "class_weight": "balanced",
        "C": 10.0
    },
    "lstm": {
        "hidden_size": 75,
        "num_layers": 2,
        "dropout": 0.3242728908945866,
        "learning_rate": 0.0005006427455894142,
        "batch_size": 64,
        "weight_decay": 0.004618878901569825
    },
    "transformer": {
        "d_model": 77,
        "num_layers": 1,
        "dropout": 0.2592096623009032,
        "learning_rate": 0.0016591559127030954,
        "batch_size": 32,
        "nhead": 4,
        "weight_decay": 0.0001830609787804255
    }
}