{
    "svm": {
        "tol": 10.0,
        "probability": true,
        "kernel": "poly",
        "gamma": 0.001,
        "class_weight": "balanced",
        "C": 0.0001
    },
    "logistic_regression": {
        "tol": 0.1,
        "solver": "lbfgs",
        "random_state": 42,
        "max_iter": 2000,
        "class_weight": null,
        "C": 0.001
    },
    "lstm": {
        "hidden_size": 61,
        "num_layers": 1,
        "dropout": 0.44795615296308205,
        "learning_rate": 0.0007668894362096429,
        "batch_size": 16,
        "weight_decay": 0.003109207160349289
    },
    "transformer": {
        "d_model": 84,
        "num_layers": 2,
        "dropout": 0.2020762721059755,
        "learning_rate": 0.0007952775555511557,
        "batch_size": 64,
        "nhead": 2,
        "weight_decay": 0.002720350608384921
    }
}