{
    "svm": {
        "tol": 1.0,
        "probability": true,
        "kernel": "poly",
        "gamma": 0.1,
        "class_weight": null,
        "C": 0.01
    },
    "logistic_regression": {
        "tol": 0.01,
        "solver": "lbfgs",
        "random_state": 42,
        "max_iter": 2000,
        "class_weight": "balanced",
        "C": 100.0
    },
    "lstm": {
        "hidden_size": 65,
        "num_layers": 1,
        "dropout": 0.2633049505821505,
        "learning_rate": 0.0015884093779842071,
        "batch_size": 32,
        "weight_decay": 0.0006955500358434921
    },
    "transformer": {
        "d_model": 77,
        "num_layers": 1,
        "dropout": 0.25606406535893983,
        "learning_rate": 0.0011349189418350552,
        "batch_size": 64,
        "nhead": 4,
        "weight_decay": 0.0006580738179620605
    }
}