{
    "svm": {
        "tol": 0.01,
        "probability": true,
        "kernel": "rbf",
        "gamma": 0.1,
        "class_weight": "balanced",
        "C": 100.0
    },
    "logistic_regression": {
        "tol": 0.01,
        "solver": "newton-cg",
        "random_state": 42,
        "max_iter": 2000,
        "class_weight": "balanced",
        "C": 100.0
    },
    "lstm": {
        "hidden_size": 43,
        "num_layers": 1,
        "dropout": 0.3447474914335282,
        "learning_rate": 0.0009724811156115019,
        "batch_size": 64,
        "weight_decay": 0.00014166235875917566
    },
    "transformer": {
        "d_model": 41,
        "num_layers": 1,
        "dropout": 0.49956418180127843,
        "learning_rate": 0.0017257619054801838,
        "batch_size": 32,
        "nhead": 4,
        "weight_decay": 0.004256608558151411
    }
}