{
    "svm": {
        "tol": 1.0,
        "probability": true,
        "kernel": "poly",
        "gamma": 0.1,
        "class_weight": null,
        "C": 0.01
    },
    "logistic_regression": {
        "tol": 0.01,
        "solver": "lbfgs",
        "random_state": 42,
        "max_iter": 3000,
        "class_weight": null,
        "C": 100.0
    },
    "lstm": {
        "hidden_size": 41,
        "num_layers": 2,
        "dropout": 0.4347722331456014,
        "learning_rate": 0.0008194078250835921,
        "batch_size": 64,
        "weight_decay": 0.00019665869939776803
    },
    "transformer": {
        "d_model": 33,
        "num_layers": 2,
        "dropout": 0.2766701854817126,
        "learning_rate": 0.0017395418920880062,
        "batch_size": 16,
        "nhead": 2,
        "weight_decay": 0.006996338637237936
    }
}