{
    "svm": {
        "tol": 0.01,
        "probability": true,
        "kernel": "rbf",
        "gamma": 0.1,
        "class_weight": "balanced",
        "C": 100.0
    },
    "logistic_regression": {
        "tol": 0.01,
        "solver": "lbfgs",
        "random_state": 42,
        "max_iter": 3000,
        "class_weight": null,
        "C": 100.0
    },
    "lstm": {
        "hidden_size": 69,
        "num_layers": 2,
        "dropout": 0.4630624455693912,
        "learning_rate": 0.001189958947109009,
        "batch_size": 32,
        "weight_decay": 0.0005280852784572167
    },
    "transformer": {
        "d_model": 59,
        "num_layers": 2,
        "dropout": 0.3536134647275846,
        "learning_rate": 0.0005964522776010366,
        "batch_size": 64,
        "nhead": 4,
        "weight_decay": 0.0027442755407659663
    }
}