{
    "svm": {
        "tol": 1.0,
        "probability": true,
        "kernel": "linear",
        "gamma": 1.0,
        "class_weight": "balanced",
        "C": 0.1
    },
    "logistic_regression": {
        "tol": 0.01,
        "solver": "lbfgs",
        "random_state": 42,
        "max_iter": 2000,
        "class_weight": null,
        "C": 10.0
    },
    "lstm": {
        "hidden_size": 83,
        "num_layers": 2,
        "dropout": 0.24024964952408034,
        "learning_rate": 0.0019812760881544435,
        "batch_size": 64,
        "weight_decay": 0.005931147146646355
    },
    "transformer": {
        "d_model": 43,
        "num_layers": 1,
        "dropout": 0.46743661806495956,
        "learning_rate": 0.0009113579452329913,
        "batch_size": 16,
        "nhead": 2,
        "weight_decay": 0.0010090586394108805
    }
}