{
    "svm": {
        "tol": 0.01,
        "probability": true,
        "kernel": "linear",
        "gamma": 0.0001,
        "class_weight": null,
        "C": 1.0
    },
    "logistic_regression": {
        "tol": 0.01,
        "solver": "newton-cg",
        "random_state": 42,
        "max_iter": 2000,
        "class_weight": "balanced",
        "C": 100.0
    },
    "lstm": {
        "hidden_size": 43,
        "num_layers": 1,
        "dropout": 0.4523082884979029,
        "learning_rate": 0.0005835899131262669,
        "batch_size": 16,
        "weight_decay": 0.00027274015576813927
    },
    "transformer": {
        "d_model": 41,
        "num_layers": 2,
        "dropout": 0.4450340133377335,
        "learning_rate": 0.001040388844681299,
        "batch_size": 64,
        "nhead": 4,
        "weight_decay": 0.0007612709613548378
    }
}