{
    "svm": {
        "tol": 0.01,
        "probability": true,
        "kernel": "rbf",
        "gamma": 0.1,
        "class_weight": "balanced",
        "C": 100.0
    },
    "logistic_regression": {
        "tol": 0.01,
        "solver": "newton-cg",
        "random_state": 42,
        "max_iter": 2000,
        "class_weight": "balanced",
        "C": 100.0
    },
    "lstm": {
        "hidden_size": 53,
        "num_layers": 1,
        "dropout": 0.41148491228983325,
        "learning_rate": 0.0008691937798679968,
        "batch_size": 64,
        "weight_decay": 0.003019810154189786
    },
    "transformer": {
        "d_model": 81,
        "num_layers": 2,
        "dropout": 0.2829469531387479,
        "learning_rate": 0.0017089021594049398,
        "batch_size": 16,
        "nhead": 4,
        "weight_decay": 0.0011890594990824172
    }
}