{
    "svm": {
        "tol": 10.0,
        "probability": true,
        "kernel": "poly",
        "gamma": 0.001,
        "class_weight": "balanced",
        "C": 0.0001
    },
    "logistic_regression": {
        "tol": 0.1,
        "solver": "saga",
        "random_state": 42,
        "max_iter": 3000,
        "class_weight": null,
        "C": 0.0001
    },
    "lstm": {
        "hidden_size": 47,
        "num_layers": 1,
        "dropout": 0.2930008347618668,
        "learning_rate": 0.0005510934413068654,
        "batch_size": 64,
        "weight_decay": 0.0030782617938201673
    },
    "transformer": {
        "d_model": 59,
        "num_layers": 1,
        "dropout": 0.21156317893315163,
        "learning_rate": 0.00073245035586701,
        "batch_size": 16,
        "nhead": 2,
        "weight_decay": 0.00038346672420637483
    }
}