{
    "svm": {
        "tol": 0.01,
        "probability": true,
        "kernel": "rbf",
        "gamma": 0.1,
        "class_weight": "balanced",
        "C": 100.0
    },
    "logistic_regression": {
        "tol": 0.01,
        "solver": "newton-cg",
        "random_state": 42,
        "max_iter": 2000,
        "class_weight": "balanced",
        "C": 100.0
    },
    "lstm": {
        "hidden_size": 50,
        "num_layers": 1,
        "dropout": 0.36220169526982293,
        "learning_rate": 0.0005487769435219502,
        "batch_size": 16,
        "weight_decay": 0.00040510085296880586
    },
    "transformer": {
        "d_model": 94,
        "num_layers": 2,
        "dropout": 0.4990846630654674,
        "learning_rate": 0.000790284295164974,
        "batch_size": 16,
        "nhead": 2,
        "weight_decay": 0.00013685515608920823
    }
}