{
    "svm": {
        "tol": 0.01,
        "probability": true,
        "kernel": "rbf",
        "gamma": 0.1,
        "class_weight": "balanced",
        "C": 100.0
    },
    "logistic_regression": {
        "tol": 0.01,
        "solver": "newton-cg",
        "random_state": 42,
        "max_iter": 3000,
        "class_weight": null,
        "C": 10.0
    },
    "lstm": {
        "hidden_size": 58,
        "num_layers": 2,
        "dropout": 0.4385122452008163,
        "learning_rate": 0.0010201407386451413,
        "batch_size": 16,
        "weight_decay": 0.003477177608562756
    },
    "transformer": {
        "d_model": 59,
        "num_layers": 2,
        "dropout": 0.2199002024322058,
        "learning_rate": 0.0007381810593087262,
        "batch_size": 64,
        "nhead": 4,
        "weight_decay": 0.0001479598877310995
    }
}