{
    "svm": {
        "tol": 0.01,
        "probability": true,
        "kernel": "linear",
        "gamma": 0.0001,
        "class_weight": null,
        "C": 1.0
    },
    "logistic_regression": {
        "tol": 0.01,
        "solver": "newton-cg",
        "random_state": 42,
        "max_iter": 2000,
        "class_weight": "balanced",
        "C": 100.0
    },
    "lstm": {
        "hidden_size": 32,
        "num_layers": 2,
        "dropout": 0.4285674877849981,
        "learning_rate": 0.0017131480783128168,
        "batch_size": 16,
        "weight_decay": 0.0001038098757228111
    },
    "transformer": {
        "d_model": 57,
        "num_layers": 2,
        "dropout": 0.3106964901731957,
        "learning_rate": 0.000807400587239812,
        "batch_size": 16,
        "nhead": 2,
        "weight_decay": 0.0004738238719028757
    }
}