{
    "svm": {
        "tol": 0.01,
        "probability": true,
        "kernel": "rbf",
        "gamma": 0.1,
        "class_weight": "balanced",
        "C": 100.0
    },
    "logistic_regression": {
        "tol": 0.01,
        "solver": "lbfgs",
        "random_state": 42,
        "max_iter": 2000,
        "class_weight": null,
        "C": 10.0
    },
    "lstm": {
        "hidden_size": 84,
        "num_layers": 1,
        "dropout": 0.3959751594935092,
        "learning_rate": 0.0008355148091450912,
        "batch_size": 64,
        "weight_decay": 0.0016696051602243518
    },
    "transformer": {
        "d_model": 94,
        "num_layers": 1,
        "dropout": 0.28190339550545723,
        "learning_rate": 0.000696555577654258,
        "batch_size": 32,
        "nhead": 2,
        "weight_decay": 0.0019064180983242832
    }
}