{
    "svm": {
        "tol": 1.0,
        "probability": true,
        "kernel": "rbf",
        "gamma": 1e-05,
        "class_weight": "balanced",
        "C": 0.01
    },
    "logistic_regression": {
        "tol": 1.0,
        "solver": "sag",
        "random_state": 42,
        "max_iter": 3000,
        "class_weight": null,
        "C": 0.0001
    },
    "lstm": {
        "hidden_size": 40,
        "num_layers": 1,
        "dropout": 0.452684810086995,
        "learning_rate": 0.0013249138611143507,
        "batch_size": 64,
        "weight_decay": 0.000904498247575396
    },
    "transformer": {
        "d_model": 54,
        "num_layers": 1,
        "dropout": 0.4215875783664954,
        "learning_rate": 0.0005773286653421893,
        "batch_size": 64,
        "nhead": 2,
        "weight_decay": 0.00905597638578865
    }
}