{
    "svm": {
        "tol": 0.01,
        "probability": true,
        "kernel": "rbf",
        "gamma": 0.1,
        "class_weight": "balanced",
        "C": 100.0
    },
    "logistic_regression": {
        "tol": 0.01,
        "solver": "lbfgs",
        "random_state": 42,
        "max_iter": 3000,
        "class_weight": null,
        "C": 100.0
    },
    "lstm": {
        "hidden_size": 72,
        "num_layers": 2,
        "dropout": 0.38005084622162927,
        "learning_rate": 0.001666377797484413,
        "batch_size": 64,
        "weight_decay": 0.0001179681900792701
    },
    "transformer": {
        "d_model": 50,
        "num_layers": 1,
        "dropout": 0.20030177308421307,
        "learning_rate": 0.0005075945843281355,
        "batch_size": 64,
        "nhead": 2,
        "weight_decay": 0.009284654050204679
    }
}