{
    "svm": {
        "tol": 0.01,
        "probability": true,
        "kernel": "rbf",
        "gamma": 0.1,
        "class_weight": "balanced",
        "C": 100.0
    },
    "logistic_regression": {
        "tol": 0.01,
        "solver": "newton-cg",
        "random_state": 42,
        "max_iter": 3000,
        "class_weight": "balanced",
        "C": 1.0
    },
    "lstm": {
        "hidden_size": 64,
        "num_layers": 2,
        "dropout": 0.2378025779812375,
        "learning_rate": 0.0005848599686179125,
        "batch_size": 32,
        "weight_decay": 0.0010515852039967941
    },
    "transformer": {
        "d_model": 37,
        "num_layers": 1,
        "dropout": 0.2548955481537818,
        "learning_rate": 0.0013248841298084272,
        "batch_size": 16,
        "nhead": 4,
        "weight_decay": 0.0003438169301200934
    }
}