{
    "svm": {
        "tol": 0.01,
        "probability": true,
        "kernel": "rbf",
        "gamma": 0.1,
        "class_weight": "balanced",
        "C": 100.0
    },
    "logistic_regression": {
        "tol": 0.01,
        "solver": "lbfgs",
        "random_state": 42,
        "max_iter": 3000,
        "class_weight": null,
        "C": 100.0
    },
    "lstm": {
        "hidden_size": 85,
        "num_layers": 1,
        "dropout": 0.25826761968914164,
        "learning_rate": 0.0006972531147545,
        "batch_size": 16,
        "weight_decay": 0.004041497099578151
    },
    "transformer": {
        "d_model": 34,
        "num_layers": 2,
        "dropout": 0.25199531212262427,
        "learning_rate": 0.0013059224814873528,
        "batch_size": 32,
        "nhead": 4,
        "weight_decay": 0.0003603949756652836
    }
}