{
    "svm": {
        "tol": 0.01,
        "probability": true,
        "kernel": "linear",
        "gamma": 0.01,
        "class_weight": "balanced",
        "C": 1.0
    },
    "logistic_regression": {
        "tol": 0.01,
        "solver": "lbfgs",
        "random_state": 42,
        "max_iter": 2000,
        "class_weight": "balanced",
        "C": 100.0
    },
    "lstm": {
        "hidden_size": 32,
        "num_layers": 2,
        "dropout": 0.4192369866416771,
        "learning_rate": 0.0019791310601065737,
        "batch_size": 32,
        "weight_decay": 0.005640006196091401
    },
    "transformer": {
        "d_model": 68,
        "num_layers": 2,
        "dropout": 0.4454905344296317,
        "learning_rate": 0.0005027676132837248,
        "batch_size": 64,
        "nhead": 2,
        "weight_decay": 0.003237731555087334
    }
}