{
    "svm": {
        "tol": 0.1,
        "probability": true,
        "kernel": "rbf",
        "gamma": 0.001,
        "class_weight": null,
        "C": 10.0
    },
    "logistic_regression": {
        "tol": 0.1,
        "solver": "lbfgs",
        "random_state": 42,
        "max_iter": 2000,
        "class_weight": null,
        "C": 0.001
    },
    "lstm": {
        "hidden_size": 66,
        "num_layers": 1,
        "dropout": 0.25848708817455046,
        "learning_rate": 0.0005058425166474497,
        "batch_size": 16,
        "weight_decay": 0.007777503061468737
    },
    "transformer": {
        "d_model": 91,
        "num_layers": 2,
        "dropout": 0.2833264607177417,
        "learning_rate": 0.0013871227275994986,
        "batch_size": 32,
        "nhead": 2,
        "weight_decay": 0.003196587113847446
    }
}