{
    "svm": {
        "tol": 0.01,
        "probability": true,
        "kernel": "poly",
        "gamma": 0.01,
        "class_weight": null,
        "C": 100.0
    },
    "logistic_regression": {
        "tol": 0.01,
        "solver": "lbfgs",
        "random_state": 42,
        "max_iter": 2000,
        "class_weight": "balanced",
        "C": 100.0
    },
    "lstm": {
        "hidden_size": 38,
        "num_layers": 2,
        "dropout": 0.4249625016105028,
        "learning_rate": 0.0007343505329747602,
        "batch_size": 64,
        "weight_decay": 0.00010213157685313903
    },
    "transformer": {
        "d_model": 86,
        "num_layers": 2,
        "dropout": 0.3186076308864172,
        "learning_rate": 0.0005599641264189786,
        "batch_size": 64,
        "nhead": 4,
        "weight_decay": 0.0001638938366147131
    }
}