{
    "svm": {
        "tol": 0.01,
        "probability": true,
        "kernel": "rbf",
        "gamma": 0.1,
        "class_weight": "balanced",
        "C": 100.0
    },
    "logistic_regression": {
        "tol": 0.01,
        "solver": "newton-cg",
        "random_state": 42,
        "max_iter": 3000,
        "class_weight": null,
        "C": 10.0
    },
    "lstm": {
        "hidden_size": 54,
        "num_layers": 2,
        "dropout": 0.42231309884537127,
        "learning_rate": 0.0016471011826416331,
        "batch_size": 16,
        "weight_decay": 0.00013134786830957564
    },
    "transformer": {
        "d_model": 32,
        "num_layers": 1,
        "dropout": 0.45260945219740895,
        "learning_rate": 0.0007496475308303867,
        "batch_size": 32,
        "nhead": 2,
        "weight_decay": 0.0025582107797089727
    }
}