{
    "svm": {
        "tol": 0.01,
        "probability": true,
        "kernel": "rbf",
        "gamma": 0.1,
        "class_weight": "balanced",
        "C": 100.0
    },
    "logistic_regression": {
        "tol": 0.01,
        "solver": "lbfgs",
        "random_state": 42,
        "max_iter": 2000,
        "class_weight": "balanced",
        "C": 100.0
    },
    "lstm": {
        "hidden_size": 84,
        "num_layers": 2,
        "dropout": 0.449329119228769,
        "learning_rate": 0.000638155225024936,
        "batch_size": 64,
        "weight_decay": 0.0007393632478123549
    },
    "transformer": {
        "d_model": 51,
        "num_layers": 1,
        "dropout": 0.4045961074303355,
        "learning_rate": 0.001375225235571556,
        "batch_size": 32,
        "nhead": 4,
        "weight_decay": 0.009733109955183466
    }
}