{
    "svm": {
        "tol": 1.0,
        "probability": true,
        "kernel": "linear",
        "gamma": 0.01,
        "class_weight": null,
        "C": 1.0
    },
    "logistic_regression": {
        "tol": 0.01,
        "solver": "newton-cg",
        "random_state": 42,
        "max_iter": 3000,
        "class_weight": "balanced",
        "C": 1.0
    },
    "lstm": {
        "hidden_size": 58,
        "num_layers": 2,
        "dropout": 0.4991954423404007,
        "learning_rate": 0.0008083295510128948,
        "batch_size": 16,
        "weight_decay": 0.0008953261975993123
    },
    "transformer": {
        "d_model": 67,
        "num_layers": 1,
        "dropout": 0.423598795803117,
        "learning_rate": 0.001084189250122576,
        "batch_size": 64,
        "nhead": 2,
        "weight_decay": 0.00018460473478824197
    }
}