{
    "svm": {
        "tol": 0.1,
        "probability": true,
        "kernel": "rbf",
        "gamma": 0.001,
        "class_weight": null,
        "C": 10.0
    },
    "logistic_regression": {
        "tol": 0.01,
        "solver": "saga",
        "random_state": 42,
        "max_iter": 2000,
        "class_weight": null,
        "C": 100.0
    },
    "lstm": {
        "hidden_size": 44,
        "num_layers": 1,
        "dropout": 0.41298819243296303,
        "learning_rate": 0.0005160105533133181,
        "batch_size": 16,
        "weight_decay": 0.002400870037400146
    },
    "transformer": {
        "d_model": 58,
        "num_layers": 1,
        "dropout": 0.3356761889677511,
        "learning_rate": 0.0015020983600945734,
        "batch_size": 64,
        "nhead": 2,
        "weight_decay": 0.00010590381842160412
    }
}