{
    "svm": {
        "tol": 1.0,
        "probability": true,
        "kernel": "linear",
        "gamma": 0.0001,
        "class_weight": null,
        "C": 10.0
    },
    "logistic_regression": {
        "tol": 0.01,
        "solver": "newton-cg",
        "random_state": 42,
        "max_iter": 1000,
        "class_weight": null,
        "C": 100.0
    },
    "lstm": {
        "hidden_size": 40,
        "num_layers": 1,
        "dropout": 0.3669601667513009,
        "learning_rate": 0.0010171073254587942,
        "batch_size": 64,
        "weight_decay": 0.00413387388462153
    },
    "transformer": {
        "d_model": 40,
        "num_layers": 2,
        "dropout": 0.33280355731240746,
        "learning_rate": 0.0007337636150397618,
        "batch_size": 64,
        "nhead": 4,
        "weight_decay": 0.0008625208297160873
    }
}