{
    "svm": {
        "tol": 1.0,
        "probability": true,
        "kernel": "linear",
        "gamma": 1.0,
        "class_weight": "balanced",
        "C": 0.1
    },
    "logistic_regression": {
        "tol": 0.01,
        "solver": "saga",
        "random_state": 42,
        "max_iter": 1000,
        "class_weight": null,
        "C": 1.0
    },
    "lstm": {
        "hidden_size": 38,
        "num_layers": 2,
        "dropout": 0.49595202199840377,
        "learning_rate": 0.0010795487526936074,
        "batch_size": 16,
        "weight_decay": 0.0006646887522873103
    },
    "transformer": {
        "d_model": 38,
        "num_layers": 1,
        "dropout": 0.46699582190002015,
        "learning_rate": 0.0019226904904513112,
        "batch_size": 16,
        "nhead": 2,
        "weight_decay": 0.006618552062694717
    }
}