{
    "svm": {
        "tol": 1.0,
        "probability": true,
        "kernel": "linear",
        "gamma": 0.01,
        "class_weight": "balanced",
        "C": 10.0
    },
    "logistic_regression": {
        "tol": 0.01,
        "solver": "lbfgs",
        "random_state": 42,
        "max_iter": 2000,
        "class_weight": "balanced",
        "C": 100.0
    },
    "lstm": {
        "hidden_size": 71,
        "num_layers": 1,
        "dropout": 0.23087366943733836,
        "learning_rate": 0.0006875405351784889,
        "batch_size": 64,
        "weight_decay": 0.006210111428488075
    },
    "transformer": {
        "d_model": 49,
        "num_layers": 1,
        "dropout": 0.45813115235835195,
        "learning_rate": 0.0012196439755881349,
        "batch_size": 64,
        "nhead": 4,
        "weight_decay": 0.0007542160786272203
    }
}