{
    "svm": {
        "tol": 0.01,
        "probability": true,
        "kernel": "rbf",
        "gamma": 0.1,
        "class_weight": "balanced",
        "C": 100.0
    },
    "logistic_regression": {
        "tol": 0.01,
        "solver": "newton-cg",
        "random_state": 42,
        "max_iter": 3000,
        "class_weight": null,
        "C": 10.0
    },
    "lstm": {
        "hidden_size": 49,
        "num_layers": 2,
        "dropout": 0.38458208974579505,
        "learning_rate": 0.0005198598439580323,
        "batch_size": 64,
        "weight_decay": 0.00024659277035831063
    },
    "transformer": {
        "d_model": 46,
        "num_layers": 2,
        "dropout": 0.2894928087077211,
        "learning_rate": 0.000709752937598151,
        "batch_size": 32,
        "nhead": 2,
        "weight_decay": 0.0032033678889144736
    }
}