{
    "svm": {
        "tol": 1.0,
        "probability": true,
        "kernel": "linear",
        "gamma": 0.01,
        "class_weight": null,
        "C": 1.0
    },
    "logistic_regression": {
        "tol": 1.0,
        "solver": "sag",
        "random_state": 42,
        "max_iter": 3000,
        "class_weight": "balanced",
        "C": 0.01
    },
    "lstm": {
        "hidden_size": 32,
        "num_layers": 2,
        "dropout": 0.44369477951958886,
        "learning_rate": 0.0005497075988259829,
        "batch_size": 64,
        "weight_decay": 0.00018889492020160708
    },
    "transformer": {
        "d_model": 53,
        "num_layers": 1,
        "dropout": 0.3265097806246781,
        "learning_rate": 0.0005797954749488533,
        "batch_size": 64,
        "nhead": 2,
        "weight_decay": 0.003613170745222468
    }
}