{
    "svm": {
        "tol": 0.1,
        "probability": true,
        "kernel": "rbf",
        "gamma": 0.001,
        "class_weight": null,
        "C": 10.0
    },
    "logistic_regression": {
        "tol": 0.01,
        "solver": "sag",
        "random_state": 42,
        "max_iter": 3000,
        "class_weight": null,
        "C": 100.0
    },
    "lstm": {
        "hidden_size": 32,
        "num_layers": 1,
        "dropout": 0.4976806532917504,
        "learning_rate": 0.0007509712814809829,
        "batch_size": 32,
        "weight_decay": 0.0083196402836043
    },
    "transformer": {
        "d_model": 89,
        "num_layers": 2,
        "dropout": 0.23260965702351474,
        "learning_rate": 0.0016847860791899675,
        "batch_size": 16,
        "nhead": 4,
        "weight_decay": 0.0014280425087991845
    }
}