{
    "svm": {
        "tol": 0.01,
        "probability": true,
        "kernel": "rbf",
        "gamma": 0.1,
        "class_weight": "balanced",
        "C": 100.0
    },
    "logistic_regression": {
        "tol": 1.0,
        "solver": "sag",
        "random_state": 42,
        "max_iter": 2000,
        "class_weight": "balanced",
        "C": 10.0
    },
    "lstm": {
        "hidden_size": 34,
        "num_layers": 1,
        "dropout": 0.2599335612216334,
        "learning_rate": 0.0015540461245827956,
        "batch_size": 16,
        "weight_decay": 0.00043612982058450475
    },
    "transformer": {
        "d_model": 80,
        "num_layers": 1,
        "dropout": 0.3838644759892501,
        "learning_rate": 0.0009937470484819258,
        "batch_size": 32,
        "nhead": 2,
        "weight_decay": 0.0007713187276287266
    }
}