{
    "svm": {
        "tol": 0.01,
        "probability": true,
        "kernel": "rbf",
        "gamma": 0.1,
        "class_weight": "balanced",
        "C": 100.0
    },
    "logistic_regression": {
        "tol": 0.01,
        "solver": "lbfgs",
        "random_state": 42,
        "max_iter": 3000,
        "class_weight": null,
        "C": 100.0
    },
    "lstm": {
        "hidden_size": 74,
        "num_layers": 2,
        "dropout": 0.20777989966560553,
        "learning_rate": 0.0011620931885109999,
        "batch_size": 32,
        "weight_decay": 0.001299007376526021
    },
    "transformer": {
        "d_model": 52,
        "num_layers": 2,
        "dropout": 0.3060736917328293,
        "learning_rate": 0.0014442331406541503,
        "batch_size": 16,
        "nhead": 2,
        "weight_decay": 0.00032270604331457694
    }
}