{
    "svm": {
        "tol": 0.01,
        "probability": true,
        "kernel": "rbf",
        "gamma": 0.1,
        "class_weight": "balanced",
        "C": 100.0
    },
    "logistic_regression": {
        "tol": 0.01,
        "solver": "lbfgs",
        "random_state": 42,
        "max_iter": 3000,
        "class_weight": null,
        "C": 100.0
    },
    "lstm": {
        "hidden_size": 93,
        "num_layers": 2,
        "dropout": 0.27790489998240825,
        "learning_rate": 0.001859072010620274,
        "batch_size": 16,
        "weight_decay": 0.0006304315997552832
    },
    "transformer": {
        "d_model": 70,
        "num_layers": 2,
        "dropout": 0.31050052080706625,
        "learning_rate": 0.0014263338178533123,
        "batch_size": 32,
        "nhead": 4,
        "weight_decay": 0.0004421572558543901
    }
}