{
    "svm": {
        "tol": 0.01,
        "probability": true,
        "kernel": "rbf",
        "gamma": 0.1,
        "class_weight": "balanced",
        "C": 100.0
    },
    "logistic_regression": {
        "tol": 1.0,
        "solver": "saga",
        "random_state": 42,
        "max_iter": 1000,
        "class_weight": "balanced",
        "C": 0.0001
    },
    "lstm": {
        "hidden_size": 35,
        "num_layers": 2,
        "dropout": 0.3055361044160079,
        "learning_rate": 0.0006147587177526823,
        "batch_size": 16,
        "weight_decay": 0.004587502808302776
    },
    "transformer": {
        "d_model": 56,
        "num_layers": 2,
        "dropout": 0.31360134596384914,
        "learning_rate": 0.0016000870645489235,
        "batch_size": 16,
        "nhead": 2,
        "weight_decay": 0.0004359331078579665
    }
}