{
    "svm": {
        "tol": 1.0,
        "probability": true,
        "kernel": "poly",
        "gamma": 0.01,
        "class_weight": null,
        "C": 10.0
    },
    "logistic_regression": {
        "tol": 0.1,
        "solver": "saga",
        "random_state": 42,
        "max_iter": 3000,
        "class_weight": null,
        "C": 100.0
    },
    "lstm": {
        "hidden_size": 37,
        "num_layers": 1,
        "dropout": 0.3539602596582878,
        "learning_rate": 0.000875090286974758,
        "batch_size": 16,
        "weight_decay": 0.00034681002376682593
    },
    "transformer": {
        "d_model": 78,
        "num_layers": 1,
        "dropout": 0.429851650877205,
        "learning_rate": 0.0005555380529405579,
        "batch_size": 16,
        "nhead": 4,
        "weight_decay": 0.0008317467721397538
    }
}