{
    "svm": {
        "tol": 0.01,
        "probability": true,
        "kernel": "rbf",
        "gamma": 0.1,
        "class_weight": "balanced",
        "C": 100.0
    },
    "logistic_regression": {
        "tol": 0.01,
        "solver": "newton-cg",
        "random_state": 42,
        "max_iter": 2000,
        "class_weight": "balanced",
        "C": 100.0
    },
    "lstm": {
        "hidden_size": 92,
        "num_layers": 2,
        "dropout": 0.2762115995444719,
        "learning_rate": 0.0015145645615868121,
        "batch_size": 16,
        "weight_decay": 0.0015484197594049396
    },
    "transformer": {
        "d_model": 61,
        "num_layers": 2,
        "dropout": 0.2932571935760344,
        "learning_rate": 0.0005166757542925985,
        "batch_size": 32,
        "nhead": 4,
        "weight_decay": 0.00027259662007902584
    }
}