{
    "svm": {
        "tol": 0.01,
        "probability": true,
        "kernel": "rbf",
        "gamma": 0.1,
        "class_weight": "balanced",
        "C": 100.0
    },
    "logistic_regression": {
        "tol": 0.01,
        "solver": "newton-cg",
        "random_state": 42,
        "max_iter": 1000,
        "class_weight": null,
        "C": 100.0
    },
    "lstm": {
        "hidden_size": 34,
        "num_layers": 1,
        "dropout": 0.4502967090871344,
        "learning_rate": 0.0006885665333241122,
        "batch_size": 16,
        "weight_decay": 0.001115494719854271
    },
    "transformer": {
        "d_model": 45,
        "num_layers": 1,
        "dropout": 0.4742299872891219,
        "learning_rate": 0.0010270609575367244,
        "batch_size": 64,
        "nhead": 2,
        "weight_decay": 0.004111646859617817
    }
}