{
    "svm": {
        "tol": 0.01,
        "probability": true,
        "kernel": "rbf",
        "gamma": 0.1,
        "class_weight": "balanced",
        "C": 100.0
    },
    "logistic_regression": {
        "tol": 0.01,
        "solver": "sag",
        "random_state": 42,
        "max_iter": 3000,
        "class_weight": null,
        "C": 100.0
    },
    "lstm": {
        "hidden_size": 60,
        "num_layers": 1,
        "dropout": 0.47141191119723974,
        "learning_rate": 0.0007171877898974368,
        "batch_size": 64,
        "weight_decay": 0.005115400349533906
    },
    "transformer": {
        "d_model": 64,
        "num_layers": 1,
        "dropout": 0.474492669443978,
        "learning_rate": 0.000665461112294594,
        "batch_size": 64,
        "nhead": 4,
        "weight_decay": 0.00048687300101907667
    }
}