{
    "svm": {
        "tol": 0.01,
        "probability": true,
        "kernel": "rbf",
        "gamma": 0.1,
        "class_weight": "balanced",
        "C": 100.0
    },
    "logistic_regression": {
        "tol": 0.01,
        "solver": "newton-cg",
        "random_state": 42,
        "max_iter": 3000,
        "class_weight": "balanced",
        "C": 10.0
    },
    "lstm": {
        "hidden_size": 88,
        "num_layers": 2,
        "dropout": 0.4234896932212647,
        "learning_rate": 0.0007306295472308457,
        "batch_size": 16,
        "weight_decay": 0.0008451378929649767
    },
    "transformer": {
        "d_model": 84,
        "num_layers": 2,
        "dropout": 0.3369253731896936,
        "learning_rate": 0.0009832819341997025,
        "batch_size": 16,
        "nhead": 4,
        "weight_decay": 0.0061267109295941235
    }
}