{
    "svm": {
        "tol": 0.01,
        "probability": true,
        "kernel": "rbf",
        "gamma": 0.1,
        "class_weight": "balanced",
        "C": 100.0
    },
    "logistic_regression": {
        "tol": 0.01,
        "solver": "lbfgs",
        "random_state": 42,
        "max_iter": 2000,
        "class_weight": null,
        "C": 10.0
    },
    "lstm": {
        "hidden_size": 36,
        "num_layers": 2,
        "dropout": 0.4985585974228589,
        "learning_rate": 0.0006952797102778335,
        "batch_size": 64,
        "weight_decay": 0.0003542083968802049
    },
    "transformer": {
        "d_model": 70,
        "num_layers": 2,
        "dropout": 0.2557532508743324,
        "learning_rate": 0.0014567438161528989,
        "batch_size": 16,
        "nhead": 2,
        "weight_decay": 0.00040272261227103584
    }
}