{
    "svm": {
        "tol": 1.0,
        "probability": true,
        "kernel": "poly",
        "gamma": 0.1,
        "class_weight": null,
        "C": 0.01
    },
    "logistic_regression": {
        "tol": 0.1,
        "solver": "saga",
        "random_state": 42,
        "max_iter": 3000,
        "class_weight": "balanced",
        "C": 1.0
    },
    "lstm": {
        "hidden_size": 51,
        "num_layers": 1,
        "dropout": 0.24648668783576289,
        "learning_rate": 0.0005017744413509022,
        "batch_size": 32,
        "weight_decay": 0.00010556516737108865
    },
    "transformer": {
        "d_model": 44,
        "num_layers": 1,
        "dropout": 0.4009078885071185,
        "learning_rate": 0.0012393423347361186,
        "batch_size": 32,
        "nhead": 4,
        "weight_decay": 0.00042960972367149096
    }
}