{
    "svm": {
        "tol": 0.01,
        "probability": true,
        "kernel": "rbf",
        "gamma": 0.1,
        "class_weight": "balanced",
        "C": 100.0
    },
    "logistic_regression": {
        "tol": 0.01,
        "solver": "newton-cg",
        "random_state": 42,
        "max_iter": 2000,
        "class_weight": "balanced",
        "C": 100.0
    },
    "lstm": {
        "hidden_size": 42,
        "num_layers": 1,
        "dropout": 0.3856106808223713,
        "learning_rate": 0.0006294237550151022,
        "batch_size": 32,
        "weight_decay": 0.00023308613681523476
    },
    "transformer": {
        "d_model": 37,
        "num_layers": 1,
        "dropout": 0.28743075009350927,
        "learning_rate": 0.0007289047437179651,
        "batch_size": 32,
        "nhead": 4,
        "weight_decay": 0.0014078043049166207
    }
}