{
    "svm": {
        "tol": 1.0,
        "probability": true,
        "kernel": "poly",
        "gamma": 0.01,
        "class_weight": null,
        "C": 10.0
    },
    "logistic_regression": {
        "tol": 0.01,
        "solver": "newton-cg",
        "random_state": 42,
        "max_iter": 1000,
        "class_weight": "balanced",
        "C": 0.0001
    },
    "lstm": {
        "hidden_size": 32,
        "num_layers": 1,
        "dropout": 0.3803082756717591,
        "learning_rate": 0.0005588806690775053,
        "batch_size": 64,
        "weight_decay": 0.008247106334062776
    },
    "transformer": {
        "d_model": 75,
        "num_layers": 2,
        "dropout": 0.3269264292628265,
        "learning_rate": 0.0005344403509512018,
        "batch_size": 32,
        "nhead": 4,
        "weight_decay": 0.0003437313215258401
    }
}