{
    "svm": {
        "tol": 0.1,
        "probability": true,
        "kernel": "linear",
        "gamma": 1e-05,
        "class_weight": null,
        "C": 0.1
    },
    "logistic_regression": {
        "tol": 0.01,
        "solver": "newton-cg",
        "random_state": 42,
        "max_iter": 2000,
        "class_weight": "balanced",
        "C": 100.0
    },
    "lstm": {
        "hidden_size": 34,
        "num_layers": 1,
        "dropout": 0.3684241259405144,
        "learning_rate": 0.0009209316908814759,
        "batch_size": 32,
        "weight_decay": 0.0030628879488419133
    },
    "transformer": {
        "d_model": 57,
        "num_layers": 2,
        "dropout": 0.46728575678205697,
        "learning_rate": 0.0018493619919473152,
        "batch_size": 16,
        "nhead": 4,
        "weight_decay": 0.0013479651338585837
    }
}