{
    "svm": {
        "tol": 0.01,
        "probability": true,
        "kernel": "rbf",
        "gamma": 0.1,
        "class_weight": "balanced",
        "C": 100.0
    },
    "logistic_regression": {
        "tol": 1.0,
        "solver": "saga",
        "random_state": 42,
        "max_iter": 1000,
        "class_weight": "balanced",
        "C": 0.0001
    },
    "lstm": {
        "hidden_size": 43,
        "num_layers": 1,
        "dropout": 0.33993605724061293,
        "learning_rate": 0.0009651219300726213,
        "batch_size": 32,
        "weight_decay": 0.00010393742158761928
    },
    "transformer": {
        "d_model": 61,
        "num_layers": 2,
        "dropout": 0.2908941344312871,
        "learning_rate": 0.0013635048874864415,
        "batch_size": 16,
        "nhead": 2,
        "weight_decay": 0.006745666478614272
    }
}