{
    "svm": {
        "tol": 1.0,
        "probability": true,
        "kernel": "poly",
        "gamma": 0.1,
        "class_weight": null,
        "C": 0.01
    },
    "logistic_regression": {
        "tol": 0.01,
        "solver": "lbfgs",
        "random_state": 42,
        "max_iter": 2000,
        "class_weight": null,
        "C": 10.0
    },
    "lstm": {
        "hidden_size": 40,
        "num_layers": 1,
        "dropout": 0.2711105808101294,
        "learning_rate": 0.0007362642850064705,
        "batch_size": 64,
        "weight_decay": 0.006096870312204319
    },
    "transformer": {
        "d_model": 50,
        "num_layers": 2,
        "dropout": 0.2497958167943674,
        "learning_rate": 0.0005575163991884486,
        "batch_size": 64,
        "nhead": 4,
        "weight_decay": 0.00282973687562897
    }
}