{
    "svm": {
        "tol": 0.01,
        "probability": true,
        "kernel": "rbf",
        "gamma": 0.1,
        "class_weight": "balanced",
        "C": 100.0
    },
    "logistic_regression": {
        "tol": 0.01,
        "solver": "newton-cg",
        "random_state": 42,
        "max_iter": 3000,
        "class_weight": "balanced",
        "C": 1.0
    },
    "lstm": {
        "hidden_size": 43,
        "num_layers": 1,
        "dropout": 0.49512000332361317,
        "learning_rate": 0.0012856454979979235,
        "batch_size": 64,
        "weight_decay": 0.006132397230287916
    },
    "transformer": {
        "d_model": 68,
        "num_layers": 2,
        "dropout": 0.4391516816179945,
        "learning_rate": 0.0016077431949875272,
        "batch_size": 64,
        "nhead": 2,
        "weight_decay": 0.005713612553902154
    }
}