{
    "svm": {
        "tol": 0.01,
        "probability": true,
        "kernel": "rbf",
        "gamma": 0.1,
        "class_weight": "balanced",
        "C": 100.0
    },
    "logistic_regression": {
        "tol": 0.01,
        "solver": "lbfgs",
        "random_state": 42,
        "max_iter": 2000,
        "class_weight": "balanced",
        "C": 100.0
    },
    "lstm": {
        "hidden_size": 45,
        "num_layers": 2,
        "dropout": 0.31310082485830837,
        "learning_rate": 0.0006274171157330589,
        "batch_size": 16,
        "weight_decay": 0.00015012758880040707
    },
    "transformer": {
        "d_model": 64,
        "num_layers": 1,
        "dropout": 0.3520198621191948,
        "learning_rate": 0.001780995176581132,
        "batch_size": 16,
        "nhead": 2,
        "weight_decay": 0.0006345161054425703
    }
}