{
    "svm": {
        "tol": 0.01,
        "probability": true,
        "kernel": "rbf",
        "gamma": 0.1,
        "class_weight": "balanced",
        "C": 100.0
    },
    "logistic_regression": {
        "tol": 0.01,
        "solver": "newton-cg",
        "random_state": 42,
        "max_iter": 3000,
        "class_weight": "balanced",
        "C": 1.0
    },
    "lstm": {
        "hidden_size": 32,
        "num_layers": 1,
        "dropout": 0.3664401544407398,
        "learning_rate": 0.0005642561727217276,
        "batch_size": 64,
        "weight_decay": 0.002983105304288268
    },
    "transformer": {
        "d_model": 70,
        "num_layers": 2,
        "dropout": 0.4689448894470668,
        "learning_rate": 0.001574801029015303,
        "batch_size": 16,
        "nhead": 4,
        "weight_decay": 0.0036731203410818153
    }
}