{
    "svm": {
        "tol": 0.1,
        "probability": true,
        "kernel": "linear",
        "gamma": 1e-05,
        "class_weight": null,
        "C": 0.1
    },
    "logistic_regression": {
        "tol": 0.01,
        "solver": "sag",
        "random_state": 42,
        "max_iter": 3000,
        "class_weight": "balanced",
        "C": 1.0
    },
    "lstm": {
        "hidden_size": 55,
        "num_layers": 1,
        "dropout": 0.4013764700685462,
        "learning_rate": 0.0006878346266922163,
        "batch_size": 64,
        "weight_decay": 0.00018094006842134586
    },
    "transformer": {
        "d_model": 53,
        "num_layers": 1,
        "dropout": 0.34760040036605283,
        "learning_rate": 0.0009264940025151941,
        "batch_size": 16,
        "nhead": 2,
        "weight_decay": 0.000171350965157811
    }
}