{
    "svm": {
        "tol": 0.01,
        "probability": true,
        "kernel": "rbf",
        "gamma": 0.1,
        "class_weight": "balanced",
        "C": 100.0
    },
    "logistic_regression": {
        "tol": 0.01,
        "solver": "newton-cg",
        "random_state": 42,
        "max_iter": 3000,
        "class_weight": "balanced",
        "C": 10.0
    },
    "lstm": {
        "hidden_size": 35,
        "num_layers": 2,
        "dropout": 0.3921689809454271,
        "learning_rate": 0.000810649610551795,
        "batch_size": 32,
        "weight_decay": 0.0007699856527351316
    },
    "transformer": {
        "d_model": 95,
        "num_layers": 2,
        "dropout": 0.28140579922592984,
        "learning_rate": 0.001332850876839682,
        "batch_size": 16,
        "nhead": 4,
        "weight_decay": 0.00026643040021755556
    }
}