{
    "svm": {
        "tol": 0.01,
        "probability": true,
        "kernel": "rbf",
        "gamma": 0.1,
        "class_weight": "balanced",
        "C": 100.0
    },
    "logistic_regression": {
        "tol": 0.01,
        "solver": "newton-cg",
        "random_state": 42,
        "max_iter": 2000,
        "class_weight": "balanced",
        "C": 100.0
    },
    "lstm": {
        "hidden_size": 60,
        "num_layers": 1,
        "dropout": 0.35757714300631466,
        "learning_rate": 0.001549821745067588,
        "batch_size": 32,
        "weight_decay": 0.001134822206463177
    },
    "transformer": {
        "d_model": 73,
        "num_layers": 2,
        "dropout": 0.20049085854634846,
        "learning_rate": 0.0014801158799225818,
        "batch_size": 64,
        "nhead": 4,
        "weight_decay": 0.0009676672189725137
    }
}