{
    "svm": {
        "tol": 1.0,
        "probability": true,
        "kernel": "linear",
        "gamma": 0.01,
        "class_weight": null,
        "C": 1.0
    },
    "logistic_regression": {
        "tol": 0.01,
        "solver": "newton-cg",
        "random_state": 42,
        "max_iter": 3000,
        "class_weight": "balanced",
        "C": 10.0
    },
    "lstm": {
        "hidden_size": 75,
        "num_layers": 2,
        "dropout": 0.3705811437456924,
        "learning_rate": 0.001995480063152563,
        "batch_size": 16,
        "weight_decay": 0.0007111003381360763
    },
    "transformer": {
        "d_model": 91,
        "num_layers": 2,
        "dropout": 0.4738290342163951,
        "learning_rate": 0.0010449514148809995,
        "batch_size": 16,
        "nhead": 2,
        "weight_decay": 0.0038134174918923068
    }
}