{
    "svm": {
        "tol": 1.0,
        "probability": true,
        "kernel": "rbf",
        "gamma": 1e-05,
        "class_weight": "balanced",
        "C": 0.01
    },
    "logistic_regression": {
        "tol": 1.0,
        "solver": "sag",
        "random_state": 42,
        "max_iter": 3000,
        "class_weight": null,
        "C": 0.0001
    },
    "lstm": {
        "hidden_size": 47,
        "num_layers": 1,
        "dropout": 0.40613932486574517,
        "learning_rate": 0.0005381892845628618,
        "batch_size": 16,
        "weight_decay": 0.002446084893775809
    },
    "transformer": {
        "d_model": 51,
        "num_layers": 2,
        "dropout": 0.4871349712815721,
        "learning_rate": 0.001322337495997979,
        "batch_size": 16,
        "nhead": 4,
        "weight_decay": 0.0003305789303981841
    }
}