{
    "svm": {
        "tol": 0.01,
        "probability": true,
        "kernel": "rbf",
        "gamma": 0.1,
        "class_weight": "balanced",
        "C": 100.0
    },
    "logistic_regression": {
        "tol": 0.01,
        "solver": "lbfgs",
        "random_state": 42,
        "max_iter": 2000,
        "class_weight": "balanced",
        "C": 100.0
    },
    "lstm": {
        "hidden_size": 52,
        "num_layers": 1,
        "dropout": 0.33727778911519685,
        "learning_rate": 0.000546367280881698,
        "batch_size": 64,
        "weight_decay": 0.006496788404651772
    },
    "transformer": {
        "d_model": 79,
        "num_layers": 1,
        "dropout": 0.4134867429054163,
        "learning_rate": 0.0005594395388502882,
        "batch_size": 32,
        "nhead": 2,
        "weight_decay": 0.00015822181038696167
    }
}