{
    "svm": {
        "tol": 0.01,
        "probability": true,
        "kernel": "rbf",
        "gamma": 0.1,
        "class_weight": "balanced",
        "C": 100.0
    },
    "logistic_regression": {
        "tol": 0.01,
        "solver": "lbfgs",
        "random_state": 42,
        "max_iter": 3000,
        "class_weight": null,
        "C": 0.0001
    },
    "lstm": {
        "hidden_size": 74,
        "num_layers": 2,
        "dropout": 0.3094895036728272,
        "learning_rate": 0.0015336186480512579,
        "batch_size": 16,
        "weight_decay": 0.0006607727682520039
    },
    "transformer": {
        "d_model": 82,
        "num_layers": 2,
        "dropout": 0.3339358949857067,
        "learning_rate": 0.0012077245656342299,
        "batch_size": 16,
        "nhead": 4,
        "weight_decay": 0.0003709665418184222
    }
}