{
    "svm": {
        "tol": 0.01,
        "probability": true,
        "kernel": "rbf",
        "gamma": 0.1,
        "class_weight": "balanced",
        "C": 100.0
    },
    "logistic_regression": {
        "tol": 0.01,
        "solver": "newton-cg",
        "random_state": 42,
        "max_iter": 3000,
        "class_weight": "balanced",
        "C": 10.0
    },
    "lstm": {
        "hidden_size": 34,
        "num_layers": 1,
        "dropout": 0.4233538886772994,
        "learning_rate": 0.000965165664277373,
        "batch_size": 16,
        "weight_decay": 0.00429866815533947
    },
    "transformer": {
        "d_model": 96,
        "num_layers": 1,
        "dropout": 0.42753362243605775,
        "learning_rate": 0.0005915812686402634,
        "batch_size": 16,
        "nhead": 2,
        "weight_decay": 0.0034514180735633906
    }
}