{
    "svm": {
        "tol": 1.0,
        "probability": true,
        "kernel": "linear",
        "gamma": 0.01,
        "class_weight": "balanced",
        "C": 10.0
    },
    "logistic_regression": {
        "tol": 0.01,
        "solver": "newton-cg",
        "random_state": 42,
        "max_iter": 3000,
        "class_weight": "balanced",
        "C": 10.0
    },
    "lstm": {
        "hidden_size": 96,
        "num_layers": 2,
        "dropout": 0.49367706391745275,
        "learning_rate": 0.0015590709505479885,
        "batch_size": 16,
        "weight_decay": 0.0003693718124115428
    },
    "transformer": {
        "d_model": 76,
        "num_layers": 2,
        "dropout": 0.4971045566687401,
        "learning_rate": 0.001062906281734412,
        "batch_size": 16,
        "nhead": 4,
        "weight_decay": 0.008497399555370762
    }
}