{
    "svm": {
        "tol": 0.01,
        "probability": true,
        "kernel": "rbf",
        "gamma": 0.1,
        "class_weight": "balanced",
        "C": 100.0
    },
    "logistic_regression": {
        "tol": 0.01,
        "solver": "newton-cg",
        "random_state": 42,
        "max_iter": 2000,
        "class_weight": "balanced",
        "C": 100.0
    },
    "lstm": {
        "hidden_size": 35,
        "num_layers": 2,
        "dropout": 0.413571784308619,
        "learning_rate": 0.0006670257722157316,
        "batch_size": 64,
        "weight_decay": 0.004800807287259907
    },
    "transformer": {
        "d_model": 41,
        "num_layers": 2,
        "dropout": 0.4887018852547634,
        "learning_rate": 0.0005062233454068719,
        "batch_size": 64,
        "nhead": 2,
        "weight_decay": 0.00032570305433981655
    }
}