{
    "svm": {
        "tol": 10.0,
        "probability": true,
        "kernel": "poly",
        "gamma": 0.001,
        "class_weight": "balanced",
        "C": 0.0001
    },
    "logistic_regression": {
        "tol": 0.1,
        "solver": "lbfgs",
        "random_state": 42,
        "max_iter": 3000,
        "class_weight": null,
        "C": 0.01
    },
    "lstm": {
        "hidden_size": 50,
        "num_layers": 2,
        "dropout": 0.291966458825156,
        "learning_rate": 0.0006576900039325984,
        "batch_size": 64,
        "weight_decay": 0.00014343775705595043
    },
    "transformer": {
        "d_model": 47,
        "num_layers": 1,
        "dropout": 0.37212437908479684,
        "learning_rate": 0.0017042981206454324,
        "batch_size": 64,
        "nhead": 2,
        "weight_decay": 0.0009629566142425723
    }
}