{
    "svm": {
        "tol": 1.0,
        "probability": true,
        "kernel": "linear",
        "gamma": 0.01,
        "class_weight": null,
        "C": 1.0
    },
    "logistic_regression": {
        "tol": 0.1,
        "solver": "lbfgs",
        "random_state": 42,
        "max_iter": 1000,
        "class_weight": "balanced",
        "C": 0.001
    },
    "lstm": {
        "hidden_size": 36,
        "num_layers": 1,
        "dropout": 0.36456138669611854,
        "learning_rate": 0.0005556673832103665,
        "batch_size": 64,
        "weight_decay": 0.0074379278935343875
    },
    "transformer": {
        "d_model": 57,
        "num_layers": 2,
        "dropout": 0.3293984059467373,
        "learning_rate": 0.001265568191305003,
        "batch_size": 16,
        "nhead": 4,
        "weight_decay": 0.0005144160589608542
    }
}