{
    "svm": {
        "tol": 0.01,
        "probability": true,
        "kernel": "rbf",
        "gamma": 0.1,
        "class_weight": "balanced",
        "C": 100.0
    },
    "logistic_regression": {
        "tol": 0.01,
        "solver": "newton-cg",
        "random_state": 42,
        "max_iter": 3000,
        "class_weight": "balanced",
        "C": 10.0
    },
    "lstm": {
        "hidden_size": 36,
        "num_layers": 1,
        "dropout": 0.46752775172449873,
        "learning_rate": 0.0007526131414500902,
        "batch_size": 32,
        "weight_decay": 0.0012168970002108695
    },
    "transformer": {
        "d_model": 91,
        "num_layers": 2,
        "dropout": 0.3317286129549365,
        "learning_rate": 0.001183208657159489,
        "batch_size": 16,
        "nhead": 4,
        "weight_decay": 0.0016709606325638641
    }
}