{
    "svm": {
        "tol": 0.01,
        "probability": true,
        "kernel": "linear",
        "gamma": 0.0001,
        "class_weight": null,
        "C": 1.0
    },
    "logistic_regression": {
        "tol": 0.01,
        "solver": "sag",
        "random_state": 42,
        "max_iter": 3000,
        "class_weight": "balanced",
        "C": 1.0
    },
    "lstm": {
        "hidden_size": 53,
        "num_layers": 2,
        "dropout": 0.3733378309360917,
        "learning_rate": 0.0005392661326861413,
        "batch_size": 64,
        "weight_decay": 0.00031178961214978164
    },
    "transformer": {
        "d_model": 84,
        "num_layers": 1,
        "dropout": 0.4401467726012391,
        "learning_rate": 0.0006940345507507791,
        "batch_size": 32,
        "nhead": 4,
        "weight_decay": 0.0002497134518909083
    }
}