{
    "svm": {
        "tol": 0.01,
        "probability": true,
        "kernel": "poly",
        "gamma": 0.01,
        "class_weight": null,
        "C": 100.0
    },
    "logistic_regression": {
        "tol": 0.1,
        "solver": "sag",
        "random_state": 42,
        "max_iter": 2000,
        "class_weight": null,
        "C": 0.1
    },
    "lstm": {
        "hidden_size": 89,
        "num_layers": 1,
        "dropout": 0.2410286434302924,
        "learning_rate": 0.0016902002046510069,
        "batch_size": 32,
        "weight_decay": 0.0008133657293637128
    },
    "transformer": {
        "d_model": 95,
        "num_layers": 2,
        "dropout": 0.33187353022385674,
        "learning_rate": 0.0016344712045606243,
        "batch_size": 16,
        "nhead": 2,
        "weight_decay": 0.0005370229036524724
    }
}