{
    "svm": {
        "tol": 0.1,
        "probability": true,
        "kernel": "linear",
        "gamma": 1.0,
        "class_weight": null,
        "C": 0.01
    },
    "logistic_regression": {
        "tol": 0.01,
        "solver": "saga",
        "random_state": 42,
        "max_iter": 1000,
        "class_weight": null,
        "C": 0.001
    },
    "lstm": {
        "hidden_size": 86,
        "num_layers": 1,
        "dropout": 0.31275576319839693,
        "learning_rate": 0.0014798307038802313,
        "batch_size": 32,
        "weight_decay": 0.0001403221871981689
    },
    "transformer": {
        "d_model": 79,
        "num_layers": 2,
        "dropout": 0.3840474758710393,
        "learning_rate": 0.0007649297817414471,
        "batch_size": 16,
        "nhead": 4,
        "weight_decay": 0.0038227216362620125
    }
}