{
    "svm": {
        "tol": 0.01,
        "probability": true,
        "kernel": "rbf",
        "gamma": 0.1,
        "class_weight": "balanced",
        "C": 100.0
    },
    "logistic_regression": {
        "tol": 0.01,
        "solver": "newton-cg",
        "random_state": 42,
        "max_iter": 3000,
        "class_weight": "balanced",
        "C": 10.0
    },
    "lstm": {
        "hidden_size": 52,
        "num_layers": 1,
        "dropout": 0.3558576250336144,
        "learning_rate": 0.0018165215961849107,
        "batch_size": 32,
        "weight_decay": 0.0026912321085903867
    },
    "transformer": {
        "d_model": 69,
        "num_layers": 2,
        "dropout": 0.2116130806538224,
        "learning_rate": 0.0010295986399298013,
        "batch_size": 32,
        "nhead": 2,
        "weight_decay": 0.0003995012486665854
    }
}