{
    "svm": {
        "tol": 0.1,
        "probability": true,
        "kernel": "rbf",
        "gamma": 0.001,
        "class_weight": null,
        "C": 10.0
    },
    "logistic_regression": {
        "tol": 1.0,
        "solver": "sag",
        "random_state": 42,
        "max_iter": 3000,
        "class_weight": null,
        "C": 0.0001
    },
    "lstm": {
        "hidden_size": 32,
        "num_layers": 1,
        "dropout": 0.36375853444023754,
        "learning_rate": 0.0010196072610661527,
        "batch_size": 32,
        "weight_decay": 0.00034512402360734626
    },
    "transformer": {
        "d_model": 35,
        "num_layers": 2,
        "dropout": 0.4988558317854966,
        "learning_rate": 0.0011502166225408983,
        "batch_size": 32,
        "nhead": 4,
        "weight_decay": 0.001516666718212101
    }
}