{
    "svm": {
        "tol": 1.0,
        "probability": true,
        "kernel": "linear",
        "gamma": 0.01,
        "class_weight": null,
        "C": 1.0
    },
    "logistic_regression": {
        "tol": 0.01,
        "solver": "newton-cg",
        "random_state": 42,
        "max_iter": 3000,
        "class_weight": "balanced",
        "C": 1.0
    },
    "lstm": {
        "hidden_size": 33,
        "num_layers": 2,
        "dropout": 0.3688030102166446,
        "learning_rate": 0.0006038973177841202,
        "batch_size": 64,
        "weight_decay": 0.005057241846314255
    },
    "transformer": {
        "d_model": 61,
        "num_layers": 1,
        "dropout": 0.3590725344677564,
        "learning_rate": 0.0016312684752807737,
        "batch_size": 32,
        "nhead": 4,
        "weight_decay": 0.0003684125442661798
    }
}