{
    "svm": {
        "tol": 1.0,
        "probability": true,
        "kernel": "poly",
        "gamma": 0.1,
        "class_weight": null,
        "C": 0.01
    },
    "logistic_regression": {
        "tol": 1.0,
        "solver": "sag",
        "random_state": 42,
        "max_iter": 3000,
        "class_weight": "balanced",
        "C": 0.01
    },
    "lstm": {
        "hidden_size": 75,
        "num_layers": 1,
        "dropout": 0.3064174240080257,
        "learning_rate": 0.0014468870929250214,
        "batch_size": 32,
        "weight_decay": 0.00600346870903118
    },
    "transformer": {
        "d_model": 40,
        "num_layers": 1,
        "dropout": 0.4634913625430098,
        "learning_rate": 0.000500835072464342,
        "batch_size": 32,
        "nhead": 4,
        "weight_decay": 0.0017781642259209502
    }
}