{
    "svm": {
        "tol": 0.01,
        "probability": true,
        "kernel": "rbf",
        "gamma": 0.1,
        "class_weight": "balanced",
        "C": 100.0
    },
    "logistic_regression": {
        "tol": 0.01,
        "solver": "sag",
        "random_state": 42,
        "max_iter": 3000,
        "class_weight": null,
        "C": 100.0
    },
    "lstm": {
        "hidden_size": 32,
        "num_layers": 2,
        "dropout": 0.46796836037476514,
        "learning_rate": 0.0007704687059372084,
        "batch_size": 64,
        "weight_decay": 0.0024667719102119934
    },
    "transformer": {
        "d_model": 91,
        "num_layers": 1,
        "dropout": 0.39279237060290434,
        "learning_rate": 0.0013144322463890662,
        "batch_size": 32,
        "nhead": 4,
        "weight_decay": 0.001160005458939175
    }
}