{
    "svm": {
        "tol": 0.01,
        "probability": true,
        "kernel": "rbf",
        "gamma": 0.1,
        "class_weight": "balanced",
        "C": 100.0
    },
    "logistic_regression": {
        "tol": 0.01,
        "solver": "lbfgs",
        "random_state": 42,
        "max_iter": 2000,
        "class_weight": null,
        "C": 10.0
    },
    "lstm": {
        "hidden_size": 32,
        "num_layers": 2,
        "dropout": 0.4998559461597273,
        "learning_rate": 0.0008340338337116903,
        "batch_size": 64,
        "weight_decay": 0.0020670530485965427
    },
    "transformer": {
        "d_model": 38,
        "num_layers": 2,
        "dropout": 0.4721776568352494,
        "learning_rate": 0.0008306912745345047,
        "batch_size": 64,
        "nhead": 2,
        "weight_decay": 0.001502136585511658
    }
}