{
    "svm": {
        "tol": 0.01,
        "probability": true,
        "kernel": "rbf",
        "gamma": 0.1,
        "class_weight": "balanced",
        "C": 100.0
    },
    "logistic_regression": {
        "tol": 0.01,
        "solver": "newton-cg",
        "random_state": 42,
        "max_iter": 3000,
        "class_weight": "balanced",
        "C": 10.0
    },
    "lstm": {
        "hidden_size": 86,
        "num_layers": 1,
        "dropout": 0.2922939505610077,
        "learning_rate": 0.001971063735725737,
        "batch_size": 32,
        "weight_decay": 0.006849895153095753
    },
    "transformer": {
        "d_model": 42,
        "num_layers": 1,
        "dropout": 0.32006533240419394,
        "learning_rate": 0.0013549032488187679,
        "batch_size": 32,
        "nhead": 2,
        "weight_decay": 0.00032424207490406004
    }
}