{
    "svm": {
        "tol": 0.01,
        "probability": true,
        "kernel": "rbf",
        "gamma": 0.1,
        "class_weight": "balanced",
        "C": 100.0
    },
    "logistic_regression": {
        "tol": 0.01,
        "solver": "newton-cg",
        "random_state": 42,
        "max_iter": 1000,
        "class_weight": null,
        "C": 100.0
    },
    "lstm": {
        "hidden_size": 32,
        "num_layers": 2,
        "dropout": 0.43484483783260736,
        "learning_rate": 0.001957082796152364,
        "batch_size": 16,
        "weight_decay": 0.0029701919269999547
    },
    "transformer": {
        "d_model": 76,
        "num_layers": 2,
        "dropout": 0.290160860730216,
        "learning_rate": 0.000504412820731028,
        "batch_size": 16,
        "nhead": 4,
        "weight_decay": 0.0007072808879066631
    }
}