{
    "svm": {
        "tol": 1.0,
        "probability": true,
        "kernel": "linear",
        "gamma": 0.0001,
        "class_weight": null,
        "C": 10.0
    },
    "logistic_regression": {
        "tol": 0.01,
        "solver": "newton-cg",
        "random_state": 42,
        "max_iter": 2000,
        "class_weight": "balanced",
        "C": 100.0
    },
    "lstm": {
        "hidden_size": 60,
        "num_layers": 1,
        "dropout": 0.4972465734201392,
        "learning_rate": 0.0005000359930779996,
        "batch_size": 32,
        "weight_decay": 0.0001003560273134302
    },
    "transformer": {
        "d_model": 50,
        "num_layers": 1,
        "dropout": 0.3358689703204085,
        "learning_rate": 0.0014008216586301686,
        "batch_size": 64,
        "nhead": 2,
        "weight_decay": 0.004761651845879962
    }
}