{
    "svm": {
        "tol": 0.01,
        "probability": true,
        "kernel": "rbf",
        "gamma": 0.1,
        "class_weight": "balanced",
        "C": 100.0
    },
    "logistic_regression": {
        "tol": 0.01,
        "solver": "newton-cg",
        "random_state": 42,
        "max_iter": 2000,
        "class_weight": "balanced",
        "C": 100.0
    },
    "lstm": {
        "hidden_size": 44,
        "num_layers": 1,
        "dropout": 0.49970538001518816,
        "learning_rate": 0.0005747612490597471,
        "batch_size": 64,
        "weight_decay": 0.00024611996029018227
    },
    "transformer": {
        "d_model": 40,
        "num_layers": 1,
        "dropout": 0.3496325672121669,
        "learning_rate": 0.0012853784578598319,
        "batch_size": 16,
        "nhead": 4,
        "weight_decay": 0.00991169334910231
    }
}