{
    "svm": {
        "tol": 10.0,
        "probability": true,
        "kernel": "poly",
        "gamma": 0.001,
        "class_weight": "balanced",
        "C": 0.0001
    },
    "logistic_regression": {
        "tol": 0.01,
        "solver": "lbfgs",
        "random_state": 42,
        "max_iter": 3000,
        "class_weight": null,
        "C": 0.0001
    },
    "lstm": {
        "hidden_size": 55,
        "num_layers": 1,
        "dropout": 0.4414841494597804,
        "learning_rate": 0.0018432007124138507,
        "batch_size": 16,
        "weight_decay": 0.0004943998269936162
    },
    "transformer": {
        "d_model": 65,
        "num_layers": 1,
        "dropout": 0.3700979671036858,
        "learning_rate": 0.001062788608753878,
        "batch_size": 32,
        "nhead": 4,
        "weight_decay": 0.0020895220546837756
    }
}