{
    "svm": {
        "tol": 1.0,
        "probability": true,
        "kernel": "linear",
        "gamma": 0.0001,
        "class_weight": null,
        "C": 10.0
    },
    "logistic_regression": {
        "tol": 0.1,
        "solver": "sag",
        "random_state": 42,
        "max_iter": 2000,
        "class_weight": null,
        "C": 0.1
    },
    "lstm": {
        "hidden_size": 53,
        "num_layers": 1,
        "dropout": 0.2931519658947937,
        "learning_rate": 0.0007375618701070997,
        "batch_size": 64,
        "weight_decay": 0.001442970590790913
    },
    "transformer": {
        "d_model": 71,
        "num_layers": 1,
        "dropout": 0.33704932720990805,
        "learning_rate": 0.0007006714007681338,
        "batch_size": 32,
        "nhead": 4,
        "weight_decay": 0.00020222294143680934
    }
}