{
    "svm": {
        "tol": 0.01,
        "probability": true,
        "kernel": "rbf",
        "gamma": 0.1,
        "class_weight": "balanced",
        "C": 100.0
    },
    "logistic_regression": {
        "tol": 0.01,
        "solver": "lbfgs",
        "random_state": 42,
        "max_iter": 2000,
        "class_weight": null,
        "C": 10.0
    },
    "lstm": {
        "hidden_size": 52,
        "num_layers": 1,
        "dropout": 0.37601723787892816,
        "learning_rate": 0.001176109325586498,
        "batch_size": 16,
        "weight_decay": 0.0003044601663453187
    },
    "transformer": {
        "d_model": 96,
        "num_layers": 1,
        "dropout": 0.36999185900030374,
        "learning_rate": 0.0013516703464649738,
        "batch_size": 16,
        "nhead": 2,
        "weight_decay": 0.0004196033725296078
    }
}