{
    "svm": {
        "tol": 0.01,
        "probability": true,
        "kernel": "rbf",
        "gamma": 0.1,
        "class_weight": "balanced",
        "C": 100.0
    },
    "logistic_regression": {
        "tol": 0.01,
        "solver": "sag",
        "random_state": 42,
        "max_iter": 3000,
        "class_weight": null,
        "C": 100.0
    },
    "lstm": {
        "hidden_size": 68,
        "num_layers": 1,
        "dropout": 0.2280418024281742,
        "learning_rate": 0.0012810286591856263,
        "batch_size": 16,
        "weight_decay": 0.0020860321322504357
    },
    "transformer": {
        "d_model": 56,
        "num_layers": 2,
        "dropout": 0.3176280918281916,
        "learning_rate": 0.0017146185872399739,
        "batch_size": 16,
        "nhead": 2,
        "weight_decay": 0.004660299656630379
    }
}