{
    "svm": {
        "tol": 1.0,
        "probability": true,
        "kernel": "rbf",
        "gamma": 1e-05,
        "class_weight": "balanced",
        "C": 10.0
    },
    "logistic_regression": {
        "tol": 0.01,
        "solver": "lbfgs",
        "random_state": 42,
        "max_iter": 3000,
        "class_weight": null,
        "C": 0.0001
    },
    "lstm": {
        "hidden_size": 44,
        "num_layers": 1,
        "dropout": 0.3737643760928659,
        "learning_rate": 0.0006946993011998871,
        "batch_size": 64,
        "weight_decay": 0.0004949143361129854
    },
    "transformer": {
        "d_model": 43,
        "num_layers": 2,
        "dropout": 0.36500125539234035,
        "learning_rate": 0.0007396322917197838,
        "batch_size": 32,
        "nhead": 4,
        "weight_decay": 0.0001352722210134415
    }
}