{
    "svm": {
        "tol": 1.0,
        "probability": true,
        "kernel": "linear",
        "gamma": 0.01,
        "class_weight": null,
        "C": 1.0
    },
    "logistic_regression": {
        "tol": 0.01,
        "solver": "lbfgs",
        "random_state": 42,
        "max_iter": 3000,
        "class_weight": null,
        "C": 100.0
    },
    "lstm": {
        "hidden_size": 44,
        "num_layers": 2,
        "dropout": 0.42318589158591313,
        "learning_rate": 0.0005094765429528757,
        "batch_size": 64,
        "weight_decay": 0.0004770945702381857
    },
    "transformer": {
        "d_model": 59,
        "num_layers": 2,
        "dropout": 0.3068862617633634,
        "learning_rate": 0.0017088868822069845,
        "batch_size": 16,
        "nhead": 2,
        "weight_decay": 0.004379229849337286
    }
}