{
    "svm": {
        "tol": 1.0,
        "probability": true,
        "kernel": "linear",
        "gamma": 0.0001,
        "class_weight": null,
        "C": 10.0
    },
    "logistic_regression": {
        "tol": 0.01,
        "solver": "lbfgs",
        "random_state": 42,
        "max_iter": 2000,
        "class_weight": null,
        "C": 10.0
    },
    "lstm": {
        "hidden_size": 32,
        "num_layers": 1,
        "dropout": 0.28178464272658027,
        "learning_rate": 0.0007873026005140848,
        "batch_size": 64,
        "weight_decay": 0.000201437111939094
    },
    "transformer": {
        "d_model": 32,
        "num_layers": 1,
        "dropout": 0.24580796676803682,
        "learning_rate": 0.0005153024663060666,
        "batch_size": 16,
        "nhead": 4,
        "weight_decay": 0.009469588468968206
    }
}