{
    "svm": {
        "tol": 1.0,
        "probability": true,
        "kernel": "linear",
        "gamma": 1.0,
        "class_weight": "balanced",
        "C": 0.1
    },
    "logistic_regression": {
        "tol": 0.01,
        "solver": "sag",
        "random_state": 42,
        "max_iter": 3000,
        "class_weight": null,
        "C": 100.0
    },
    "lstm": {
        "hidden_size": 62,
        "num_layers": 1,
        "dropout": 0.335655495727103,
        "learning_rate": 0.001226329932723134,
        "batch_size": 64,
        "weight_decay": 0.00025335527539027436
    },
    "transformer": {
        "d_model": 55,
        "num_layers": 2,
        "dropout": 0.21140697668915692,
        "learning_rate": 0.0019823346993072515,
        "batch_size": 32,
        "nhead": 2,
        "weight_decay": 0.0027952835443359183
    }
}