{
    "svm": {
        "tol": 1.0,
        "probability": true,
        "kernel": "linear",
        "gamma": 0.0001,
        "class_weight": null,
        "C": 10.0
    },
    "logistic_regression": {
        "tol": 0.01,
        "solver": "newton-cg",
        "random_state": 42,
        "max_iter": 3000,
        "class_weight": "balanced",
        "C": 10.0
    },
    "lstm": {
        "hidden_size": 96,
        "num_layers": 1,
        "dropout": 0.2679563060208052,
        "learning_rate": 0.0007586804328497796,
        "batch_size": 32,
        "weight_decay": 0.002697418434167822
    },
    "transformer": {
        "d_model": 53,
        "num_layers": 2,
        "dropout": 0.2418907126125547,
        "learning_rate": 0.0009546844998521503,
        "batch_size": 64,
        "nhead": 4,
        "weight_decay": 0.0003261839286995914
    }
}