{
    "svm": {
        "tol": 0.01,
        "probability": true,
        "kernel": "rbf",
        "gamma": 0.1,
        "class_weight": "balanced",
        "C": 100.0
    },
    "logistic_regression": {
        "tol": 0.01,
        "solver": "lbfgs",
        "random_state": 42,
        "max_iter": 2000,
        "class_weight": "balanced",
        "C": 100.0
    },
    "lstm": {
        "hidden_size": 54,
        "num_layers": 2,
        "dropout": 0.4046329027548831,
        "learning_rate": 0.0007241106097181257,
        "batch_size": 64,
        "weight_decay": 0.00013807168337879783
    },
    "transformer": {
        "d_model": 34,
        "num_layers": 1,
        "dropout": 0.3475443956203487,
        "learning_rate": 0.0008162396240429493,
        "batch_size": 16,
        "nhead": 2,
        "weight_decay": 0.001431556783952678
    }
}