{
    "svm": {
        "tol": 0.01,
        "probability": true,
        "kernel": "rbf",
        "gamma": 0.1,
        "class_weight": "balanced",
        "C": 100.0
    },
    "logistic_regression": {
        "tol": 0.1,
        "solver": "saga",
        "random_state": 42,
        "max_iter": 2000,
        "class_weight": "balanced",
        "C": 0.0001
    },
    "lstm": {
        "hidden_size": 47,
        "num_layers": 1,
        "dropout": 0.4635881525412337,
        "learning_rate": 0.0005042287297623107,
        "batch_size": 64,
        "weight_decay": 0.0033880965257650124
    },
    "transformer": {
        "d_model": 73,
        "num_layers": 1,
        "dropout": 0.32305788475912234,
        "learning_rate": 0.0012223653275611572,
        "batch_size": 32,
        "nhead": 4,
        "weight_decay": 0.0008275734017857725
    }
}