{
    "svm": {
        "tol": 1.0,
        "probability": true,
        "kernel": "poly",
        "gamma": 0.01,
        "class_weight": "balanced",
        "C": 1.0
    },
    "logistic_regression": {
        "tol": 0.01,
        "solver": "sag",
        "random_state": 42,
        "max_iter": 3000,
        "class_weight": null,
        "C": 10.0
    },
    "lstm": {
        "hidden_size": 49,
        "num_layers": 1,
        "dropout": 0.38004236185391044,
        "learning_rate": 0.0013712277709479075,
        "batch_size": 16,
        "weight_decay": 0.0010211799439913032
    },
    "transformer": {
        "d_model": 60,
        "num_layers": 1,
        "dropout": 0.22676709013835866,
        "learning_rate": 0.0005601614941929276,
        "batch_size": 32,
        "nhead": 4,
        "weight_decay": 0.007173755900096086
    }
}