{
    "svm": {
        "tol": 1.0,
        "probability": true,
        "kernel": "linear",
        "gamma": 0.01,
        "class_weight": "balanced",
        "C": 10.0
    },
    "logistic_regression": {
        "tol": 0.01,
        "solver": "lbfgs",
        "random_state": 42,
        "max_iter": 2000,
        "class_weight": null,
        "C": 10.0
    },
    "lstm": {
        "hidden_size": 48,
        "num_layers": 1,
        "dropout": 0.46203620916885774,
        "learning_rate": 0.0006463210753421999,
        "batch_size": 64,
        "weight_decay": 0.0005752752953855471
    },
    "transformer": {
        "d_model": 53,
        "num_layers": 1,
        "dropout": 0.43047465094222975,
        "learning_rate": 0.0007113967318653583,
        "batch_size": 64,
        "nhead": 4,
        "weight_decay": 0.0016955997807834744
    }
}