{
    "svm": {
        "tol": 0.01,
        "probability": true,
        "kernel": "rbf",
        "gamma": 0.1,
        "class_weight": "balanced",
        "C": 100.0
    },
    "logistic_regression": {
        "tol": 0.01,
        "solver": "lbfgs",
        "random_state": 42,
        "max_iter": 3000,
        "class_weight": null,
        "C": 100.0
    },
    "lstm": {
        "hidden_size": 70,
        "num_layers": 2,
        "dropout": 0.4182820966945346,
        "learning_rate": 0.0005725322342704192,
        "batch_size": 16,
        "weight_decay": 0.006614491913602802
    },
    "transformer": {
        "d_model": 83,
        "num_layers": 2,
        "dropout": 0.4998545972785087,
        "learning_rate": 0.0006642588539136122,
        "batch_size": 16,
        "nhead": 2,
        "weight_decay": 0.0005737707174525211
    }
}