Ticker,Model,Dataset,Accuracy,Precision,Recall,F1
AAA,logistic_regression,train,0.8255813953488372,0.8344444444444444,0.8255813953488372,0.8244181298489179
AAA,logistic_regression,valid,0.9032258064516128,0.8731182795698925,0.9032258064516128,0.8879168944778568
AAA,lstm,train,0.872093023255814,0.898148148148148,0.872093023255814,0.8699656357388317
AAA,lstm,valid,0.8709677419354839,0.9169653524492234,0.8709677419354839,0.8901689708141322
AAA,svm,train,0.8255813953488372,0.8344444444444444,0.8255813953488372,0.8244181298489179
AAA,svm,valid,0.935483870967742,0.8751300728407908,0.935483870967742,0.9043010752688172
AAA,transformer,train,0.7674418604651163,0.7697763229678122,0.7674418604651163,0.7669376693766938
AAA,transformer,valid,0.8709677419354839,0.8709677419354839,0.8709677419354839,0.8709677419354839
AAM,logistic_regression,train,0.776595744680851,0.7828703703703703,0.776595744680851,0.7753499487879822
AAM,logistic_regression,valid,0.2903225806451613,0.0842872008324661,0.2903225806451613,0.1306451612903225
AAM,lstm,train,0.5,0.25,0.5,0.3333333333333333
AAM,lstm,valid,0.7096774193548387,0.5036420395421436,0.7096774193548387,0.5891661594643944
AAM,svm,train,0.7446808510638298,0.7767537122375834,0.7446808510638298,0.7370629370629372
AAM,svm,valid,0.2903225806451613,0.0842872008324661,0.2903225806451613,0.1306451612903225
AAM,transformer,train,0.5106382978723404,0.5528089887640449,0.5106382978723404,0.3885746606334841
AAM,transformer,valid,0.7419354838709677,0.810752688172043,0.7419354838709677,0.658560794044665
ABI,logistic_regression,train,0.8904109589041096,0.792831675736536,0.8904109589041096,0.8387929323009728
ABI,logistic_regression,valid,0.5806451612903226,0.3371488033298647,0.5806451612903226,0.4265964450296248
ABI,lstm,train,0.9452054794520548,0.9634703196347032,0.9452054794520548,0.9498151772124376
ABI,lstm,valid,0.6774193548387096,0.7926267281105991,0.6774193548387096,0.6116760168302946
ABI,svm,train,0.9315068493150684,0.9578503688092728,0.9315068493150684,0.9382909328114808
ABI,svm,valid,0.6129032258064516,0.7677419354838709,0.6129032258064516,0.4953917050691244
ABI,transformer,train,0.6986301369863014,0.8587270524648215,0.6986301369863014,0.7528238404229752
ABI,transformer,valid,0.5806451612903226,0.553763440860215,0.5806451612903226,0.5115749525616698
ABT,logistic_regression,train,0.9555555555555556,0.9564571994062344,0.9555555555555556,0.9555335968379448
ABT,logistic_regression,valid,0.7741935483870968,1.0,0.7741935483870968,0.8727272727272727
ABT,lstm,train,0.9333333333333332,0.9341909945571498,0.9333333333333332,0.933300395256917
ABT,lstm,valid,0.8064516129032258,1.0,0.8064516129032258,0.8928571428571429
ABT,svm,train,0.8777777777777778,0.9017857142857142,0.8777777777777778,0.8759243012908886
ABT,svm,valid,0.6451612903225806,1.0,0.6451612903225806,0.7843137254901961
ABT,transformer,train,0.9111111111111112,0.9185520361990952,0.9111111111111112,0.9107142857142858
ABT,transformer,valid,0.8064516129032258,1.0,0.8064516129032258,0.8928571428571429
ACB,logistic_regression,train,0.9178082191780822,0.8423719271908425,0.9178082191780822,0.8784735812133073
ACB,logistic_regression,valid,0.5161290322580645,0.2663891779396461,0.5161290322580645,0.3514070006863418
ACB,lstm,train,0.9452054794520548,0.9482924946941926,0.9452054794520548,0.9323009728012706
ACB,lstm,valid,0.6451612903225806,0.7897252090800477,0.6451612903225806,0.5878311683183954
ACB,svm,train,0.0821917808219178,0.0067554888346781,0.0821917808219178,0.0124848274666204
ACB,svm,valid,0.4838709677419355,0.2341311134235171,0.4838709677419355,0.3155680224403927
ACB,transformer,train,0.9178082191780822,0.8423719271908425,0.9178082191780822,0.8784735812133073
ACB,transformer,valid,0.3870967741935484,0.2293906810035842,0.3870967741935484,0.2880720180045011
ACC,logistic_regression,train,0.9452054794520548,0.8934133983861887,0.9452054794520548,0.9185799729886168
ACC,logistic_regression,valid,0.6129032258064516,0.3756503642039542,0.6129032258064516,0.4658064516129032
ACC,lstm,train,0.9452054794520548,0.8934133983861887,0.9452054794520548,0.9185799729886168
ACC,lstm,valid,0.6129032258064516,0.3756503642039542,0.6129032258064516,0.4658064516129032
ACC,svm,train,1.0,1.0,1.0,1.0
ACC,svm,valid,0.6129032258064516,0.3756503642039542,0.6129032258064516,0.4658064516129032
ACC,transformer,train,0.3835616438356164,0.827054794520548,0.3835616438356164,0.5240743252407434
ACC,transformer,valid,0.5806451612903226,0.5011520737327189,0.5806451612903226,0.4949897048730267
ACE,logistic_regression,train,0.8414634146341463,0.8433014354066987,0.8414634146341463,0.8412509307520476
ACE,logistic_regression,valid,0.4193548387096774,0.1758584807492196,0.4193548387096774,0.2478005865102639
ACE,lstm,train,0.5,0.25,0.5,0.3333333333333333
ACE,lstm,valid,0.5483870967741935,0.3290322580645161,0.5483870967741935,0.4112903225806452
ACE,svm,train,0.8170731707317073,0.81877990430622,0.8170731707317073,0.8168279970215934
ACE,svm,valid,0.4193548387096774,0.1758584807492196,0.4193548387096774,0.2478005865102639
ACE,transformer,train,0.5,0.25,0.5,0.3333333333333333
ACE,transformer,valid,0.2580645161290322,0.2052611367127496,0.2580645161290322,0.2051264167393199
ACL,logistic_regression,train,0.8555555555555555,0.8879310344827587,0.8555555555555555,0.8524776194679108
ACL,logistic_regression,valid,0.1935483870967742,0.0374609781477627,0.1935483870967742,0.062772449869224
ACL,lstm,train,0.6333333333333333,0.7884615384615383,0.6333333333333333,0.576379974326059
ACL,lstm,valid,0.1935483870967742,0.0374609781477627,0.1935483870967742,0.062772449869224
ACL,svm,train,0.9666666666666668,0.966897233201581,0.9666666666666668,0.966662550932214
ACL,svm,valid,0.1935483870967742,0.0374609781477627,0.1935483870967742,0.062772449869224
ACL,transformer,train,0.5777777777777777,0.7710843373493975,0.5777777777777777,0.4861778846153846
ACL,transformer,valid,0.1935483870967742,0.0374609781477627,0.1935483870967742,0.062772449869224
ADC,logistic_regression,train,0.9651162790697676,0.9673913043478262,0.9651162790697676,0.9650737782591038
ADC,logistic_regression,valid,0.7419354838709677,0.7379416282642088,0.7419354838709677,0.7366568914956012
ADC,lstm,train,0.9534883720930232,0.9574468085106382,0.9534883720930232,0.9533875338753386
ADC,lstm,valid,0.6774193548387096,0.6774193548387096,0.6774193548387096,0.6774193548387096
ADC,svm,train,1.0,1.0,1.0,1.0
ADC,svm,valid,0.6774193548387096,0.6774193548387096,0.6774193548387096,0.6774193548387096
ADC,transformer,train,0.9883720930232558,0.9886363636363638,0.9883720930232558,0.988370520622042
ADC,transformer,valid,0.7419354838709677,0.7379416282642088,0.7419354838709677,0.7366568914956012
ADP,logistic_regression,train,0.8559322033898306,0.8585069444444444,0.8559322033898306,0.8556730700050363
ADP,logistic_regression,valid,0.5483870967741935,0.5472842569616764,0.5483870967741935,0.545540796963947
ADP,lstm,train,0.7372881355932204,0.7493961352657006,0.7372881355932204,0.7340603416939294
ADP,lstm,valid,0.1290322580645161,0.1086587436332767,0.1290322580645161,0.1179723502304147
ADP,svm,train,0.8559322033898306,0.8644117647058823,0.8559322033898306,0.8550892147655855
ADP,svm,valid,0.5483870967741935,0.7664071190211347,0.5483870967741935,0.4446073639622026
ADP,transformer,train,0.7457627118644068,0.7503658179689785,0.7457627118644068,0.7445887445887447
ADP,transformer,valid,0.5161290322580645,0.2663891779396461,0.5161290322580645,0.3514070006863418
AGF,logistic_regression,train,0.9782608695652174,0.9782608695652174,0.9782608695652174,0.9782608695652174
AGF,logistic_regression,valid,0.7096774193548387,0.5036420395421436,0.7096774193548387,0.5891661594643944
AGF,lstm,train,0.9130434782608696,0.9201923076923078,0.9130434782608696,0.9126720455624112
AGF,lstm,valid,0.7096774193548387,0.5036420395421436,0.7096774193548387,0.5891661594643944
AGF,svm,train,0.9891304347826086,0.9893617021276596,0.9891304347826086,0.989129150419473
AGF,svm,valid,0.7096774193548387,0.5036420395421436,0.7096774193548387,0.5891661594643944
AGF,transformer,train,0.7934782608695652,0.7936170212765958,0.7934782608695652,0.793453857969987
AGF,transformer,valid,0.7096774193548387,0.5036420395421436,0.7096774193548387,0.5891661594643944
AGM,logistic_regression,train,0.9361702127659576,0.9433962264150944,0.9361702127659576,0.9359090909090908
AGM,logistic_regression,valid,0.967741935483871,0.9731182795698924,0.967741935483871,0.968891955609223
AGM,lstm,train,0.925531914893617,0.9272727272727274,0.925531914893617,0.9254559873116576
AGM,lstm,valid,0.935483870967742,0.9539170506912444,0.935483870967742,0.9395698924731184
AGM,svm,train,0.946808510638298,0.9519230769230768,0.946808510638298,0.9466575871070252
AGM,svm,valid,0.7096774193548387,0.8963133640552995,0.7096774193548387,0.7480554349113594
AGM,transformer,train,0.925531914893617,0.9304029304029304,0.925531914893617,0.9253206219498354
AGM,transformer,valid,0.967741935483871,0.9731182795698924,0.967741935483871,0.968891955609223
AGR,logistic_regression,train,0.8767123287671232,0.7686245074122724,0.8767123287671232,0.8191180881911808
AGR,logistic_regression,valid,0.6451612903225806,0.4162330905306972,0.6451612903225806,0.5060088551549652
AGR,lstm,train,0.8767123287671232,0.7686245074122724,0.8767123287671232,0.8191180881911808
AGR,lstm,valid,0.6451612903225806,0.4162330905306972,0.6451612903225806,0.5060088551549652
AGR,svm,train,0.7808219178082192,0.8840885142255006,0.7808219178082192,0.813320736891828
AGR,svm,valid,0.7419354838709677,0.7350928641251221,0.7419354838709677,0.7351766513056835
AGR,transformer,train,0.8767123287671232,0.7686245074122724,0.8767123287671232,0.8191180881911808
AGR,transformer,valid,0.6451612903225806,0.4162330905306972,0.6451612903225806,0.5060088551549652
ALT,logistic_regression,train,0.8921568627450981,0.8923076923076924,0.8921568627450981,0.8921464962030184
ALT,logistic_regression,valid,0.6451612903225806,0.807258064516129,0.6451612903225806,0.6736433272197647
ALT,lstm,train,0.7647058823529411,0.7663442940038684,0.7647058823529411,0.7643434732383521
ALT,lstm,valid,0.8387096774193549,0.8480014025245441,0.8387096774193549,0.8423701670098375
ALT,svm,train,0.9215686274509804,0.9215686274509804,0.9215686274509804,0.9215686274509804
ALT,svm,valid,0.4516129032258064,0.8400537634408602,0.4516129032258064,0.4516129032258064
ALT,transformer,train,0.7843137254901961,0.7883040935672514,0.7843137254901961,0.7835648148148149
ALT,transformer,valid,0.8064516129032258,0.7905707196029776,0.8064516129032258,0.7941935483870968
ALV,logistic_regression,train,0.9821428571428572,0.9827586206896552,0.9821428571428572,0.9821371610845296
ALV,logistic_regression,valid,0.1612903225806451,0.0260145681581685,0.1612903225806451,0.0448028673835125
ALV,lstm,train,0.5,0.25,0.5,0.3333333333333333
ALV,lstm,valid,0.8387096774193549,0.7034339229968783,0.8387096774193549,0.7651386530843237
ALV,svm,train,0.9732142857142856,0.973365231259968,0.9732142857142856,0.9732121502033008
ALV,svm,valid,0.1612903225806451,0.0260145681581685,0.1612903225806451,0.0448028673835125
ALV,transformer,train,0.6875,0.8076923076923077,0.6875,0.6536796536796536
ALV,transformer,valid,0.1290322580645161,0.3727598566308244,0.1290322580645161,0.1917050691244239
AMC,logistic_regression,train,0.9102564102564102,0.9105263157894736,0.9102564102564102,0.9102416570771
AMC,logistic_regression,valid,0.5806451612903226,1.0,0.5806451612903226,0.7346938775510204
AMC,lstm,train,0.9743589743589745,0.9743589743589745,0.9743589743589745,0.9743589743589745
AMC,lstm,valid,0.8064516129032258,1.0,0.8064516129032258,0.8928571428571429
AMC,svm,train,0.935897435897436,0.9361842105263158,0.935897435897436,0.9358868979122144
AMC,svm,valid,0.5483870967741935,1.0,0.5483870967741935,0.7083333333333334
AMC,transformer,train,0.6923076923076923,0.8095238095238094,0.6923076923076923,0.6601307189542484
AMC,transformer,valid,1.0,1.0,1.0,1.0
AME,logistic_regression,train,0.8513513513513513,0.8734472049689441,0.8513513513513513,0.8491195551436516
AME,logistic_regression,valid,0.3225806451612903,1.0,0.3225806451612903,0.4878048780487805
AME,lstm,train,0.5,0.25,0.5,0.3333333333333333
AME,lstm,valid,0.0,0.0,0.0,0.0
AME,svm,train,0.945945945945946,0.9472527472527472,0.945945945945946,0.945906432748538
AME,svm,valid,0.0,0.0,0.0,0.0
AME,transformer,train,0.7162162162162162,0.7936507936507937,0.7162162162162162,0.6961876832844575
AME,transformer,valid,0.064516129032258,1.0,0.064516129032258,0.1212121212121212
AMV,logistic_regression,train,0.6981132075471698,0.7054263565891472,0.6981132075471698,0.6954022988505747
AMV,logistic_regression,valid,1.0,1.0,1.0,1.0
AMV,lstm,train,0.6981132075471698,0.7054263565891472,0.6981132075471698,0.6954022988505747
AMV,lstm,valid,1.0,1.0,1.0,1.0
AMV,svm,train,0.7547169811320755,0.7879275653923541,0.7547169811320755,0.7474340175953078
AMV,svm,valid,0.4516129032258064,1.0,0.4516129032258064,0.6222222222222222
AMV,transformer,train,0.7452830188679245,0.7609848484848484,0.7452830188679245,0.7413933315261589
AMV,transformer,valid,1.0,1.0,1.0,1.0
ANV,logistic_regression,train,0.8962264150943396,0.9032608695652172,0.8962264150943396,0.895771878072763
ANV,logistic_regression,valid,0.8387096774193549,1.0,0.8387096774193549,0.912280701754386
ANV,lstm,train,0.9245283018867924,0.9251336898395722,0.9245283018867924,0.9245014245014246
ANV,lstm,valid,0.935483870967742,1.0,0.935483870967742,0.9666666666666668
ANV,svm,train,0.7924528301886793,0.8410128684101287,0.7924528301886793,0.7847914359542266
ANV,svm,valid,0.0,0.0,0.0,0.0
ANV,transformer,train,0.8207547169811321,0.8680555555555556,0.8207547169811321,0.8148045977011493
ANV,transformer,valid,0.8387096774193549,1.0,0.8387096774193549,0.912280701754386
APC,logistic_regression,train,0.8898305084745762,0.9097222222222224,0.8898305084745762,0.8884769174845512
APC,logistic_regression,valid,0.032258064516129,0.0010405827263267,0.032258064516129,0.002016129032258
APC,lstm,train,0.5,0.25,0.5,0.3333333333333333
APC,lstm,valid,0.967741935483871,0.9365244536940688,0.967741935483871,0.9518773135906928
APC,svm,train,0.923728813559322,0.9297785547785548,0.923728813559322,0.9234594594594596
APC,svm,valid,0.032258064516129,0.0010405827263267,0.032258064516129,0.002016129032258
APC,transformer,train,0.5423728813559322,0.7610619469026548,0.5423728813559322,0.4211482558139535
APC,transformer,valid,0.8387096774193549,0.9318996415770608,0.8387096774193549,0.8828522920203735
APG,logistic_regression,train,0.8809523809523809,0.8888888888888887,0.8809523809523809,0.8803418803418802
APG,logistic_regression,valid,0.5483870967741935,0.3007284079084287,0.5483870967741935,0.3884408602150538
APG,lstm,train,0.5,0.25,0.5,0.3333333333333333
APG,lstm,valid,0.5483870967741935,0.3007284079084287,0.5483870967741935,0.3884408602150538
APG,svm,train,0.9523809523809524,0.9565217391304348,0.9523809523809524,0.9522727272727274
APG,svm,valid,0.5806451612903226,0.7623655913978494,0.5806451612903226,0.4569206131320064
APG,transformer,train,0.7619047619047619,0.8063660477453582,0.7619047619047619,0.7529411764705882
APG,transformer,valid,0.6129032258064516,0.7730812013348164,0.6129032258064516,0.5182328190743338
API,logistic_regression,train,0.8125,0.8174603174603174,0.8125,0.8117647058823529
API,logistic_regression,valid,0.4516129032258064,0.8724586608837084,0.4516129032258064,0.5724325818296678
API,lstm,train,0.5,0.25,0.5,0.3333333333333333
API,lstm,valid,0.064516129032258,0.0041623309053069,0.064516129032258,0.0078201368523949
API,svm,train,0.975,0.9761904761904764,0.975,0.9749843652282676
API,svm,valid,0.4516129032258064,0.8724586608837084,0.4516129032258064,0.5724325818296678
API,transformer,train,0.35,0.2849462365591398,0.35,0.2968221771467207
API,transformer,valid,0.9032258064516128,0.8731182795698925,0.9032258064516128,0.8879168944778568
APP,logistic_regression,train,0.9659090909090908,0.9680851063829788,0.9659090909090908,0.965869424692954
APP,logistic_regression,valid,0.6451612903225806,0.620347394540943,0.6451612903225806,0.6325110689437066
APP,lstm,train,0.8977272727272727,0.9150943396226416,0.8977272727272727,0.8966462221062247
APP,lstm,valid,0.6129032258064516,0.6129032258064516,0.6129032258064516,0.6129032258064516
APP,svm,train,0.9659090909090908,0.9661498708010337,0.9659090909090908,0.9659046881053854
APP,svm,valid,0.6451612903225806,0.620347394540943,0.6451612903225806,0.6325110689437066
APP,transformer,train,0.8636363636363636,0.8928571428571428,0.8636363636363636,0.8610526315789474
APP,transformer,valid,0.6129032258064516,0.6129032258064516,0.6129032258064516,0.6129032258064516
APS,logistic_regression,train,0.8389830508474576,0.8624078624078624,0.8389830508474576,0.8363384188626907
APS,logistic_regression,valid,0.6451612903225806,0.9053763440860216,0.6451612903225806,0.7024914123267658
APS,lstm,train,0.8135593220338984,0.8384496124031008,0.8135593220338984,0.8100673105062921
APS,lstm,valid,0.6774193548387096,0.9078341013824884,0.6774193548387096,0.7303681981101336
APS,svm,train,0.9152542372881356,0.915731952832902,0.9152542372881356,0.9152298850574712
APS,svm,valid,0.8064516129032258,0.7508342602892102,0.8064516129032258,0.7776497695852534
APS,transformer,train,0.8305084745762712,0.8447707521726101,0.8305084745762712,0.8287373004354136
APS,transformer,valid,0.6451612903225806,0.9053763440860216,0.6451612903225806,0.7024914123267658
ASA,logistic_regression,train,0.8095238095238095,0.8370370370370371,0.8095238095238095,0.8055555555555555
ASA,logistic_regression,valid,0.8709677419354839,0.8900836320191159,0.8709677419354839,0.8546236559139785
ASA,lstm,train,0.9523809523809524,0.9523809523809524,0.9523809523809524,0.9523809523809524
ASA,lstm,valid,0.8709677419354839,0.8900836320191159,0.8709677419354839,0.8546236559139785
ASA,svm,train,0.9166666666666666,0.9188034188034188,0.9166666666666666,0.9165602383993188
ASA,svm,valid,0.8387096774193549,0.8690615835777125,0.8387096774193549,0.8458167173372291
ASA,transformer,train,0.7857142857142857,0.8214285714285714,0.7857142857142857,0.779591836734694
ASA,transformer,valid,0.8709677419354839,0.8900836320191159,0.8709677419354839,0.8546236559139785
ASM,logistic_regression,train,0.8804347826086957,0.8849832615973218,0.8804347826086957,0.8800805782675674
ASM,logistic_regression,valid,0.6451612903225806,1.0,0.6451612903225806,0.7843137254901961
ASM,lstm,train,0.8369565217391305,0.8503685503685504,0.8369565217391305,0.8353811284742932
ASM,lstm,valid,0.6129032258064516,1.0,0.6129032258064516,0.76
ASM,svm,train,0.8478260869565217,0.8586744639376218,0.8478260869565217,0.8466666666666668
ASM,svm,valid,0.5806451612903226,1.0,0.5806451612903226,0.7346938775510204
ASM,transformer,train,0.6847826086956522,0.7140120415982486,0.6847826086956522,0.6736391437308868
ASM,transformer,valid,1.0,1.0,1.0,1.0
ASP,logistic_regression,train,0.8879310344827587,0.8880463871543265,0.8879310344827587,0.8879227053140096
ASP,logistic_regression,valid,0.9032258064516128,0.9019985974754556,0.9032258064516128,0.9014547754585706
ASP,lstm,train,0.8793103448275862,0.8797619047619049,0.8793103448275862,0.8792744573297651
ASP,lstm,valid,0.8709677419354839,0.8709677419354839,0.8709677419354839,0.8709677419354839
ASP,svm,train,0.896551724137931,0.9087009803921569,0.896551724137931,0.8957771787960467
ASP,svm,valid,0.2903225806451613,0.0842872008324661,0.2903225806451613,0.1306451612903225
ASP,transformer,train,0.8706896551724138,0.8716840536512668,0.8706896551724138,0.8706031085000372
ASP,transformer,valid,0.935483870967742,0.935483870967742,0.935483870967742,0.935483870967742
ATA,logistic_regression,train,0.9166666666666666,0.9285714285714284,0.9166666666666666,0.916083916083916
ATA,logistic_regression,valid,0.9032258064516128,0.9148387096774192,0.9032258064516128,0.8966369251887439
ATA,lstm,train,1.0,1.0,1.0,1.0
ATA,lstm,valid,0.935483870967742,0.9408602150537634,0.935483870967742,0.9328541374474054
ATA,svm,train,0.9537037037037036,0.9576271186440678,0.9537037037037036,0.953604261534496
ATA,svm,valid,0.3225806451612903,0.7967741935483871,0.3225806451612903,0.1957061171647427
ATA,transformer,train,0.9537037037037036,0.9576271186440678,0.9537037037037036,0.953604261534496
ATA,transformer,valid,0.967741935483871,0.9691444600280504,0.967741935483871,0.9671515918195236
AVF,logistic_regression,train,0.8846153846153846,0.90625,0.8846153846153846,0.8830584707646177
AVF,logistic_regression,valid,0.8064516129032258,0.8722710980775498,0.8064516129032258,0.8260368663594471
AVF,lstm,train,0.8365384615384616,0.8768115942028986,0.8365384615384616,0.8320509166904151
AVF,lstm,valid,0.8064516129032258,0.8722710980775498,0.8064516129032258,0.8260368663594471
AVF,svm,train,0.8846153846153846,0.90625,0.8846153846153846,0.8830584707646177
AVF,svm,valid,0.6774193548387096,0.8924731182795699,0.6774193548387096,0.7196620583717358
AVF,transformer,train,0.7980769230769231,0.8561643835616438,0.7980769230769231,0.7894939759036144
AVF,transformer,valid,0.9032258064516128,0.9126881720430108,0.9032258064516128,0.9066758668276694
BBC,logistic_regression,train,0.7727272727272727,0.7875816993464052,0.7727272727272727,0.7697540554683413
BBC,logistic_regression,valid,0.935483870967742,1.0,0.935483870967742,0.9666666666666668
BBC,lstm,train,0.5,0.25,0.5,0.3333333333333333
BBC,lstm,valid,1.0,1.0,1.0,1.0
BBC,svm,train,0.9318181818181818,0.94,0.9318181818181818,0.9314997405293202
BBC,svm,valid,0.6451612903225806,1.0,0.6451612903225806,0.7843137254901961
BBC,transformer,train,0.7386363636363636,0.7614601018675722,0.7386363636363636,0.7328052805280528
BBC,transformer,valid,0.064516129032258,1.0,0.064516129032258,0.1212121212121212
BBS,logistic_regression,train,1.0,1.0,1.0,1.0
BBS,logistic_regression,valid,1.0,1.0,1.0,1.0
BBS,lstm,train,1.0,1.0,1.0,1.0
BBS,lstm,valid,0.967741935483871,1.0,0.967741935483871,0.9836065573770492
BBS,svm,train,1.0,1.0,1.0,1.0
BBS,svm,valid,1.0,1.0,1.0,1.0
BBS,transformer,train,1.0,1.0,1.0,1.0
BBS,transformer,valid,0.967741935483871,1.0,0.967741935483871,0.9836065573770492
BCC,logistic_regression,train,0.7613636363636364,0.7614987080103358,0.7613636363636364,0.7613328167376985
BCC,logistic_regression,valid,0.064516129032258,0.0419354838709677,0.064516129032258,0.0508308895405669
BCC,lstm,train,0.5,0.25,0.5,0.3333333333333333
BCC,lstm,valid,0.4193548387096774,0.1758584807492196,0.4193548387096774,0.2478005865102639
BCC,svm,train,0.9090909090909092,0.909937888198758,0.9090909090909092,0.9090439276485788
BCC,svm,valid,0.4516129032258064,0.7623655913978494,0.4516129032258064,0.3146839341414301
BCC,transformer,train,0.2954545454545454,0.2790178571428571,0.2954545454545454,0.2821052631578947
BCC,transformer,valid,0.4193548387096774,0.2903225806451613,0.4193548387096774,0.343108504398827
BCE,logistic_regression,train,0.7555555555555555,0.7829414980863861,0.7555555555555555,0.749493927125506
BCE,logistic_regression,valid,0.8387096774193549,1.0,0.8387096774193549,0.912280701754386
BCE,lstm,train,0.9888888888888888,0.9891304347826086,0.9888888888888888,0.9888875169774048
BCE,lstm,valid,1.0,1.0,1.0,1.0
BCE,svm,train,0.8888888888888888,0.901580826109128,0.8888888888888888,0.8880039820806372
BCE,svm,valid,1.0,1.0,1.0,1.0
BCE,transformer,train,0.7888888888888889,0.8072478991596638,0.7888888888888889,0.785687429502444
BCE,transformer,valid,0.935483870967742,1.0,0.935483870967742,0.9666666666666668
BDB,logistic_regression,train,0.9196428571428572,0.9263038548752834,0.9196428571428572,0.919327731092437
BDB,logistic_regression,valid,0.0,0.0,0.0,0.0
BDB,lstm,train,0.7857142857142857,0.8499999999999999,0.7857142857142857,0.7754010695187166
BDB,lstm,valid,0.0,0.0,0.0,0.0
BDB,svm,train,0.9642857142857144,0.9666666666666668,0.9642857142857144,0.9642401021711366
BDB,svm,valid,0.0,0.0,0.0,0.0
BDB,transformer,train,0.6517857142857143,0.6825853471423091,0.6517857142857143,0.6364544319600499
BDB,transformer,valid,0.4838709677419355,1.0,0.4838709677419355,0.6521739130434783
BED,logistic_regression,train,0.9659090909090908,0.9680851063829788,0.9659090909090908,0.965869424692954
BED,logistic_regression,valid,1.0,1.0,1.0,1.0
BED,lstm,train,1.0,1.0,1.0,1.0
BED,lstm,valid,1.0,1.0,1.0,1.0
BED,svm,train,0.9659090909090908,0.9680851063829788,0.9659090909090908,0.965869424692954
BED,svm,valid,1.0,1.0,1.0,1.0
BED,transformer,train,1.0,1.0,1.0,1.0
BED,transformer,valid,1.0,1.0,1.0,1.0
BHC,logistic_regression,train,0.8414634146341463,0.8433014354066987,0.8414634146341463,0.8412509307520476
BHC,logistic_regression,valid,1.0,1.0,1.0,1.0
BHC,lstm,train,1.0,1.0,1.0,1.0
BHC,lstm,valid,1.0,1.0,1.0,1.0
BHC,svm,train,0.9146341463414634,0.9270833333333331,0.9146341463414634,0.914007490636704
BHC,svm,valid,0.8387096774193549,1.0,0.8387096774193549,0.912280701754386
BHC,transformer,train,0.951219512195122,0.9555555555555556,0.951219512195122,0.951103160405486
BHC,transformer,valid,1.0,1.0,1.0,1.0
BHP,logistic_regression,train,0.9787234042553192,0.9787234042553192,0.9787234042553192,0.9787234042553192
BHP,logistic_regression,valid,0.3870967741935484,1.0,0.3870967741935484,0.5581395348837209
BHP,lstm,train,0.5212765957446809,0.7554347826086957,0.5212765957446809,0.3789458229334899
BHP,lstm,valid,1.0,1.0,1.0,1.0
BHP,svm,train,0.9787234042553192,0.9787234042553192,0.9787234042553192,0.9787234042553192
BHP,svm,valid,0.3548387096774194,1.0,0.3548387096774194,0.5238095238095238
BHP,transformer,train,0.7978723404255319,0.8012820512820512,0.7978723404255319,0.7972988310066962
BHP,transformer,valid,0.064516129032258,1.0,0.064516129032258,0.1212121212121212
BIC,logistic_regression,train,0.9705882352941176,0.972222222222222,0.9705882352941176,0.9705627705627704
BIC,logistic_regression,valid,0.4193548387096774,0.8213399503722084,0.4193548387096774,0.3864190837625373
BIC,lstm,train,0.8529411764705882,0.8863636363636364,0.8529411764705882,0.8496905393457117
BIC,lstm,valid,0.2580645161290322,0.0665972944849115,0.2580645161290322,0.1058726220016542
BIC,svm,train,0.9803921568627452,0.981132075471698,0.9803921568627452,0.9803846153846152
BIC,svm,valid,0.8387096774193549,0.8465298142717498,0.8387096774193549,0.8416613957410921
BIC,transformer,train,0.8627450980392157,0.8923076923076924,0.8627450980392157,0.8601097178683387
BIC,transformer,valid,0.3225806451612903,0.8131256952169077,0.3225806451612903,0.2303051438535309
BKC,logistic_regression,train,0.9444444444444444,0.9446640316205536,0.9444444444444444,0.9444375848870232
BKC,logistic_regression,valid,0.4193548387096774,0.1758584807492196,0.4193548387096774,0.2478005865102639
BKC,lstm,train,0.5,0.25,0.5,0.3333333333333333
BKC,lstm,valid,0.5806451612903226,0.3371488033298647,0.5806451612903226,0.4265964450296248
BKC,svm,train,0.9666666666666668,0.966897233201581,0.9666666666666668,0.966662550932214
BKC,svm,valid,0.4193548387096774,0.1758584807492196,0.4193548387096774,0.2478005865102639
BKC,transformer,train,0.5333333333333333,0.5776754890678941,0.5333333333333333,0.4556451612903225
BKC,transformer,valid,0.6129032258064516,0.6321044546850998,0.6129032258064516,0.5340112201963534
BLF,logistic_regression,train,0.9074074074074074,0.9165497896213184,0.9074074074074074,0.906896551724138
BLF,logistic_regression,valid,0.0,0.0,0.0,0.0
BLF,lstm,train,0.8796296296296297,0.8904761904761905,0.8796296296296297,0.8787878787878788
BLF,lstm,valid,0.8387096774193549,1.0,0.8387096774193549,0.912280701754386
BLF,svm,train,0.925925925925926,0.93125,0.925925925925926,0.9256965944272444
BLF,svm,valid,0.2903225806451613,1.0,0.2903225806451613,0.45
BLF,transformer,train,0.8703703703703703,0.8970588235294117,0.8703703703703703,0.8681548657132891
BLF,transformer,valid,0.4516129032258064,1.0,0.4516129032258064,0.6222222222222222
BMC,logistic_regression,train,0.956896551724138,0.9603174603174602,0.956896551724138,0.956816320452684
BMC,logistic_regression,valid,0.4516129032258064,0.8400537634408602,0.4516129032258064,0.4516129032258064
BMC,lstm,train,0.8793103448275862,0.9027777777777778,0.8793103448275862,0.877526395173454
BMC,lstm,valid,0.6451612903225806,0.8620071684587813,0.6451612903225806,0.6704795117698344
BMC,svm,train,0.9655172413793104,0.9677419354838708,0.9655172413793104,0.9654761904761906
BMC,svm,valid,0.3548387096774194,0.8327359617682197,0.3548387096774194,0.3141772838167525
BMC,transformer,train,0.7327586206896551,0.8258426966292136,0.7327586206896551,0.7122048819527811
BMC,transformer,valid,0.6774193548387096,0.8671726755218216,0.6774193548387096,0.7021788341822298
BMI,logistic_regression,train,0.9111111111111112,0.9185520361990952,0.9111111111111112,0.9107142857142858
BMI,logistic_regression,valid,0.6129032258064516,0.3756503642039542,0.6129032258064516,0.4658064516129032
BMI,lstm,train,0.9222222222222224,0.9275,0.9222222222222224,0.9219814241486068
BMI,lstm,valid,0.6129032258064516,0.3756503642039542,0.6129032258064516,0.4658064516129032
BMI,svm,train,0.8777777777777778,0.8935185185185184,0.8777777777777778,0.8765432098765432
BMI,svm,valid,0.6129032258064516,0.3756503642039542,0.6129032258064516,0.4658064516129032
BMI,transformer,train,0.8888888888888888,0.8919860627177699,0.8888888888888888,0.8886689757545768
BMI,transformer,valid,0.6129032258064516,0.3756503642039542,0.6129032258064516,0.4658064516129032
BMJ,logistic_regression,train,0.9591836734693876,0.9591836734693876,0.9591836734693876,0.9591836734693876
BMJ,logistic_regression,valid,0.2903225806451613,0.0842872008324661,0.2903225806451613,0.1306451612903225
BMJ,lstm,train,0.6020408163265306,0.7784090909090908,0.6020408163265306,0.5271557590003713
BMJ,lstm,valid,0.4516129032258064,0.8101736972704715,0.4516129032258064,0.4121522444103089
BMJ,svm,train,0.979591836734694,0.9803921568627452,0.979591836734694,0.9795833333333334
BMJ,svm,valid,0.2903225806451613,0.0842872008324661,0.2903225806451613,0.1306451612903225
BMJ,transformer,train,0.9693877551020408,0.9695833333333334,0.9693877551020408,0.9693845673227116
BMJ,transformer,valid,0.2903225806451613,0.0842872008324661,0.2903225806451613,0.1306451612903225
BMP,logistic_regression,train,0.8942307692307693,0.9015065913370998,0.8942307692307693,0.8937494195226153
BMP,logistic_regression,valid,0.3870967741935484,0.552297165200391,0.3870967741935484,0.3870967741935484
BMP,lstm,train,0.625,0.6814278046162106,0.625,0.5933834586466166
BMP,lstm,valid,0.5806451612903226,0.4731182795698924,0.5806451612903226,0.5213956550362081
BMP,svm,train,0.9134615384615384,0.9262295081967212,0.9134615384615384,0.9128085700978108
BMP,svm,valid,0.4193548387096774,0.8064516129032258,0.4193548387096774,0.3635235732009926
BMP,transformer,train,0.5576923076923077,0.6238095238095239,0.5576923076923077,0.489543320529236
BMP,transformer,valid,0.4193548387096774,0.4193548387096774,0.4193548387096774,0.4193548387096774
BPC,logistic_regression,train,0.9270833333333334,0.9287581699346404,0.9270833333333334,0.927012056044314
BPC,logistic_regression,valid,0.7419354838709677,1.0,0.7419354838709677,0.8518518518518519
BPC,lstm,train,0.6666666666666666,0.7999999999999999,0.6666666666666666,0.625
BPC,lstm,valid,1.0,1.0,1.0,1.0
BPC,svm,train,0.9479166666666666,0.9528301886792452,0.9479166666666666,0.9477749972799476
BPC,svm,valid,0.6774193548387096,1.0,0.6774193548387096,0.8076923076923077
BPC,transformer,train,0.875,0.8809523809523809,0.875,0.8745098039215686
BPC,transformer,valid,0.4838709677419355,1.0,0.4838709677419355,0.6521739130434783
BRC,logistic_regression,train,0.9607843137254902,0.9636363636363636,0.9607843137254902,0.960723912206392
BRC,logistic_regression,valid,0.032258064516129,0.0010405827263267,0.032258064516129,0.002016129032258
BRC,lstm,train,0.8627450980392157,0.8678362573099415,0.8627450980392157,0.8622685185185185
BRC,lstm,valid,0.032258064516129,0.0010405827263267,0.032258064516129,0.002016129032258
BRC,svm,train,0.9607843137254902,0.9636363636363636,0.9607843137254902,0.960723912206392
BRC,svm,valid,0.032258064516129,0.0010405827263267,0.032258064516129,0.002016129032258
BRC,transformer,train,0.7745098039215687,0.8005050505050505,0.7745098039215687,0.7695254936634248
BRC,transformer,valid,0.032258064516129,0.0010405827263267,0.032258064516129,0.002016129032258
BSC,logistic_regression,train,0.8879310344827587,0.8889716840536512,0.8879310344827587,0.8878560273666989
BSC,logistic_regression,valid,0.8709677419354839,1.0,0.8709677419354839,0.9310344827586208
BSC,lstm,train,0.8448275862068966,0.8464755077658302,0.8448275862068966,0.8446428571428571
BSC,lstm,valid,0.9032258064516128,1.0,0.9032258064516128,0.9491525423728814
BSC,svm,train,0.8189655172413793,0.8236802413273001,0.8189655172413793,0.8183038711121057
BSC,svm,valid,0.935483870967742,1.0,0.935483870967742,0.9666666666666668
BSC,transformer,train,0.6637931034482759,0.6755336094297547,0.6637931034482759,0.6580757312372458
BSC,transformer,valid,1.0,1.0,1.0,1.0
BSI,logistic_regression,train,0.9125,0.919047619047619,0.9125,0.912156862745098
BSI,logistic_regression,valid,0.8709677419354839,0.9013282732447818,0.8709677419354839,0.871505376344086
BSI,lstm,train,0.8875,0.8936507936507937,0.8875,0.8870588235294118
BSI,lstm,valid,0.9032258064516128,0.9213709677419356,0.9032258064516128,0.9038325412074022
BSI,svm,train,0.9625,0.962789243277048,0.9625,0.9624941397093296
BSI,svm,valid,0.8064516129032258,0.8675721561969439,0.8064516129032258,0.8052419354838709
BSI,transformer,train,0.9125,0.919047619047619,0.9125,0.912156862745098
BSI,transformer,valid,0.8064516129032258,0.8155913978494623,0.8064516129032258,0.8076714556790457
BST,logistic_regression,train,0.8648648648648649,0.8747186796699175,0.8648648648648649,0.8639705882352942
BST,logistic_regression,valid,0.4838709677419355,0.2341311134235171,0.4838709677419355,0.3155680224403927
BST,lstm,train,0.9594594594594594,0.9625,0.9594594594594594,0.9593927199561002
BST,lstm,valid,0.5483870967741935,0.5631336405529953,0.5483870967741935,0.5339123242349049
BST,svm,train,0.9054054054054054,0.9204545454545454,0.9054054054054054,0.9045513174866407
BST,svm,valid,0.4838709677419355,0.2341311134235171,0.4838709677419355,0.3155680224403927
BST,transformer,train,0.7297297297297297,0.8245614035087719,0.7297297297297297,0.7084318360914107
BST,transformer,valid,0.4838709677419355,0.2341311134235171,0.4838709677419355,0.3155680224403927
BT6,logistic_regression,train,0.8620689655172413,0.7431629013079666,0.8620689655172413,0.7982120051085568
BT6,logistic_regression,valid,0.5161290322580645,0.2663891779396461,0.5161290322580645,0.3514070006863418
BT6,lstm,train,0.8448275862068966,0.7410768300060496,0.8448275862068966,0.7895584917821463
BT6,lstm,valid,0.3870967741935484,0.2293906810035842,0.3870967741935484,0.2880720180045011
BT6,svm,train,0.7413793103448276,0.9100449775112444,0.7413793103448276,0.7811293594189621
BT6,svm,valid,0.6774193548387096,0.6790736145574855,0.6774193548387096,0.6753862835456764
BT6,transformer,train,0.8620689655172413,0.7431629013079666,0.8620689655172413,0.7982120051085568
BT6,transformer,valid,0.5161290322580645,0.2663891779396461,0.5161290322580645,0.3514070006863418
BTG,logistic_regression,train,0.7567567567567568,0.7597930524759793,0.7567567567567568,0.756043956043956
BTG,logistic_regression,valid,0.967741935483871,1.0,0.967741935483871,0.9836065573770492
BTG,lstm,train,1.0,1.0,1.0,1.0
BTG,lstm,valid,1.0,1.0,1.0,1.0
BTG,svm,train,0.7297297297297297,0.8245614035087719,0.7297297297297297,0.7084318360914107
BTG,svm,valid,0.935483870967742,1.0,0.935483870967742,0.9666666666666668
BTG,transformer,train,0.9594594594594594,0.9625,0.9594594594594594,0.9593927199561002
BTG,transformer,valid,1.0,1.0,1.0,1.0
BTH,logistic_regression,train,0.9347826086956522,0.8738185255198488,0.9347826086956522,0.9032730825598436
BTH,logistic_regression,valid,0.0,0.0,0.0,0.0
BTH,lstm,train,0.9347826086956522,0.8738185255198488,0.9347826086956522,0.9032730825598436
BTH,lstm,valid,0.0,0.0,0.0,0.0
BTH,svm,train,0.0652173913043478,0.0042533081285444,0.0652173913043478,0.0079858030168589
BTH,svm,valid,1.0,1.0,1.0,1.0
BTH,transformer,train,0.4130434782608695,0.9413043478260869,0.4130434782608695,0.5188584444295572
BTH,transformer,valid,0.3548387096774194,1.0,0.3548387096774194,0.5238095238095238
BTP,logistic_regression,train,1.0,1.0,1.0,1.0
BTP,logistic_regression,valid,0.0967741935483871,0.0093652445369406,0.0967741935483871,0.01707779886148
BTP,lstm,train,0.5,0.25,0.5,0.3333333333333333
BTP,lstm,valid,0.9032258064516128,0.8158168574401664,0.9032258064516128,0.8572990705303445
BTP,svm,train,0.9913793103448276,0.9915254237288136,0.9913793103448276,0.9913786696395392
BTP,svm,valid,0.0967741935483871,0.0093652445369406,0.0967741935483871,0.01707779886148
BTP,transformer,train,0.5,0.25,0.5,0.3333333333333333
BTP,transformer,valid,0.9032258064516128,0.8158168574401664,0.9032258064516128,0.8572990705303445
BTS,logistic_regression,train,0.83,0.8365973072215422,0.83,0.8291628982011858
BTS,logistic_regression,valid,0.7419354838709677,0.5504682622268471,0.7419354838709677,0.6320191158900836
BTS,lstm,train,0.5,0.25,0.5,0.3333333333333332
BTS,lstm,valid,0.7419354838709677,0.5504682622268471,0.7419354838709677,0.6320191158900836
BTS,svm,train,0.93,0.9343434343434344,0.93,0.9298245614035088
BTS,svm,valid,0.7419354838709677,0.5504682622268471,0.7419354838709677,0.6320191158900836
BTS,transformer,train,0.86,0.8623188405797102,0.86,0.859775641025641
BTS,transformer,valid,0.7419354838709677,0.5504682622268471,0.7419354838709677,0.6320191158900836
BTT,logistic_regression,train,0.8289473684210527,0.8590325018896448,0.8289473684210527,0.8252873563218391
BTT,logistic_regression,valid,0.5161290322580645,0.2663891779396461,0.5161290322580645,0.3514070006863418
BTT,lstm,train,0.7894736842105263,0.8518518518518517,0.7894736842105263,0.7797101449275362
BTT,lstm,valid,0.5161290322580645,0.2663891779396461,0.5161290322580645,0.3514070006863418
BTT,svm,train,0.9210526315789472,0.9222222222222222,0.9210526315789472,0.920997920997921
BTT,svm,valid,0.8064516129032258,0.8592375366568915,0.8064516129032258,0.7975382003395586
BTT,transformer,train,0.5789473684210527,0.5789473684210527,0.5789473684210527,0.5789473684210527
BTT,transformer,valid,0.5161290322580645,0.2663891779396461,0.5161290322580645,0.3514070006863418
BTW,logistic_regression,train,0.9897959183673468,0.99,0.9897959183673468,0.9897948557742372
BTW,logistic_regression,valid,0.1935483870967742,0.0374609781477627,0.1935483870967742,0.062772449869224
BTW,lstm,train,0.8163265306122449,0.8656716417910448,0.8163265306122449,0.8099137931034482
BTW,lstm,valid,0.2580645161290322,0.8464961067853171,0.2580645161290322,0.1858337600273084
BTW,svm,train,1.0,1.0,1.0,1.0
BTW,svm,valid,0.4516129032258064,0.8569424964936886,0.4516129032258064,0.4710958303839282
BTW,transformer,train,0.3775510204081632,0.3115384615384615,0.3775510204081632,0.3178135341777929
BTW,transformer,valid,0.8064516129032258,0.6503642039542143,0.8064516129032258,0.7200460829493088
BVG,logistic_regression,train,0.7358490566037735,0.7389109267940859,0.7358490566037735,0.735
BVG,logistic_regression,valid,0.935483870967742,0.935483870967742,0.935483870967742,0.935483870967742
BVG,lstm,train,0.9433962264150944,0.9491525423728814,0.9433962264150944,0.9432142857142856
BVG,lstm,valid,0.6451612903225806,0.6873574454219616,0.6451612903225806,0.6290496948561465
BVG,svm,train,0.7924528301886793,0.799271402550091,0.7924528301886793,0.7912638739706409
BVG,svm,valid,0.9032258064516128,0.9185059422750425,0.9032258064516128,0.9019969278033794
BVG,transformer,train,0.6509433962264151,0.6682539682539682,0.6509433962264151,0.6417283273956336
BVG,transformer,valid,0.967741935483871,0.969758064516129,0.967741935483871,0.967741935483871
BVH,logistic_regression,train,0.9017857142857144,0.9081632653061223,0.9017857142857144,0.9014005602240897
BVH,logistic_regression,valid,0.6774193548387096,0.8671726755218216,0.6774193548387096,0.7021788341822298
BVH,lstm,train,0.9017857142857144,0.9029421170450912,0.9017857142857144,0.901715197447148
BVH,lstm,valid,0.6774193548387096,0.8671726755218216,0.6774193548387096,0.7021788341822298
BVH,svm,train,0.9285714285714286,0.9307692307692308,0.9285714285714286,0.9284802043422732
BVH,svm,valid,0.8064516129032258,0.8586510263929618,0.8064516129032258,0.8191593352883675
BVH,transformer,train,0.875,0.8754789272030651,0.875,0.8749601275917065
BVH,transformer,valid,0.8064516129032258,0.8586510263929618,0.8064516129032258,0.8191593352883675
BVN,logistic_regression,train,0.7804878048780488,0.8474576271186441,0.7804878048780488,0.7693749999999999
BVN,logistic_regression,valid,0.2580645161290322,0.0665972944849115,0.2580645161290322,0.1058726220016542
BVN,lstm,train,0.5609756097560976,0.7662337662337662,0.5609756097560976,0.4561532792925571
BVN,lstm,valid,0.6129032258064516,0.7397849462365591,0.6129032258064516,0.6366723259762309
BVN,svm,train,0.9634146341463414,0.9659090909090908,0.9634146341463414,0.9633655994043188
BVN,svm,valid,0.2580645161290322,0.0665972944849115,0.2580645161290322,0.1058726220016542
BVN,transformer,train,0.6463414634146342,0.6464285714285715,0.6463414634146342,0.6462888591402647
BVN,transformer,valid,0.3870967741935484,0.8183990442054958,0.3870967741935484,0.3378050861921829
BVS,logistic_regression,train,0.7551020408163265,0.7620881471972615,0.7551020408163265,0.7534591194968554
BVS,logistic_regression,valid,0.5161290322580645,0.9108159392789372,0.5161290322580645,0.6588881262868909
BVS,lstm,train,0.7857142857142857,0.7956896551724137,0.7857142857142857,0.783891630788617
BVS,lstm,valid,0.5161290322580645,0.9108159392789372,0.5161290322580645,0.6588881262868909
BVS,svm,train,0.8571428571428571,0.8799291094373062,0.8571428571428571,0.8549682875264271
BVS,svm,valid,0.8064516129032258,0.9305210918114144,0.8064516129032258,0.8640552995391706
BVS,transformer,train,0.5,0.25,0.5,0.3333333333333333
BVS,transformer,valid,0.935483870967742,0.935483870967742,0.935483870967742,0.935483870967742
BWA,logistic_regression,train,0.9074074074074074,0.909655172413793,0.9074074074074074,0.9072802197802198
BWA,logistic_regression,valid,0.8064516129032258,1.0,0.8064516129032258,0.8928571428571429
BWA,lstm,train,0.9351851851851852,0.9389484607402284,0.9351851851851852,0.9350459661482944
BWA,lstm,valid,0.7741935483870968,1.0,0.7741935483870968,0.8727272727272727
BWA,svm,train,0.9166666666666666,0.9202698028363888,0.9166666666666666,0.9164876707620928
BWA,svm,valid,0.935483870967742,1.0,0.935483870967742,0.9666666666666668
BWA,transformer,train,0.7314814814814815,0.7569470879330035,0.7314814814814815,0.7246593406593407
BWA,transformer,valid,0.5161290322580645,1.0,0.5161290322580645,0.6808510638297872
BXH,logistic_regression,train,0.8068181818181818,0.8108320251177393,0.8068181818181818,0.8061925119834176
BXH,logistic_regression,valid,0.967741935483871,1.0,0.967741935483871,0.9836065573770492
BXH,lstm,train,0.9204545454545454,0.9224182667358588,0.9204545454545454,0.9203619909502262
BXH,lstm,valid,0.8709677419354839,1.0,0.8709677419354839,0.9310344827586208
BXH,svm,train,0.875,0.8751937984496123,0.875,0.8749838563864135
BXH,svm,valid,0.9032258064516128,1.0,0.9032258064516128,0.9491525423728814
BXH,transformer,train,0.8522727272727273,0.853918007265179,0.8522727272727273,0.8521008403361345
BXH,transformer,valid,0.967741935483871,1.0,0.967741935483871,0.9836065573770492
C21,logistic_regression,train,0.9204545454545454,0.9259549973835688,0.9204545454545454,0.920196916699054
C21,logistic_regression,valid,0.2903225806451613,0.1101223581757508,0.2903225806451613,0.1596774193548387
C21,lstm,train,0.75,0.8333333333333333,0.75,0.7333333333333333
C21,lstm,valid,0.4516129032258064,0.6526054590570719,0.4516129032258064,0.398256320836966
C21,svm,train,0.9545454545454546,0.9554865424430642,0.9545454545454546,0.9545219638242894
C21,svm,valid,0.3548387096774194,0.1259105098855359,0.3548387096774194,0.1858678955453149
C21,transformer,train,0.5568181818181818,0.5568475452196382,0.5568181818181818,0.5567609453700116
C21,transformer,valid,0.6774193548387096,0.6928591122139509,0.6774193548387096,0.6823712507074137
C32,logistic_regression,train,0.9594594594594594,0.959795321637427,0.9594594594594594,0.9594520547945204
C32,logistic_regression,valid,0.6774193548387096,1.0,0.6774193548387096,0.8076923076923077
C32,lstm,train,0.5,0.25,0.5,0.3333333333333333
C32,lstm,valid,0.0,0.0,0.0,0.0
C32,svm,train,0.9594594594594594,0.9625,0.9594594594594594,0.9593927199561002
C32,svm,valid,0.7096774193548387,1.0,0.7096774193548387,0.8301886792452831
C32,transformer,train,0.7027027027027027,0.70509977827051,0.7027027027027027,0.7018315018315018
C32,transformer,valid,1.0,1.0,1.0,1.0
C47,logistic_regression,train,0.9245283018867924,0.9300396682293544,0.9245283018867924,0.9242857142857144
C47,logistic_regression,valid,0.6451612903225806,0.7420698924731183,0.6451612903225806,0.6612728857890148
C47,lstm,train,0.9339622641509434,0.9416666666666668,0.9339622641509434,0.933673013319031
C47,lstm,valid,0.5806451612903226,0.7612903225806452,0.5806451612903226,0.5902855024100854
C47,svm,train,0.9433962264150944,0.9440285204991088,0.9433962264150944,0.9433760683760684
C47,svm,valid,0.2903225806451613,0.0842872008324661,0.2903225806451613,0.1306451612903225
C47,transformer,train,0.6792452830188679,0.8045977011494253,0.6792452830188679,0.6424603174603174
C47,transformer,valid,0.5161290322580645,0.682258064516129,0.5161290322580645,0.5272525027808677
C92,logistic_regression,train,0.8275862068965517,0.8478535353535352,0.8275862068965517,0.8250377073906485
C92,logistic_regression,valid,1.0,1.0,1.0,1.0
C92,lstm,train,0.853448275862069,0.8621687480962534,0.853448275862069,0.8525607476635514
C92,lstm,valid,0.9032258064516128,1.0,0.9032258064516128,0.9491525423728814
C92,svm,train,0.8362068965517241,0.8678048780487804,0.8362068965517241,0.8326118326118326
C92,svm,valid,0.935483870967742,1.0,0.935483870967742,0.9666666666666668
C92,transformer,train,0.6551724137931034,0.6581818181818181,0.6551724137931034,0.6535244922341698
C92,transformer,valid,1.0,1.0,1.0,1.0
CAD,logistic_regression,train,0.5531914893617021,0.5547785547785548,0.5531914893617021,0.5499316005471956
CAD,logistic_regression,valid,0.6129032258064516,0.6129032258064516,0.6129032258064516,0.6129032258064516
CAD,lstm,train,0.8404255319148937,0.8418181818181818,0.8404255319148937,0.8402628299535517
CAD,lstm,valid,0.7741935483870968,0.8191593352883676,0.7741935483870968,0.7895676046671242
CAD,svm,train,0.8191489361702128,0.8455882352941176,0.8191489361702128,0.815622476058613
CAD,svm,valid,0.5483870967741935,0.864516129032258,0.5483870967741935,0.5821615660325338
CAD,transformer,train,0.6595744680851063,0.6671408250355619,0.6595744680851063,0.6556776556776557
CAD,transformer,valid,0.6129032258064516,0.6129032258064516,0.6129032258064516,0.6129032258064516
CAN,logistic_regression,train,1.0,1.0,1.0,1.0
CAN,logistic_regression,valid,0.7741935483870968,0.5993756503642039,0.7741935483870968,0.6756598240469208
CAN,lstm,train,0.9891304347826086,0.9893617021276596,0.9891304347826086,0.989129150419473
CAN,lstm,valid,0.7741935483870968,0.5993756503642039,0.7741935483870968,0.6756598240469208
CAN,svm,train,1.0,1.0,1.0,1.0
CAN,svm,valid,0.7741935483870968,0.5993756503642039,0.7741935483870968,0.6756598240469208
CAN,transformer,train,0.9565217391304348,0.96,0.9565217391304348,0.956439393939394
CAN,transformer,valid,0.7741935483870968,0.5993756503642039,0.7741935483870968,0.6756598240469208
CAP,logistic_regression,train,0.6160714285714286,0.6170041787206687,0.6160714285714286,0.6153047368000638
CAP,logistic_regression,valid,0.6129032258064516,0.3756503642039542,0.6129032258064516,0.4658064516129032
CAP,lstm,train,0.7053571428571429,0.7320720720720721,0.7053571428571429,0.6966264466880079
CAP,lstm,valid,0.6129032258064516,0.3756503642039542,0.6129032258064516,0.4658064516129032
CAP,svm,train,0.875,0.8828125,0.875,0.8743589743589745
CAP,svm,valid,0.6129032258064516,0.3756503642039542,0.6129032258064516,0.4658064516129032
CAP,transformer,train,0.7589285714285714,0.8373493975903614,0.7589285714285714,0.7440541684299619
CAP,transformer,valid,0.9032258064516128,0.9164222873900294,0.9032258064516128,0.89985388333146
CCI,logistic_regression,train,0.7978723404255319,0.7990909090909092,0.7978723404255319,0.7976662512744986
CCI,logistic_regression,valid,0.5483870967741935,0.8118279569892474,0.5483870967741935,0.5284629981024668
CCI,lstm,train,0.9148936170212766,0.921767142199724,0.9148936170212766,0.9145454545454546
CCI,lstm,valid,0.6774193548387096,0.4588969823100936,0.6774193548387096,0.5471464019851118
CCI,svm,train,0.8191489361702128,0.8192934782608696,0.8191489361702128,0.8191284663271081
CCI,svm,valid,0.3225806451612903,0.1040582726326743,0.3225806451612903,0.1573564122738001
CCI,transformer,train,0.5,0.25,0.5,0.3333333333333333
CCI,transformer,valid,0.3225806451612903,0.1040582726326743,0.3225806451612903,0.1573564122738001
CCL,logistic_regression,train,0.979591836734694,0.9803921568627452,0.979591836734694,0.9795833333333334
CCL,logistic_regression,valid,0.064516129032258,0.0041623309053069,0.064516129032258,0.0078201368523949
CCL,lstm,train,0.6632653061224489,0.6921568627450981,0.6632653061224489,0.6501135994806881
CCL,lstm,valid,0.064516129032258,0.0041623309053069,0.064516129032258,0.0078201368523949
CCL,svm,train,0.9897959183673468,0.99,0.9897959183673468,0.9897948557742372
CCL,svm,valid,0.064516129032258,0.0041623309053069,0.064516129032258,0.0078201368523949
CCL,transformer,train,0.5816326530612245,0.689922480620155,0.5816326530612245,0.5120825743776564
CCL,transformer,valid,0.064516129032258,0.0041623309053069,0.064516129032258,0.0078201368523949
CCM,logistic_regression,train,0.9339622641509434,0.9378591954022988,0.9339622641509434,0.9338150031219338
CCM,logistic_regression,valid,1.0,1.0,1.0,1.0
CCM,lstm,train,0.8773584905660378,0.8943452380952381,0.8773584905660378,0.8760233918128655
CCM,lstm,valid,0.4516129032258064,1.0,0.4516129032258064,0.6222222222222222
CCM,svm,train,0.9433962264150944,0.94593626924454,0.9433962264150944,0.9433155080213904
CCM,svm,valid,0.2903225806451613,1.0,0.2903225806451613,0.45
CCM,transformer,train,0.6415094339622641,0.6709677419354839,0.6415094339622641,0.6253720238095237
CCM,transformer,valid,1.0,1.0,1.0,1.0
CDC,logistic_regression,train,0.9035087719298246,0.9096875,0.9035087719298246,0.903143585386576
CDC,logistic_regression,valid,0.6451612903225806,0.8012903225806451,0.6451612903225806,0.610349911892689
CDC,lstm,train,0.5964912280701754,0.6133815551537071,0.5964912280701754,0.5808823529411764
CDC,lstm,valid,0.4516129032258064,0.2039542143600416,0.4516129032258064,0.2810035842293907
CDC,svm,train,1.0,1.0,1.0,1.0
CDC,svm,valid,0.5483870967741935,0.3007284079084287,0.5483870967741935,0.3884408602150538
CDC,transformer,train,0.3245614035087719,0.2904411764705882,0.3245614035087719,0.2959011791128579
CDC,transformer,valid,0.3548387096774194,0.360483870967742,0.3548387096774194,0.3561827956989247
CHP,logistic_regression,train,0.9016393442622952,0.9178082191780822,0.9016393442622952,0.9006784260515603
CHP,logistic_regression,valid,0.8709677419354839,0.9331797235023042,0.8709677419354839,0.9010011123470524
CHP,lstm,train,0.9344262295081968,0.9386702849389416,0.9344262295081968,0.9342672413793104
CHP,lstm,valid,0.8709677419354839,0.9331797235023042,0.8709677419354839,0.9010011123470524
CHP,svm,train,0.9590163934426228,0.9601293103448276,0.9590163934426228,0.9589915966386556
CHP,svm,valid,0.6451612903225806,0.9704301075268816,0.6451612903225806,0.7554565250417785
CHP,transformer,train,0.8770491803278688,0.9013157894736844,0.8770491803278688,0.8751620165086296
CHP,transformer,valid,0.967741935483871,0.9365244536940688,0.967741935483871,0.9518773135906928
CI5,logistic_regression,train,0.9433962264150944,0.9433962264150944,0.9433962264150944,0.9433962264150944
CI5,logistic_regression,valid,0.3870967741935484,0.1677419354838709,0.3870967741935484,0.2340585146286571
CI5,lstm,train,0.8584905660377359,0.8691348973607038,0.8584905660377359,0.8574630210667862
CI5,lstm,valid,0.5806451612903226,0.3371488033298647,0.5806451612903226,0.4265964450296248
CI5,svm,train,0.9622641509433962,0.9629233511586452,0.9622641509433962,0.962250712250712
CI5,svm,valid,0.1935483870967742,0.1598240469208211,0.1935483870967742,0.162826420890937
CI5,transformer,train,0.7924528301886793,0.8217783000391697,0.7924528301886793,0.7876138433515483
CI5,transformer,valid,0.4838709677419355,0.4838709677419355,0.4838709677419355,0.4838709677419355
CID,logistic_regression,train,0.8513513513513513,0.8578869047619048,0.8513513513513513,0.8506696019079069
CID,logistic_regression,valid,0.032258064516129,0.0010405827263267,0.032258064516129,0.002016129032258
CID,lstm,train,0.527027027027027,0.7569444444444444,0.527027027027027,0.390731592566455
CID,lstm,valid,0.032258064516129,0.0010405827263267,0.032258064516129,0.002016129032258
CID,svm,train,0.8648648648648649,0.8747186796699175,0.8648648648648649,0.8639705882352942
CID,svm,valid,0.032258064516129,0.0010405827263267,0.032258064516129,0.002016129032258
CID,transformer,train,0.7567567567567568,0.7575091575091575,0.7567567567567568,0.7565789473684211
CID,transformer,valid,0.032258064516129,0.0010405827263267,0.032258064516129,0.002016129032258
CIG,logistic_regression,train,0.847457627118644,0.8831168831168831,0.847457627118644,0.8438235294117646
CIG,logistic_regression,valid,0.7741935483870968,0.780791788856305,0.7741935483870968,0.7697994768962511
CIG,lstm,train,0.9152542372881356,0.927536231884058,0.9152542372881356,0.9146412037037036
CIG,lstm,valid,0.5483870967741935,0.3007284079084287,0.5483870967741935,0.3884408602150538
CIG,svm,train,0.9830508474576272,0.9830508474576272,0.9830508474576272,0.9830508474576272
CIG,svm,valid,0.5483870967741935,0.3007284079084287,0.5483870967741935,0.3884408602150538
CIG,transformer,train,0.7796610169491526,0.8470588235294118,0.7796610169491526,0.7684178743961352
CIG,transformer,valid,0.8387096774193549,0.8411290322580646,0.8387096774193549,0.8390467522836822
CII,logistic_regression,train,0.9315068493150684,0.8677050103208857,0.9315068493150684,0.8984746915379382
CII,logistic_regression,valid,0.8064516129032258,0.6503642039542143,0.8064516129032258,0.7200460829493088
CII,lstm,train,0.9315068493150684,0.8677050103208857,0.9315068493150684,0.8984746915379382
CII,lstm,valid,0.8064516129032258,0.6503642039542143,0.8064516129032258,0.7200460829493088
CII,svm,train,0.9315068493150684,0.8677050103208857,0.9315068493150684,0.8984746915379382
CII,svm,valid,0.8064516129032258,0.6503642039542143,0.8064516129032258,0.7200460829493088
CII,transformer,train,0.9315068493150684,0.8677050103208857,0.9315068493150684,0.8984746915379382
CII,transformer,valid,0.7096774193548387,0.6336405529953917,0.7096774193548387,0.6695069993913573
CJC,logistic_regression,train,0.9487179487179488,0.9534883720930232,0.9487179487179488,0.948582729070534
CJC,logistic_regression,valid,0.8387096774193549,1.0,0.8387096774193549,0.912280701754386
CJC,lstm,train,0.9487179487179488,0.9534883720930232,0.9487179487179488,0.948582729070534
CJC,lstm,valid,0.8064516129032258,1.0,0.8064516129032258,0.8928571428571429
CJC,svm,train,0.9230769230769232,0.9333333333333336,0.9230769230769232,0.9226190476190476
CJC,svm,valid,0.2580645161290322,1.0,0.2580645161290322,0.4102564102564102
CJC,transformer,train,0.9102564102564102,0.9105263157894736,0.9102564102564102,0.9102416570771
CJC,transformer,valid,0.7096774193548387,1.0,0.7096774193548387,0.8301886792452831
CKV,logistic_regression,train,0.9339622641509434,0.9416666666666668,0.9339622641509434,0.933673013319031
CKV,logistic_regression,valid,0.5806451612903226,0.8231182795698925,0.5806451612903226,0.634221273088307
CKV,lstm,train,0.9433962264150944,0.9491525423728814,0.9433962264150944,0.9432142857142856
CKV,lstm,valid,0.8387096774193549,0.8828892005610098,0.8387096774193549,0.8523826404010736
CKV,svm,train,0.9433962264150944,0.9440285204991088,0.9433962264150944,0.9433760683760684
CKV,svm,valid,0.7096774193548387,0.8483305036785512,0.7096774193548387,0.7468690702087286
CKV,transformer,train,0.9150943396226416,0.9274193548387096,0.9150943396226416,0.9144778126400718
CKV,transformer,valid,0.7419354838709677,0.8554252199413489,0.7419354838709677,0.7734922861150071
CLC,logistic_regression,train,0.8026315789473685,0.8045296167247388,0.8026315789473685,0.8023235651118433
CLC,logistic_regression,valid,0.8064516129032258,1.0,0.8064516129032258,0.8928571428571429
CLC,lstm,train,0.8289473684210527,0.8310104529616724,0.8289473684210527,0.8286804230969308
CLC,lstm,valid,0.8064516129032258,1.0,0.8064516129032258,0.8928571428571429
CLC,svm,train,0.9342105263157896,0.9369337979094076,0.9342105263157896,0.9341078550372808
CLC,svm,valid,0.5483870967741935,1.0,0.5483870967741935,0.7083333333333334
CLC,transformer,train,0.6578947368421053,0.6578947368421053,0.6578947368421053,0.6578947368421053
CLC,transformer,valid,1.0,1.0,1.0,1.0
CLG,logistic_regression,train,0.89,0.89015606242497,0.89,0.8899889988998899
CLG,logistic_regression,valid,1.0,1.0,1.0,1.0
CLG,lstm,train,0.93,0.9343434343434344,0.93,0.9298245614035088
CLG,lstm,valid,1.0,1.0,1.0,1.0
CLG,svm,train,0.88,0.8958333333333335,0.88,0.8787878787878788
CLG,svm,valid,1.0,1.0,1.0,1.0
CLG,transformer,train,0.9,0.9006410256410255,0.9,0.8999599839935974
CLG,transformer,valid,1.0,1.0,1.0,1.0
CLW,logistic_regression,train,0.8863636363636364,0.8895833333333333,0.8863636363636364,0.8861283643892339
CLW,logistic_regression,valid,0.4838709677419355,0.969639468690702,0.4838709677419355,0.6194200065167806
CLW,lstm,train,0.7954545454545454,0.8548387096774193,0.7954545454545454,0.786522911051213
CLW,lstm,valid,0.032258064516129,0.0010405827263267,0.032258064516129,0.002016129032258
CLW,svm,train,0.9431818181818182,0.9489795918367346,0.9431818181818182,0.9429977976421816
CLW,svm,valid,0.967741935483871,0.9838709677419356,0.967741935483871,0.97284490614179
CLW,transformer,train,0.5,0.25,0.5,0.3333333333333333
CLW,transformer,valid,0.9032258064516128,0.9343715239154616,0.9032258064516128,0.9185347184253692
CMC,logistic_regression,train,0.925925925925926,0.9282758620689656,0.925925925925926,0.925824175824176
CMC,logistic_regression,valid,0.5806451612903226,0.6746543778801843,0.5806451612903226,0.5727576094650622
CMC,lstm,train,0.8888888888888888,0.9090909090909092,0.8888888888888888,0.8875
CMC,lstm,valid,0.7096774193548387,0.7859366157328804,0.7096774193548387,0.7096774193548387
CMC,svm,train,0.9444444444444444,0.9450549450549453,0.9444444444444444,0.94442538593482
CMC,svm,valid,0.3870967741935484,0.1498439125910509,0.3870967741935484,0.2160540135033758
CMC,transformer,train,0.7870370370370371,0.8506493506493507,0.7870370370370371,0.7769196228109565
CMC,transformer,valid,0.6774193548387096,0.7080645161290323,0.6774193548387096,0.6814854974247765
CMG,logistic_regression,train,0.912280701754386,0.9253731343283582,0.912280701754386,0.9116004962779156
CMG,logistic_regression,valid,0.5806451612903226,0.8402457757296466,0.5806451612903226,0.5920382917045875
CMG,lstm,train,0.9824561403508772,0.9824561403508772,0.9824561403508772,0.9824561403508772
CMG,lstm,valid,0.7419354838709677,0.5504682622268471,0.7419354838709677,0.6320191158900836
CMG,svm,train,0.9035087719298246,0.906637717121588,0.9035087719298246,0.9033227970087118
CMG,svm,valid,0.7419354838709677,0.5504682622268471,0.7419354838709677,0.6320191158900836
CMG,transformer,train,0.7719298245614035,0.8433734939759037,0.7719298245614035,0.7594155844155843
CMG,transformer,valid,0.2580645161290322,0.0665972944849115,0.2580645161290322,0.1058726220016542
CMI,logistic_regression,train,0.8804347826086957,0.8806146572104019,0.8804347826086957,0.880420654614203
CMI,logistic_regression,valid,0.1935483870967742,0.0374609781477627,0.1935483870967742,0.062772449869224
CMI,lstm,train,0.5,0.25,0.5,0.3333333333333333
CMI,lstm,valid,0.8064516129032258,0.6503642039542143,0.8064516129032258,0.7200460829493088
CMI,svm,train,0.8804347826086957,0.8955773955773957,0.8804347826086957,0.8792794942144816
CMI,svm,valid,0.1935483870967742,0.0374609781477627,0.1935483870967742,0.062772449869224
CMI,transformer,train,0.6847826086956522,0.7008217770929636,0.6847826086956522,0.6783604581072936
CMI,transformer,valid,0.1935483870967742,0.0374609781477627,0.1935483870967742,0.062772449869224
CMS,logistic_regression,train,0.9452054794520548,0.9608610567514676,0.9452054794520548,0.948873418669062
CMS,logistic_regression,valid,0.7741935483870968,0.5993756503642039,0.7741935483870968,0.6756598240469208
CMS,lstm,train,0.863013698630137,0.744792644023269,0.863013698630137,0.7995568090249798
CMS,lstm,valid,0.5806451612903226,0.5574193548387097,0.5806451612903226,0.5687952600394998
CMS,svm,train,0.863013698630137,0.744792644023269,0.863013698630137,0.7995568090249798
CMS,svm,valid,0.7741935483870968,0.5993756503642039,0.7741935483870968,0.6756598240469208
CMS,transformer,train,0.863013698630137,0.744792644023269,0.863013698630137,0.7995568090249798
CMS,transformer,valid,0.7741935483870968,0.5993756503642039,0.7741935483870968,0.6756598240469208
CMT,logistic_regression,train,0.96875,0.9689535388623536,0.96875,0.9687466087900164
CMT,logistic_regression,valid,0.1612903225806451,0.184449958643507,0.1612903225806451,0.1665322580645161
CMT,lstm,train,0.5,0.25,0.5,0.3333333333333333
CMT,lstm,valid,0.3870967741935484,0.3064516129032258,0.3870967741935484,0.342085521380345
CMT,svm,train,0.9895833333333334,0.9897959183673468,0.9895833333333334,0.9895822029300052
CMT,svm,valid,0.1935483870967742,0.1607643758765778,0.1935483870967742,0.1559993172896398
CMT,transformer,train,0.6770833333333334,0.7190016103059581,0.6770833333333334,0.6608547008547009
CMT,transformer,valid,0.2580645161290322,0.2542075736325385,0.2580645161290322,0.2235193719064686
CMV,logistic_regression,train,0.9178082191780822,0.8423719271908425,0.9178082191780822,0.8784735812133073
CMV,logistic_regression,valid,0.032258064516129,0.0010405827263267,0.032258064516129,0.002016129032258
CMV,lstm,train,0.8082191780821918,0.9239518472395184,0.8082191780821918,0.846732539860768
CMV,lstm,valid,0.967741935483871,0.9365244536940688,0.967741935483871,0.9518773135906928
CMV,svm,train,0.0821917808219178,0.0067554888346781,0.0821917808219178,0.0124848274666204
CMV,svm,valid,0.967741935483871,0.9365244536940688,0.967741935483871,0.9518773135906928
CMV,transformer,train,0.8904109589041096,0.840246961219371,0.8904109589041096,0.8646019456025412
CMV,transformer,valid,0.032258064516129,0.0010405827263267,0.032258064516129,0.002016129032258
CMX,logistic_regression,train,0.863013698630137,0.744792644023269,0.863013698630137,0.7995568090249798
CMX,logistic_regression,valid,0.0967741935483871,0.0093652445369406,0.0967741935483871,0.01707779886148
CMX,lstm,train,0.5342465753424658,0.8941469489414694,0.5342465753424658,0.5948095206582401
CMX,lstm,valid,0.0967741935483871,0.0093652445369406,0.0967741935483871,0.01707779886148
CMX,svm,train,0.958904109589041,0.9607721046077212,0.958904109589041,0.9557558608024288
CMX,svm,valid,0.0967741935483871,0.0093652445369406,0.0967741935483871,0.01707779886148
CMX,transformer,train,0.821917808219178,0.7397260273972602,0.821917808219178,0.7786589762076424
CMX,transformer,valid,0.0967741935483871,0.0093652445369406,0.0967741935483871,0.01707779886148
CNG,logistic_regression,train,0.8902439024390244,0.9019607843137256,0.8902439024390244,0.889438202247191
CNG,logistic_regression,valid,0.7741935483870968,0.8957816377171216,0.7741935483870968,0.797409878785486
CNG,lstm,train,0.9634146341463414,0.9636904761904762,0.9634146341463414,0.9634091923248548
CNG,lstm,valid,0.8064516129032258,0.9032258064516128,0.8064516129032258,0.8255131964809383
CNG,svm,train,0.9878048780487804,0.988095238095238,0.9878048780487804,0.987803064108285
CNG,svm,valid,0.8064516129032258,0.8648233486943163,0.8064516129032258,0.8222300140252454
CNG,transformer,train,0.8536585365853658,0.8867924528301887,0.8536585365853658,0.8504559270516718
CNG,transformer,valid,0.9032258064516128,0.935483870967742,0.9032258064516128,0.909814687714482
CNT,logistic_regression,train,0.8875,0.8997421018697616,0.8875,0.8866320264525271
CNT,logistic_regression,valid,0.5483870967741935,0.547800586510264,0.5483870967741935,0.5387372484146679
CNT,lstm,train,0.6125,0.6680672268907563,0.6125,0.5775847385453926
CNT,lstm,valid,0.2258064516129032,0.1898617511520737,0.2258064516129032,0.2009925558312655
CNT,svm,train,0.925,0.9292929292929292,0.925,0.924812030075188
CNT,svm,valid,0.6451612903225806,0.6450257522363785,0.6451612903225806,0.6444197256210603
CNT,transformer,train,0.625,0.7450980392156862,0.625,0.5726495726495726
CNT,transformer,valid,0.6451612903225806,0.6582181259600615,0.6451612903225806,0.6336530078465563
COM,logistic_regression,train,0.8524590163934426,0.8524590163934426,0.8524590163934426,0.8524590163934426
COM,logistic_regression,valid,0.935483870967742,1.0,0.935483870967742,0.9666666666666668
COM,lstm,train,0.8934426229508197,0.8943965517241379,0.8934426229508197,0.8933781512605042
COM,lstm,valid,0.967741935483871,1.0,0.967741935483871,0.9836065573770492
COM,svm,train,0.860655737704918,0.8686813186813187,0.860655737704918,0.8598932648787407
COM,svm,valid,0.6129032258064516,1.0,0.6129032258064516,0.76
COM,transformer,train,0.8360655737704918,0.8375168690958165,0.8360655737704918,0.8358891579230562
COM,transformer,valid,0.935483870967742,1.0,0.935483870967742,0.9666666666666668
CPC,logistic_regression,train,0.8333333333333334,0.8339130434782609,0.8333333333333334,0.8332609639600522
CPC,logistic_regression,valid,0.2258064516129032,0.0509885535900104,0.2258064516129032,0.0831918505942275
CPC,lstm,train,0.5208333333333334,0.7553191489361701,0.5208333333333334,0.3780281690140845
CPC,lstm,valid,0.2258064516129032,0.0509885535900104,0.2258064516129032,0.0831918505942275
CPC,svm,train,0.9791666666666666,0.98,0.9791666666666666,0.9791576204950064
CPC,svm,valid,0.5806451612903226,0.6350230414746543,0.5806451612903226,0.6036685641998736
CPC,transformer,train,0.5729166666666666,0.6000595592614651,0.5729166666666666,0.5418461180304971
CPC,transformer,valid,0.7096774193548387,0.8729838709677419,0.7096774193548387,0.7329809040888985
CSC,logistic_regression,train,0.91,0.9114813327980732,0.91,0.909918927034331
CSC,logistic_regression,valid,0.2580645161290322,1.0,0.2580645161290322,0.4102564102564102
CSC,lstm,train,0.71,0.7141982864137087,0.71,0.7085720028137876
CSC,lstm,valid,0.0,0.0,0.0,0.0
CSC,svm,train,0.88,0.8806089743589745,0.88,0.879951980792317
CSC,svm,valid,0.2580645161290322,1.0,0.2580645161290322,0.4102564102564102
CSC,transformer,train,0.5,0.25,0.5,0.3333333333333332
CSC,transformer,valid,0.3548387096774194,1.0,0.3548387096774194,0.5238095238095238
CSM,logistic_regression,train,0.8478260869565217,0.865079365079365,0.8478260869565217,0.8460066953610712
CSM,logistic_regression,valid,0.6129032258064516,0.9193548387096774,0.6129032258064516,0.7354838709677419
CSM,lstm,train,0.8804347826086957,0.9035087719298246,0.8804347826086957,0.8787007071796715
CSM,lstm,valid,0.8064516129032258,0.9305210918114144,0.8064516129032258,0.8640552995391706
CSM,svm,train,0.8913043478260869,0.9107142857142856,0.8913043478260869,0.8900047824007651
CSM,svm,valid,0.9032258064516128,0.9343715239154616,0.9032258064516128,0.9185347184253692
CSM,transformer,train,0.8478260869565217,0.865079365079365,0.8478260869565217,0.8460066953610712
CSM,transformer,valid,0.5483870967741935,0.913978494623656,0.5483870967741935,0.6854838709677419
CT3,logistic_regression,train,0.951219512195122,0.9555555555555556,0.951219512195122,0.951103160405486
CT3,logistic_regression,valid,1.0,1.0,1.0,1.0
CT3,lstm,train,1.0,1.0,1.0,1.0
CT3,lstm,valid,1.0,1.0,1.0,1.0
CT3,svm,train,0.975609756097561,0.9767441860465116,0.975609756097561,0.9755952380952382
CT3,svm,valid,1.0,1.0,1.0,1.0
CT3,transformer,train,1.0,1.0,1.0,1.0
CT3,transformer,valid,1.0,1.0,1.0,1.0
CT6,logistic_regression,train,0.8378378378378378,0.8418329637841833,0.8378378378378378,0.8373626373626374
CT6,logistic_regression,valid,0.5161290322580645,0.586021505376344,0.5161290322580645,0.4237375133256998
CT6,lstm,train,0.8783783783783784,0.8808823529411764,0.8783783783783784,0.8781781598683006
CT6,lstm,valid,0.5483870967741935,0.7664071190211347,0.5483870967741935,0.4446073639622026
CT6,svm,train,0.9054054054054054,0.9080882352941176,0.9054054054054054,0.9052496798975672
CT6,svm,valid,0.5483870967741935,0.7664071190211347,0.5483870967741935,0.4446073639622026
CT6,transformer,train,0.7432432432432432,0.7448529411764706,0.7432432432432432,0.7428205597219683
CT6,transformer,valid,0.4838709677419355,0.4903225806451612,0.4838709677419355,0.4310850439882698
CTA,logistic_regression,train,0.839622641509434,0.8613636363636363,0.839622641509434,0.8371735791090629
CTA,logistic_regression,valid,0.4516129032258064,0.4090112201963534,0.4516129032258064,0.4274489675050342
CTA,lstm,train,0.5,0.25,0.5,0.3333333333333333
CTA,lstm,valid,0.6451612903225806,0.600111234705228,0.6451612903225806,0.554919734643237
CTA,svm,train,0.8207547169811321,0.8486842105263158,0.8207547169811321,0.8170919989101808
CTA,svm,valid,0.3548387096774194,0.1259105098855359,0.3548387096774194,0.1858678955453149
CTA,transformer,train,0.5754716981132075,0.7704081632653061,0.5754716981132075,0.4821409184670503
CTA,transformer,valid,0.6129032258064516,0.5330261136712751,0.6129032258064516,0.5345622119815668
CTB,logistic_regression,train,0.9125,0.914833438089252,0.9125,0.9123767798466592
CTB,logistic_regression,valid,1.0,1.0,1.0,1.0
CTB,lstm,train,0.95,0.9511278195488722,0.95,0.9499687304565352
CTB,lstm,valid,1.0,1.0,1.0,1.0
CTB,svm,train,0.9625,0.962789243277048,0.9625,0.9624941397093296
CTB,svm,valid,1.0,1.0,1.0,1.0
CTB,transformer,train,0.975,0.975,0.975,0.975
CTB,transformer,valid,1.0,1.0,1.0,1.0
CTD,logistic_regression,train,0.9230769230769232,0.9237037037037036,0.9230769230769232,0.9230484646688863
CTD,logistic_regression,valid,0.3548387096774194,0.1259105098855359,0.3548387096774194,0.1858678955453149
CTD,lstm,train,0.5,0.25,0.5,0.3333333333333333
CTD,lstm,valid,0.6451612903225806,0.4162330905306972,0.6451612903225806,0.5060088551549652
CTD,svm,train,0.903846153846154,0.90625,0.903846153846154,0.903703703703704
CTD,svm,valid,0.3548387096774194,0.1259105098855359,0.3548387096774194,0.1858678955453149
CTD,transformer,train,0.8942307692307693,0.8979096677864876,0.8942307692307693,0.8939857288481142
CTD,transformer,valid,0.4516129032258064,0.5153019023986766,0.4516129032258064,0.4596352849967978
CTG,logistic_regression,train,0.8981481481481481,0.9153846153846154,0.8981481481481481,0.8970804816772069
CTG,logistic_regression,valid,0.8709677419354839,0.8709677419354839,0.8709677419354839,0.8709677419354839
CTG,lstm,train,0.6296296296296297,0.6363636363636362,0.6296296296296297,0.625
CTG,lstm,valid,0.6129032258064516,0.3756503642039542,0.6129032258064516,0.4658064516129032
CTG,svm,train,0.9074074074074074,0.9074074074074074,0.9074074074074074,0.9074074074074074
CTG,svm,valid,0.6129032258064516,0.3756503642039542,0.6129032258064516,0.4658064516129032
CTG,transformer,train,0.7222222222222222,0.8214285714285715,0.7222222222222222,0.6989966555183947
CTG,transformer,valid,0.7096774193548387,0.8029953917050692,0.7096774193548387,0.6503774879890185
CTI,logistic_regression,train,0.925,0.926065162907268,0.925,0.924953095684803
CTI,logistic_regression,valid,0.4193548387096774,0.8986175115207373,0.4193548387096774,0.5718475073313782
CTI,lstm,train,0.8875,0.8877423389618512,0.8875,0.8874824191279889
CTI,lstm,valid,0.7096774193548387,0.9256661991584852,0.7096774193548387,0.8034083992696287
CTI,svm,train,0.9375,0.9399748585795098,0.9375,0.9374119856047568
CTI,svm,valid,0.3548387096774194,0.8870967741935484,0.3548387096774194,0.5069124423963134
CTI,transformer,train,0.8875,0.8877423389618512,0.8875,0.8874824191279889
CTI,transformer,valid,0.4838709677419355,0.969639468690702,0.4838709677419355,0.6194200065167806
CTN,logistic_regression,train,0.9326923076923076,0.940677966101695,0.9326923076923076,0.9323859942416644
CTN,logistic_regression,valid,0.2258064516129032,1.0,0.2258064516129032,0.3684210526315789
CTN,lstm,train,0.625,0.7857142857142857,0.625,0.5636363636363637
CTN,lstm,valid,0.6774193548387096,1.0,0.6774193548387096,0.8076923076923077
CTN,svm,train,0.9134615384615384,0.9136145024047356,0.9134615384615384,0.9134535367545076
CTN,svm,valid,0.935483870967742,1.0,0.935483870967742,0.9666666666666668
CTN,transformer,train,0.5096153846153846,0.5254154447702835,0.5096153846153846,0.419376026272578
CTN,transformer,valid,0.8709677419354839,1.0,0.8709677419354839,0.9310344827586208
CTS,logistic_regression,train,0.9404761904761904,0.946808510638298,0.9404761904761904,0.9402645427392974
CTS,logistic_regression,valid,0.6774193548387096,0.9078341013824884,0.6774193548387096,0.7303681981101336
CTS,lstm,train,0.8690476190476191,0.8962264150943398,0.8690476190476191,0.86676279740447
CTS,lstm,valid,0.6774193548387096,0.9078341013824884,0.6774193548387096,0.7303681981101336
CTS,svm,train,0.8690476190476191,0.8962264150943398,0.8690476190476191,0.86676279740447
CTS,svm,valid,0.6774193548387096,0.9078341013824884,0.6774193548387096,0.7303681981101336
CTS,transformer,train,0.8095238095238095,0.828125,0.8095238095238095,0.8067855089131685
CTS,transformer,valid,0.6774193548387096,0.9078341013824884,0.6774193548387096,0.7303681981101336
CTX,logistic_regression,train,0.902439024390244,0.9033989266547404,0.902439024390244,0.9023809523809524
CTX,logistic_regression,valid,1.0,1.0,1.0,1.0
CTX,lstm,train,0.9390243902439024,0.9392857142857144,0.9390243902439024,0.9390153205414248
CTX,lstm,valid,1.0,1.0,1.0,1.0
CTX,svm,train,0.902439024390244,0.9033989266547404,0.902439024390244,0.9023809523809524
CTX,svm,valid,1.0,1.0,1.0,1.0
CTX,transformer,train,0.9146341463414634,0.9148809523809524,0.9146341463414634,0.9146214487579948
CTX,transformer,valid,1.0,1.0,1.0,1.0
CVN,logistic_regression,train,0.9021739130434784,0.9069823051171688,0.9021739130434784,0.901884109491646
CVN,logistic_regression,valid,0.064516129032258,0.0041623309053069,0.064516129032258,0.0078201368523949
CVN,lstm,train,0.5978260869565217,0.7771084337349398,0.5978260869565217,0.5202255109231854
CVN,lstm,valid,0.6451612903225806,0.8504398826979472,0.6451612903225806,0.7337128399746996
CVN,svm,train,0.9239130434782608,0.924113475177305,0.9239130434782608,0.9239040529363112
CVN,svm,valid,0.064516129032258,0.0041623309053069,0.064516129032258,0.0078201368523949
CVN,transformer,train,0.5,0.25,0.5,0.3333333333333333
CVN,transformer,valid,0.064516129032258,0.0041623309053069,0.064516129032258,0.0078201368523949
CVT,logistic_regression,train,0.9489795918367347,0.9506688963210702,0.9489795918367347,0.948931735278791
CVT,logistic_regression,valid,0.9032258064516128,0.9185059422750425,0.9032258064516128,0.9019969278033794
CVT,lstm,train,0.6530612244897959,0.6553911205073996,0.6530612244897959,0.6517558528428093
CVT,lstm,valid,0.5161290322580645,0.2663891779396461,0.5161290322580645,0.3514070006863418
CVT,svm,train,0.9489795918367347,0.9506688963210702,0.9489795918367347,0.948931735278791
CVT,svm,valid,0.8387096774193549,0.8527708850289496,0.8387096774193549,0.8376984528263728
CVT,transformer,train,0.7040816326530612,0.7048494983277592,0.7040816326530612,0.7038040646169881
CVT,transformer,valid,0.5161290322580645,0.2663891779396461,0.5161290322580645,0.3514070006863418
CX8,logistic_regression,train,0.9,0.9166666666666669,0.9,0.898989898989899
CX8,logistic_regression,valid,1.0,1.0,1.0,1.0
CX8,lstm,train,0.97,0.9716981132075472,0.97,0.9699729756781104
CX8,lstm,valid,0.967741935483871,1.0,0.967741935483871,0.9836065573770492
CX8,svm,train,0.92,0.9310344827586208,0.92,0.9194847020933976
CX8,svm,valid,1.0,1.0,1.0,1.0
CX8,transformer,train,0.97,0.9716981132075472,0.97,0.9699729756781104
CX8,transformer,valid,1.0,1.0,1.0,1.0
CYC,logistic_regression,train,0.8673469387755102,0.8868421052631579,0.8673469387755102,0.8656543287989034
CYC,logistic_regression,valid,0.6774193548387096,0.7652480346977499,0.6774193548387096,0.6972140762463342
CYC,lstm,train,0.5,0.25,0.5,0.3333333333333333
CYC,lstm,valid,0.7419354838709677,0.5504682622268471,0.7419354838709677,0.6320191158900836
CYC,svm,train,0.8775510204081632,0.9016393442622952,0.8775510204081632,0.8756871035940803
CYC,svm,valid,0.7419354838709677,0.5504682622268471,0.7419354838709677,0.6320191158900836
CYC,transformer,train,0.8469387755102041,0.8541666666666667,0.8469387755102041,0.8461538461538463
CYC,transformer,valid,0.7419354838709677,0.5504682622268471,0.7419354838709677,0.6320191158900836
D11,logistic_regression,train,0.7023809523809523,0.7081632653061225,0.7023809523809523,0.7002997002997003
D11,logistic_regression,valid,0.7419354838709677,0.5504682622268471,0.7419354838709677,0.6320191158900836
D11,lstm,train,0.8452380952380952,0.8454339194554736,0.8452380952380952,0.8452161587526578
D11,lstm,valid,0.7419354838709677,0.5504682622268471,0.7419354838709677,0.6320191158900836
D11,svm,train,0.8571428571428571,0.8571428571428571,0.8571428571428571,0.8571428571428571
D11,svm,valid,0.7096774193548387,0.5440860215053763,0.7096774193548387,0.6159464394400487
D11,transformer,train,0.6428571428571429,0.6514423076923077,0.6428571428571429,0.6377228292121909
D11,transformer,valid,0.7419354838709677,0.5504682622268471,0.7419354838709677,0.6320191158900836
D2D,logistic_regression,train,0.863013698630137,0.9315068493150684,0.863013698630137,0.87994016690285
D2D,logistic_regression,valid,0.8387096774193549,0.7034339229968783,0.8387096774193549,0.7651386530843237
D2D,lstm,train,0.863013698630137,0.744792644023269,0.863013698630137,0.7995568090249798
D2D,lstm,valid,0.8387096774193549,0.7034339229968783,0.8387096774193549,0.7651386530843237
D2D,svm,train,0.863013698630137,0.744792644023269,0.863013698630137,0.7995568090249798
D2D,svm,valid,0.8387096774193549,0.7034339229968783,0.8387096774193549,0.7651386530843237
D2D,transformer,train,0.863013698630137,0.744792644023269,0.863013698630137,0.7995568090249798
D2D,transformer,valid,0.8387096774193549,0.7034339229968783,0.8387096774193549,0.7651386530843237
DAC,logistic_regression,train,0.9302325581395348,0.9311653116531166,0.9302325581395348,0.9301948051948052
DAC,logistic_regression,valid,0.6774193548387096,0.795608566007048,0.6774193548387096,0.691204852495175
DAC,lstm,train,0.5813953488372093,0.6585879873551107,0.5813953488372093,0.5233990147783252
DAC,lstm,valid,0.5806451612903226,0.8284457478005866,0.5806451612903226,0.5806451612903226
DAC,svm,train,0.9186046511627908,0.9206521739130435,0.9186046511627908,0.9185054826045757
DAC,svm,valid,0.7419354838709677,0.8201612903225807,0.7419354838709677,0.7538200339558574
DAC,transformer,train,0.5,0.5,0.5,0.496665305566898
DAC,transformer,valid,0.2580645161290322,0.3091397849462365,0.2580645161290322,0.1666259808195292
DAD,logistic_regression,train,0.8625,0.8627267041901188,0.8625,0.8624785122675418
DAD,logistic_regression,valid,0.7096774193548387,0.7106374807987711,0.7096774193548387,0.6883562996012161
DAD,lstm,train,0.8,0.8069053708439899,0.8,0.7988686360779385
DAD,lstm,valid,0.6451612903225806,0.7144878324844369,0.6451612903225806,0.6451612903225806
DAD,svm,train,0.95,0.9511278195488722,0.95,0.9499687304565352
DAD,svm,valid,0.5806451612903226,0.5011520737327189,0.5806451612903226,0.4949897048730267
DAD,transformer,train,0.65,0.7941176470588236,0.65,0.6011396011396011
DAD,transformer,valid,0.3870967741935484,0.1498439125910509,0.3870967741935484,0.2160540135033758
DAE,logistic_regression,train,0.9807692307692308,0.9814814814814816,0.9807692307692308,0.9807621161672216
DAE,logistic_regression,valid,0.4838709677419355,0.2341311134235171,0.4838709677419355,0.3155680224403927
DAE,lstm,train,0.6346153846153846,0.7888888888888889,0.6346153846153846,0.5783183952198037
DAE,lstm,valid,0.4838709677419355,0.4910394265232974,0.4838709677419355,0.4027649769585254
DAE,svm,train,1.0,1.0,1.0,1.0
DAE,svm,valid,0.4838709677419355,0.2341311134235171,0.4838709677419355,0.3155680224403927
DAE,transformer,train,0.8269230769230769,0.8394777265745008,0.8269230769230769,0.8253079507278834
DAE,transformer,valid,0.4838709677419355,0.2341311134235171,0.4838709677419355,0.3155680224403927
DAG,logistic_regression,train,0.8461538461538461,0.8482142857142858,0.8461538461538461,0.845925925925926
DAG,logistic_regression,valid,0.3548387096774194,0.5544086021505377,0.3548387096774194,0.3223095689888858
DAG,lstm,train,0.7692307692307693,0.8159722222222222,0.7692307692307693,0.76036866359447
DAG,lstm,valid,0.2903225806451613,0.0842872008324661,0.2903225806451613,0.1306451612903225
DAG,svm,train,0.9423076923076924,0.9423076923076924,0.9423076923076924,0.9423076923076924
DAG,svm,valid,0.4193548387096774,0.8064516129032258,0.4193548387096774,0.3635235732009926
DAG,transformer,train,0.5192307692307693,0.5335917312661499,0.5192307692307693,0.4616977225672877
DAG,transformer,valid,0.6129032258064516,0.6636338571822443,0.6129032258064516,0.6287390029325512
DBC,logistic_regression,train,0.8904109589041096,0.792831675736536,0.8904109589041096,0.8387929323009728
DBC,logistic_regression,valid,0.5161290322580645,0.2663891779396461,0.5161290322580645,0.3514070006863418
DBC,lstm,train,0.6575342465753424,0.7632093933463796,0.6575342465753424,0.706441752518963
DBC,lstm,valid,0.5161290322580645,0.2663891779396461,0.5161290322580645,0.3514070006863418
DBC,svm,train,0.8904109589041096,0.792831675736536,0.8904109589041096,0.8387929323009728
DBC,svm,valid,0.5161290322580645,0.2663891779396461,0.5161290322580645,0.3514070006863418
DBC,transformer,train,0.8767123287671232,0.791476407914764,0.8767123287671232,0.831916808319168
DBC,transformer,valid,0.4516129032258064,0.4493320299771912,0.4516129032258064,0.4267131647776809
DBM,logistic_regression,train,1.0,1.0,1.0,1.0
DBM,logistic_regression,valid,0.935483870967742,0.8751300728407908,0.935483870967742,0.9043010752688172
DBM,lstm,train,0.98,0.9807692307692308,0.98,0.9799919967987194
DBM,lstm,valid,0.935483870967742,0.8751300728407908,0.935483870967742,0.9043010752688172
DBM,svm,train,1.0,1.0,1.0,1.0
DBM,svm,valid,0.935483870967742,0.8751300728407908,0.935483870967742,0.9043010752688172
DBM,transformer,train,0.94,0.9428341384863124,0.94,0.939903846153846
DBM,transformer,valid,0.935483870967742,0.8751300728407908,0.935483870967742,0.9043010752688172
DBT,logistic_regression,train,0.9651162790697676,0.9673913043478262,0.9651162790697676,0.9650737782591038
DBT,logistic_regression,valid,1.0,1.0,1.0,1.0
DBT,lstm,train,1.0,1.0,1.0,1.0
DBT,lstm,valid,1.0,1.0,1.0,1.0
DBT,svm,train,0.9302325581395348,0.9387755102040816,0.9302325581395348,0.929891304347826
DBT,svm,valid,1.0,1.0,1.0,1.0
DBT,transformer,train,1.0,1.0,1.0,1.0
DBT,transformer,valid,1.0,1.0,1.0,1.0
DC2,logistic_regression,train,0.7666666666666667,0.7742857142857142,0.7666666666666667,0.765034965034965
DC2,logistic_regression,valid,0.4193548387096774,0.2396313364055299,0.4193548387096774,0.3049853372434017
DC2,lstm,train,0.7166666666666667,0.7332535885167464,0.7166666666666667,0.7115384615384616
DC2,lstm,valid,0.5483870967741935,0.7591397849462365,0.5483870967741935,0.4195301542776998
DC2,svm,train,0.95,0.9545454545454546,0.95,0.949874686716792
DC2,svm,valid,0.1935483870967742,0.1761460101867572,0.1935483870967742,0.1833077316948284
DC2,transformer,train,0.6666666666666666,0.7130681818181818,0.6666666666666666,0.6474735605170387
DC2,transformer,valid,0.4516129032258064,0.2491657397107897,0.4516129032258064,0.3211469534050179
DC4,logistic_regression,train,0.7073170731707317,0.7078115682766846,0.7073170731707317,0.7071428571428571
DC4,logistic_regression,valid,0.4838709677419355,0.4435483870967742,0.4838709677419354,0.4628330995792426
DC4,lstm,train,0.5,0.25,0.5,0.3333333333333333
DC4,lstm,valid,0.2903225806451613,0.0842872008324661,0.2903225806451613,0.1306451612903225
DC4,svm,train,0.8902439024390244,0.896135265700483,0.8902439024390244,0.8898343036274071
DC4,svm,valid,0.5483870967741935,0.82328190743338,0.5483870967741935,0.5418010752688173
DC4,transformer,train,0.573170731707317,0.6164772727272727,0.573170731707317,0.529431054271192
DC4,transformer,valid,0.4516129032258064,0.5719602977667494,0.4516129032258064,0.4725038402457756
DCL,logistic_regression,train,0.8571428571428571,0.8577388402169379,0.8571428571428571,0.8570833333333334
DCL,logistic_regression,valid,0.4193548387096774,0.4204391433992952,0.4193548387096774,0.4181451612903226
DCL,lstm,train,0.5,0.25,0.5,0.3333333333333333
DCL,lstm,valid,0.4838709677419355,0.2341311134235171,0.4838709677419355,0.3155680224403927
DCL,svm,train,0.9897959183673468,0.99,0.9897959183673468,0.9897948557742372
DCL,svm,valid,0.6129032258064516,0.7788018433179723,0.6129032258064516,0.5366568914956011
DCL,transformer,train,0.5918367346938775,0.5943517329910142,0.5918367346938775,0.589098532494759
DCL,transformer,valid,0.4838709677419355,0.2341311134235171,0.4838709677419355,0.3155680224403927
DCS,logistic_regression,train,0.9452054794520548,0.8934133983861887,0.9452054794520548,0.9185799729886168
DCS,logistic_regression,valid,0.8709677419354839,0.7585848074921956,0.8709677419354839,0.8109010011123471
DCS,lstm,train,0.9452054794520548,0.8934133983861887,0.9452054794520548,0.9185799729886168
DCS,lstm,valid,0.8709677419354839,0.7585848074921956,0.8709677419354839,0.8109010011123471
DCS,svm,train,0.958904109589041,0.9641821112006448,0.958904109589041,0.9610372296103724
DCS,svm,valid,0.8709677419354839,0.7585848074921956,0.8709677419354839,0.8109010011123471
DCS,transformer,train,0.9452054794520548,0.8934133983861887,0.9452054794520548,0.9185799729886168
DCS,transformer,valid,0.8709677419354839,0.7585848074921956,0.8709677419354839,0.8109010011123471
DCT,logistic_regression,train,0.8207547169811321,0.8680555555555556,0.8207547169811321,0.8148045977011493
DCT,logistic_regression,valid,0.935483870967742,0.9406451612903226,0.935483870967742,0.9322196620583718
DCT,lstm,train,0.9716981132075472,0.9732142857142856,0.9716981132075472,0.9716754253139752
DCT,lstm,valid,0.935483870967742,0.9406451612903226,0.935483870967742,0.9322196620583718
DCT,svm,train,0.9622641509433962,0.9649122807017544,0.9622641509433962,0.962210338680927
DCT,svm,valid,0.5161290322580645,0.8316970546984571,0.5161290322580645,0.5161290322580645
DCT,transformer,train,0.9245283018867924,0.9344262295081968,0.9245283018867924,0.924095954171142
DCT,transformer,valid,0.935483870967742,0.935483870967742,0.935483870967742,0.935483870967742
DDM,logistic_regression,train,0.9743589743589745,0.975609756097561,0.9743589743589745,0.9743421052631578
DDM,logistic_regression,valid,0.8064516129032258,0.8548387096774194,0.8064516129032258,0.7912442396313363
DDM,lstm,train,0.9102564102564102,0.9105263157894736,0.9102564102564102,0.9102416570771
DDM,lstm,valid,0.8387096774193549,0.8474654377880184,0.8387096774193549,0.8343942172834179
DDM,svm,train,0.9615384615384616,0.9642857142857144,0.9615384615384616,0.9614814814814812
DDM,svm,valid,0.8064516129032258,0.8548387096774194,0.8064516129032258,0.7912442396313363
DDM,transformer,train,0.935897435897436,0.943181818181818,0.935897435897436,0.9356329427298234
DDM,transformer,valid,0.8387096774193549,0.873772791023843,0.8387096774193549,0.8293432243078191
DDN,logistic_regression,train,0.971153846153846,0.9727272727272728,0.971153846153846,0.9711298232627
DDN,logistic_regression,valid,1.0,1.0,1.0,1.0
DDN,lstm,train,1.0,1.0,1.0,1.0
DDN,lstm,valid,1.0,1.0,1.0,1.0
DDN,svm,train,0.9615384615384616,0.9642857142857142,0.9615384615384616,0.9614814814814814
DDN,svm,valid,1.0,1.0,1.0,1.0
DDN,transformer,train,1.0,1.0,1.0,1.0
DDN,transformer,valid,1.0,1.0,1.0,1.0
DGT,logistic_regression,train,0.8974358974358975,0.9148936170212768,0.8974358974358975,0.8963455149501661
DGT,logistic_regression,valid,0.8387096774193549,0.7034339229968783,0.8387096774193549,0.7651386530843237
DGT,lstm,train,0.7948717948717948,0.8545454545454546,0.7948717948717948,0.7858613589567606
DGT,lstm,valid,0.8387096774193549,0.7034339229968783,0.8387096774193549,0.7651386530843237
DGT,svm,train,0.9102564102564102,0.9239130434782608,0.9102564102564102,0.9095277547638776
DGT,svm,valid,0.8387096774193549,0.7034339229968783,0.8387096774193549,0.7651386530843237
DGT,transformer,train,0.7692307692307693,0.8421052631578948,0.7692307692307693,0.75625
DGT,transformer,valid,0.8387096774193549,0.7034339229968783,0.8387096774193549,0.7651386530843237
DHA,logistic_regression,train,0.9444444444444444,0.95,0.9444444444444444,0.9442724458204332
DHA,logistic_regression,valid,0.3548387096774194,0.1259105098855359,0.3548387096774194,0.1858678955453149
DHA,lstm,train,0.5,0.25,0.5,0.3333333333333333
DHA,lstm,valid,0.3548387096774194,0.1259105098855359,0.3548387096774194,0.1858678955453149
DHA,svm,train,0.9907407407407408,0.9909090909090909,0.9907407407407408,0.9907399468404356
DHA,svm,valid,0.3548387096774194,0.1259105098855359,0.3548387096774194,0.1858678955453149
DHA,transformer,train,0.8518518518518519,0.8857142857142857,0.8518518518518519,0.8485273492286114
DHA,transformer,valid,0.3548387096774194,0.1259105098855359,0.3548387096774194,0.1858678955453149
DHC,logistic_regression,train,0.9727272727272728,0.9741379310344828,0.9727272727272728,0.972706972128029
DHC,logistic_regression,valid,0.7096774193548387,0.8403225806451613,0.7096774193548387,0.7096774193548387
DHC,lstm,train,0.8454545454545455,0.8819444444444444,0.8454545454545455,0.8416730166793669
DHC,lstm,valid,0.3548387096774194,0.1259105098855359,0.3548387096774194,0.1858678955453149
DHC,svm,train,0.9818181818181818,0.9818181818181818,0.9818181818181818,0.9818181818181818
DHC,svm,valid,0.6451612903225806,0.4162330905306972,0.6451612903225806,0.5060088551549652
DHC,transformer,train,0.7363636363636363,0.7462121212121213,0.7363636363636363,0.7337006427915518
DHC,transformer,valid,0.3548387096774194,0.1259105098855359,0.3548387096774194,0.1858678955453149
DHG,logistic_regression,train,0.9090909090909092,0.9112662013958126,0.9090909090909092,0.9089705395564384
DHG,logistic_regression,valid,1.0,1.0,1.0,1.0
DHG,lstm,train,0.9363636363636364,0.943548387096774,0.9363636363636364,0.9361048875611984
DHG,lstm,valid,1.0,1.0,1.0,1.0
DHG,svm,train,0.9545454545454546,0.9583333333333331,0.9545454545454546,0.9544513457556936
DHG,svm,valid,1.0,1.0,1.0,1.0
DHG,transformer,train,0.9090909090909092,0.9230769230769232,0.9090909090909092,0.9083333333333332
DHG,transformer,valid,1.0,1.0,1.0,1.0
DHM,logistic_regression,train,0.9452054794520548,0.8934133983861887,0.9452054794520548,0.9185799729886168
DHM,logistic_regression,valid,0.2903225806451613,0.0842872008324661,0.2903225806451613,0.1306451612903225
DHM,lstm,train,0.0958904109589041,0.9483365949119372,0.0958904109589041,0.0846908552388004
DHM,lstm,valid,0.7096774193548387,0.5036420395421436,0.7096774193548387,0.5891661594643944
DHM,svm,train,0.9863013698630136,0.989041095890411,0.9863013698630136,0.9870124098701242
DHM,svm,valid,0.4516129032258064,0.8101736972704715,0.4516129032258064,0.4121522444103089
DHM,transformer,train,0.9452054794520548,0.8934133983861887,0.9452054794520548,0.9185799729886168
DHM,transformer,valid,0.2903225806451613,0.0842872008324661,0.2903225806451613,0.1306451612903225
DHT,logistic_regression,train,0.8518518518518519,0.8643465909090908,0.8518518518518519,0.850570736769284
DHT,logistic_regression,valid,0.8709677419354839,0.9331797235023042,0.8709677419354839,0.9010011123470524
DHT,lstm,train,0.8333333333333334,0.8506493506493507,0.8333333333333334,0.83125
DHT,lstm,valid,0.8387096774193549,0.9318996415770608,0.8387096774193549,0.8828522920203735
DHT,svm,train,0.8888888888888888,0.9090909090909092,0.8888888888888888,0.8875
DHT,svm,valid,0.7419354838709677,0.9274193548387096,0.7419354838709677,0.8243727598566308
DHT,transformer,train,0.8240740740740741,0.8381037567084079,0.8240740740740741,0.8222299228969939
DHT,transformer,valid,0.935483870967742,0.935483870967742,0.935483870967742,0.935483870967742
DIC,logistic_regression,train,0.9146341463414634,0.9270833333333331,0.9146341463414634,0.914007490636704
DIC,logistic_regression,valid,1.0,1.0,1.0,1.0
DIC,lstm,train,1.0,1.0,1.0,1.0
DIC,lstm,valid,1.0,1.0,1.0,1.0
DIC,svm,train,0.9146341463414634,0.9270833333333331,0.9146341463414634,0.914007490636704
DIC,svm,valid,1.0,1.0,1.0,1.0
DIC,transformer,train,1.0,1.0,1.0,1.0
DIC,transformer,valid,1.0,1.0,1.0,1.0
DID,logistic_regression,train,0.8909090909090909,0.8993583248902398,0.8909090909090909,0.8903290129611168
DID,logistic_regression,valid,0.3225806451612903,0.3799923195084485,0.3225806451612903,0.2853046594982079
DID,lstm,train,0.4,0.3907547851209823,0.3999999999999999,0.387031408308004
DID,lstm,valid,0.6774193548387096,0.6774193548387096,0.6774193548387096,0.6774193548387096
DID,svm,train,0.8909090909090909,0.9042735042735044,0.8909090909090909,0.89
DID,svm,valid,0.3548387096774194,0.4305750350631136,0.3548387096774194,0.3304418541610192
DID,transformer,train,0.5818181818181818,0.7722772277227723,0.5818181818181818,0.4931891025641026
DID,transformer,valid,0.2580645161290322,0.3055718475073313,0.2580645161290322,0.2580645161290322
DIG,logistic_regression,train,0.9166666666666666,0.9285714285714286,0.9166666666666666,0.916083916083916
DIG,logistic_regression,valid,1.0,1.0,1.0,1.0
DIG,lstm,train,0.9285714285714286,0.9324942791762014,0.9285714285714286,0.9284090909090909
DIG,lstm,valid,0.967741935483871,0.9694397283531409,0.967741935483871,0.967532693984307
DIG,svm,train,0.9404761904761904,0.946808510638298,0.9404761904761904,0.9402645427392974
DIG,svm,valid,1.0,1.0,1.0,1.0
DIG,transformer,train,0.9166666666666666,0.9188034188034188,0.9166666666666666,0.9165602383993188
DIG,transformer,valid,0.967741935483871,0.9694397283531409,0.967741935483871,0.967532693984307
DIH,logistic_regression,train,0.8191489361702128,0.8671875,0.8191489361702128,0.813033813033813
DIH,logistic_regression,valid,0.6129032258064516,0.3756503642039542,0.6129032258064516,0.4658064516129032
DIH,lstm,train,0.7978723404255319,0.8092105263157896,0.7978723404255319,0.7960022844089092
DIH,lstm,valid,0.6129032258064516,0.3756503642039542,0.6129032258064516,0.4658064516129032
DIH,svm,train,0.925531914893617,0.9257246376811594,0.925531914893617,0.9255234861346916
DIH,svm,valid,0.6129032258064516,0.3756503642039542,0.6129032258064516,0.4658064516129032
DIH,transformer,train,0.7978723404255319,0.8560606060606061,0.7978723404255319,0.7892625368731563
DIH,transformer,valid,0.6129032258064516,0.3756503642039542,0.6129032258064516,0.4658064516129032
DL1,logistic_regression,train,0.6509433962264151,0.6790540540540542,0.6509433962264151,0.6366836498378878
DL1,logistic_regression,valid,0.9032258064516128,0.9164222873900294,0.9032258064516128,0.89985388333146
DL1,lstm,train,0.8679245283018868,0.8815060908084164,0.8679245283018868,0.8667385057471265
DL1,lstm,valid,0.967741935483871,0.9702233250620348,0.967741935483871,0.967951176983435
DL1,svm,train,0.660377358490566,0.7017465293327363,0.660377358490566,0.6420262664165104
DL1,svm,valid,0.935483870967742,0.9416282642089092,0.935483870967742,0.9341642228739004
DL1,transformer,train,0.7924528301886793,0.7924528301886793,0.7924528301886793,0.7924528301886793
DL1,transformer,valid,0.935483870967742,0.9416282642089092,0.935483870967742,0.9341642228739004
DLD,logistic_regression,train,0.8859649122807017,0.9071428571428573,0.8859649122807017,0.884462461994231
DLD,logistic_regression,valid,0.7741935483870968,0.5993756503642039,0.7741935483870968,0.6756598240469208
DLD,lstm,train,0.912280701754386,0.9253731343283582,0.912280701754386,0.9116004962779156
DLD,lstm,valid,0.7741935483870968,0.5993756503642039,0.7741935483870968,0.6756598240469208
DLD,svm,train,0.9473684210526316,0.9523809523809524,0.9473684210526316,0.947222222222222
DLD,svm,valid,0.7741935483870968,0.5993756503642039,0.7741935483870968,0.6756598240469208
DLD,transformer,train,0.8245614035087719,0.8701298701298702,0.8245614035087719,0.8189901556049539
DLD,transformer,valid,0.7741935483870968,0.5993756503642039,0.7741935483870968,0.6756598240469208
DLG,logistic_regression,train,0.9178082191780822,0.8423719271908425,0.9178082191780822,0.8784735812133073
DLG,logistic_regression,valid,0.5806451612903226,0.3371488033298647,0.5806451612903226,0.4265964450296248
DLG,lstm,train,0.863013698630137,0.8379988088147706,0.863013698630137,0.8503223207091056
DLG,lstm,valid,0.5806451612903226,0.3371488033298647,0.5806451612903226,0.4265964450296248
DLG,svm,train,0.0821917808219178,0.0067554888346781,0.0821917808219178,0.0124848274666204
DLG,svm,valid,0.4193548387096774,0.1758584807492196,0.4193548387096774,0.2478005865102639
DLG,transformer,train,0.9178082191780822,0.8423719271908425,0.9178082191780822,0.8784735812133073
DLG,transformer,valid,0.5806451612903226,0.3371488033298647,0.5806451612903226,0.4265964450296248
DLR,logistic_regression,train,0.8490566037735849,0.8752391886720245,0.8490566037735849,0.846376811594203
DLR,logistic_regression,valid,1.0,1.0,1.0,1.0
DLR,lstm,train,1.0,1.0,1.0,1.0
DLR,lstm,valid,1.0,1.0,1.0,1.0
DLR,svm,train,0.7547169811320755,0.8354430379746837,0.7547169811320755,0.7390151515151516
DLR,svm,valid,1.0,1.0,1.0,1.0
DLR,transformer,train,0.981132075471698,0.9818181818181816,0.981132075471698,0.981125356125356
DLR,transformer,valid,1.0,1.0,1.0,1.0
DMC,logistic_regression,train,0.9565217391304348,0.9565217391304348,0.9565217391304348,0.9565217391304348
DMC,logistic_regression,valid,0.4193548387096774,1.0,0.4193548387096774,0.5909090909090909
DMC,lstm,train,0.7391304347826086,0.7948717948717949,0.7391304347826086,0.726190476190476
DMC,lstm,valid,1.0,1.0,1.0,1.0
DMC,svm,train,0.9782608695652174,0.9791666666666669,0.9782608695652174,0.9782505910165484
DMC,svm,valid,0.1935483870967742,1.0,0.1935483870967742,0.3243243243243243
DMC,transformer,train,0.7391304347826086,0.7391304347826086,0.7391304347826086,0.7391304347826086
DMC,transformer,valid,0.7419354838709677,1.0,0.7419354838709677,0.8518518518518519
DNC,logistic_regression,train,0.89,0.8914090726615816,0.89,0.8899009108197379
DNC,logistic_regression,valid,0.7096774193548387,0.7266129032258064,0.7096774193548387,0.7114976236222066
DNC,lstm,train,0.87,0.8701480592236895,0.87,0.8699869986998701
DNC,lstm,valid,0.7741935483870968,0.815550041356493,0.7741935483870968,0.7741935483870968
DNC,svm,train,0.86,0.890625,0.86,0.8572011423908609
DNC,svm,valid,0.4193548387096774,0.1758584807492196,0.4193548387096774,0.2478005865102639
DNC,transformer,train,0.83,0.8311922922521076,0.83,0.8298468621759583
DNC,transformer,valid,0.4838709677419355,0.3110599078341013,0.4838709677419355,0.3786816269284713
DNL,logistic_regression,train,0.9125,0.914833438089252,0.9125,0.9123767798466592
DNL,logistic_regression,valid,0.1935483870967742,0.0374609781477627,0.1935483870967742,0.062772449869224
DNL,lstm,train,0.5,0.25,0.5,0.3333333333333333
DNL,lstm,valid,0.1935483870967742,0.0374609781477627,0.1935483870967742,0.062772449869224
DNL,svm,train,0.9625,0.962789243277048,0.9625,0.9624941397093296
DNL,svm,valid,0.2903225806451613,0.847926267281106,0.2903225806451613,0.2411222553537544
DNL,transformer,train,0.675,0.7333333333333334,0.675,0.6533333333333333
DNL,transformer,valid,0.1935483870967742,0.0374609781477627,0.1935483870967742,0.062772449869224
DNM,logistic_regression,train,0.918918918918919,0.9302325581395348,0.918918918918919,0.9183823529411764
DNM,logistic_regression,valid,0.6774193548387096,0.8240469208211144,0.6774193548387096,0.6672539983735429
DNM,lstm,train,0.9054054054054054,0.9129464285714284,0.9054054054054054,0.9049715648504862
DNM,lstm,valid,0.6129032258064516,0.8064516129032258,0.6129032258064516,0.5880893300248139
DNM,svm,train,0.918918918918919,0.9238728750923874,0.918918918918919,0.9186813186813186
DNM,svm,valid,0.7096774193548387,0.8341013824884793,0.7096774193548387,0.7042168065527354
DNM,transformer,train,0.8378378378378378,0.8775510204081632,0.8378378378378378,0.8334583645911477
DNM,transformer,valid,0.6774193548387096,0.8240469208211144,0.6774193548387096,0.6672539983735429
DNP,logistic_regression,train,0.9901960784313726,0.9903846153846154,0.9901960784313726,0.9901951360184562
DNP,logistic_regression,valid,1.0,1.0,1.0,1.0
DNP,lstm,train,1.0,1.0,1.0,1.0
DNP,lstm,valid,1.0,1.0,1.0,1.0
DNP,svm,train,1.0,1.0,1.0,1.0
DNP,svm,valid,1.0,1.0,1.0,1.0
DNP,transformer,train,1.0,1.0,1.0,1.0
DNP,transformer,valid,1.0,1.0,1.0,1.0
DNT,lstm,train,1.0,1.0,1.0,1.0
DNT,lstm,valid,1.0,1.0,1.0,1.0
DNT,transformer,train,1.0,1.0,1.0,1.0
DNT,transformer,valid,1.0,1.0,1.0,1.0
DPC,logistic_regression,train,0.8790322580645161,0.9025974025974028,0.8790322580645161,0.8772358260180846
DPC,logistic_regression,valid,0.7741935483870968,0.776747311827957,0.7741935483870968,0.774665453197155
DPC,lstm,train,0.8145161290322581,0.8647058823529411,0.8145161290322581,0.8079073213443795
DPC,lstm,valid,0.8064516129032258,0.8139784946236559,0.8064516129032258,0.8068548387096776
DPC,svm,train,0.9838709677419356,0.984375,0.9838709677419356,0.9838667707520166
DPC,svm,valid,0.6129032258064516,0.7730812013348164,0.6129032258064516,0.5182328190743338
DPC,transformer,train,0.7741935483870968,0.8444444444444444,0.7741935483870968,0.7620614035087719
DPC,transformer,valid,0.5483870967741935,0.5632754342431762,0.5483870967741935,0.546505376344086
DPM,logistic_regression,train,0.9021739130434784,0.9069823051171688,0.9021739130434784,0.901884109491646
DPM,logistic_regression,valid,0.4838709677419355,1.0,0.4838709677419355,0.6521739130434783
DPM,lstm,train,0.8913043478260869,0.9107142857142856,0.8913043478260869,0.8900047824007651
DPM,lstm,valid,0.3548387096774194,1.0,0.3548387096774194,0.5238095238095238
DPM,svm,train,0.9130434782608696,0.9161904761904762,0.9130434782608696,0.9128787878787878
DPM,svm,valid,0.7096774193548387,1.0,0.7096774193548387,0.8301886792452831
DPM,transformer,train,0.4347826086956521,0.4154411764705882,0.4347826086956521,0.4005012531328321
DPM,transformer,valid,0.8387096774193549,1.0,0.8387096774193549,0.912280701754386
DPP,logistic_regression,train,0.8728813559322034,0.8755787037037037,0.8728813559322034,0.8726527088279733
DPP,logistic_regression,valid,0.6451612903225806,0.8205645161290323,0.6451612903225806,0.6822524446442622
DPP,lstm,train,0.5,0.25,0.5,0.3333333333333333
DPP,lstm,valid,0.1935483870967742,0.0374609781477627,0.1935483870967742,0.062772449869224
DPP,svm,train,0.9067796610169492,0.916470588235294,0.9067796610169492,0.9062341977894964
DPP,svm,valid,0.1935483870967742,0.0374609781477627,0.1935483870967742,0.062772449869224
DPP,transformer,train,0.6440677966101694,0.694304533126695,0.6440677966101694,0.6194717444717445
DPP,transformer,valid,0.8064516129032258,0.6503642039542143,0.8064516129032258,0.7200460829493088
DPR,logistic_regression,train,0.8947368421052632,0.8952234206471494,0.8947368421052632,0.894704433497537
DPR,logistic_regression,valid,0.8709677419354839,0.9071960297766748,0.8709677419354839,0.8847072879330944
DPR,lstm,train,0.7017543859649122,0.7790549169859515,0.7017543859649122,0.6795634920634921
DPR,lstm,valid,0.9032258064516128,0.8158168574401664,0.9032258064516128,0.8572990705303445
DPR,svm,train,0.8070175438596491,0.8501228501228502,0.8070175438596491,0.8008891711654493
DPR,svm,valid,0.9032258064516128,0.8158168574401664,0.9032258064516128,0.8572990705303445
DPR,transformer,train,0.9649122807017544,0.9672131147540984,0.9649122807017544,0.964869029275809
DPR,transformer,valid,0.9032258064516128,0.8158168574401664,0.9032258064516128,0.8572990705303445
DQC,logistic_regression,train,0.75,0.7529032258064516,0.75,0.7492804605052766
DQC,logistic_regression,valid,0.6774193548387096,0.5372636262513905,0.6774193548387096,0.5992555831265508
DQC,lstm,train,0.7410714285714286,0.7474631751227496,0.7410714285714286,0.7393885902270723
DQC,lstm,valid,0.6774193548387096,0.5372636262513905,0.6774193548387096,0.5992555831265508
DQC,svm,train,0.8839285714285714,0.8993366500829187,0.8839285714285714,0.882798035901151
DQC,svm,valid,0.6774193548387096,0.6140979689366786,0.6774193548387096,0.6365591397849463
DQC,transformer,train,0.7232142857142857,0.7267573696145124,0.7232142857142857,0.7221288515406162
DQC,transformer,valid,0.6451612903225806,0.5299539170506913,0.6451612903225806,0.58191018342821
DRC,logistic_regression,train,0.8425925925925926,0.8523809523809524,0.8425925925925926,0.8414918414918415
DRC,logistic_regression,valid,0.6451612903225806,0.8225806451612904,0.6451612903225806,0.6370040786058584
DRC,lstm,train,0.8055555555555556,0.8487279843444226,0.8055555555555556,0.7993453065557816
DRC,lstm,valid,0.7096774193548387,0.8403225806451613,0.7096774193548387,0.7096774193548387
DRC,svm,train,0.8796296296296297,0.8960644007155636,0.8796296296296297,0.8783678419821537
DRC,svm,valid,0.6451612903225806,0.8225806451612904,0.6451612903225806,0.6370040786058584
DRC,transformer,train,0.5833333333333334,0.5840539605672778,0.5833333333333334,0.5824383538104648
DRC,transformer,valid,0.1935483870967742,0.2291788856304985,0.1935483870967742,0.1935483870967742
DRH,logistic_regression,train,0.9326923076923076,0.940677966101695,0.9326923076923076,0.9323859942416644
DRH,logistic_regression,valid,0.967741935483871,1.0,0.967741935483871,0.9836065573770492
DRH,lstm,train,1.0,1.0,1.0,1.0
DRH,lstm,valid,1.0,1.0,1.0,1.0
DRH,svm,train,0.9807692307692308,0.9814814814814816,0.9807692307692308,0.9807621161672216
DRH,svm,valid,1.0,1.0,1.0,1.0
DRH,transformer,train,1.0,1.0,1.0,1.0
DRH,transformer,valid,1.0,1.0,1.0,1.0
DRL,logistic_regression,train,0.9918032786885246,0.9919354838709676,0.9918032786885246,0.9918027279446348
DRL,logistic_regression,valid,0.935483870967742,0.8751300728407908,0.935483870967742,0.9043010752688172
DRL,lstm,train,0.9918032786885246,0.9919354838709676,0.9918032786885246,0.9918027279446348
DRL,lstm,valid,0.935483870967742,0.8751300728407908,0.935483870967742,0.9043010752688172
DRL,svm,train,0.9836065573770492,0.984126984126984,0.9836065573770492,0.9836021505376344
DRL,svm,valid,0.935483870967742,0.8751300728407908,0.935483870967742,0.9043010752688172
DRL,transformer,train,0.9836065573770492,0.984126984126984,0.9836065573770492,0.9836021505376344
DRL,transformer,valid,0.935483870967742,0.8751300728407908,0.935483870967742,0.9043010752688172
DSN,logistic_regression,train,0.9651162790697676,0.9673913043478262,0.9651162790697676,0.9650737782591038
DSN,logistic_regression,valid,0.7419354838709677,1.0,0.7419354838709677,0.8518518518518519
DSN,lstm,train,0.9186046511627908,0.924342105263158,0.9186046511627908,0.9183285849952516
DSN,lstm,valid,0.8064516129032258,1.0,0.8064516129032258,0.8928571428571429
DSN,svm,train,0.9534883720930232,0.9544715447154472,0.9534883720930232,0.9534632034632036
DSN,svm,valid,0.6451612903225806,1.0,0.6451612903225806,0.7843137254901961
DSN,transformer,train,0.7093023255813954,0.715,0.7093023255813954,0.7073635497481966
DSN,transformer,valid,1.0,1.0,1.0,1.0
DST,logistic_regression,train,0.788135593220339,0.8142230576441103,0.788135593220339,0.7836450311697836
DST,logistic_regression,valid,0.1290322580645161,0.0166493236212278,0.1290322580645161,0.0294930875576036
DST,lstm,train,0.6610169491525424,0.677541970224897,0.6610169491525424,0.6529411764705882
DST,lstm,valid,0.1290322580645161,0.0166493236212278,0.1290322580645161,0.0294930875576036
DST,svm,train,0.7796610169491526,0.8470588235294118,0.7796610169491526,0.7684178743961352
DST,svm,valid,0.1290322580645161,0.0166493236212278,0.1290322580645161,0.0294930875576036
DST,transformer,train,0.7796610169491526,0.780952380952381,0.7796610169491526,0.7794075352315214
DST,transformer,valid,0.3548387096774194,0.8924731182795699,0.3548387096774194,0.3955001355380861
DTA,logistic_regression,train,0.9351851851851852,0.9353344768439108,0.9351851851851852,0.935179627883049
DTA,logistic_regression,valid,0.7419354838709677,0.8201612903225807,0.7419354838709677,0.7538200339558574
DTA,lstm,train,0.5,0.25,0.5,0.3333333333333333
DTA,lstm,valid,0.7096774193548387,0.5036420395421436,0.7096774193548387,0.5891661594643944
DTA,svm,train,0.9629629629629628,0.9655172413793104,0.9629629629629628,0.9629120879120878
DTA,svm,valid,0.7419354838709677,0.8201612903225807,0.7419354838709677,0.7538200339558574
DTA,transformer,train,0.8888888888888888,0.8894230769230769,0.8888888888888888,0.8888507718696398
DTA,transformer,valid,0.6451612903225806,0.7420698924731183,0.6451612903225806,0.6612728857890148
DTC,logistic_regression,train,0.7368421052631579,0.7428977272727273,0.7368421052631579,0.735191637630662
DTC,logistic_regression,valid,1.0,1.0,1.0,1.0
DTC,lstm,train,0.8947368421052632,0.9048295454545454,0.8947368421052632,0.8940766550522649
DTC,lstm,valid,1.0,1.0,1.0,1.0
DTC,svm,train,0.7236842105263158,0.7315412186379928,0.7236842105263158,0.7213200628601362
DTC,svm,valid,1.0,1.0,1.0,1.0
DTC,transformer,train,0.881578947368421,0.8949820788530466,0.881578947368421,0.8805657412257727
DTC,transformer,valid,1.0,1.0,1.0,1.0
DTL,logistic_regression,train,0.9315068493150684,0.8677050103208857,0.9315068493150684,0.8984746915379382
DTL,logistic_regression,valid,0.935483870967742,0.8751300728407908,0.935483870967742,0.9043010752688172
DTL,lstm,train,0.9726027397260274,0.973385518590998,0.9726027397260274,0.9693766130633312
DTL,lstm,valid,0.8387096774193549,0.9539170506912444,0.8387096774193549,0.8759045107188748
DTL,svm,train,0.9315068493150684,0.8677050103208857,0.9315068493150684,0.8984746915379382
DTL,svm,valid,0.935483870967742,0.8751300728407908,0.935483870967742,0.9043010752688172
DTL,transformer,train,0.9315068493150684,0.9657534246575342,0.9315068493150684,0.9416152532329464
DTL,transformer,valid,0.967741935483871,0.978494623655914,0.967741935483871,0.9706847764572722
DTT,logistic_regression,train,0.9285714285714286,0.9324942791762014,0.9285714285714286,0.9284090909090909
DTT,logistic_regression,valid,0.5806451612903226,0.3371488033298647,0.5806451612903226,0.4265964450296248
DTT,lstm,train,0.5,0.25,0.5,0.3333333333333333
DTT,lstm,valid,0.5806451612903226,0.3371488033298647,0.5806451612903226,0.4265964450296248
DTT,svm,train,0.9523809523809524,0.9534090909090908,0.9523809523809524,0.9523539421440728
DTT,svm,valid,0.5806451612903226,0.3371488033298647,0.5806451612903226,0.4265964450296248
DTT,transformer,train,0.7142857142857143,0.7625,0.7142857142857143,0.7005347593582888
DTT,transformer,valid,0.5806451612903226,0.3371488033298647,0.5806451612903226,0.4265964450296248
DVP,logistic_regression,train,0.9196428571428572,0.9307692307692308,0.9196428571428572,0.9191205969670224
DVP,logistic_regression,valid,0.4838709677419355,0.3722084367245657,0.4838709677419355,0.420757363253857
DVP,lstm,train,0.8303571428571429,0.8733333333333333,0.8303571428571429,0.8253303783961258
DVP,lstm,valid,0.3225806451612903,0.3351726089417091,0.3225806451612903,0.3286222893516021
DVP,svm,train,0.9464285714285714,0.9469987228607918,0.9464285714285714,0.9464114832535884
DVP,svm,valid,0.6451612903225806,0.4162330905306972,0.6451612903225806,0.5060088551549652
DVP,transformer,train,0.8392857142857143,0.8463541666666667,0.8392857142857143,0.8384615384615385
DVP,transformer,valid,0.1612903225806451,0.2052046625101653,0.1612903225806451,0.1771482786663052
DXG,logistic_regression,train,0.875,0.8759398496240601,0.875,0.8749218261413383
DXG,logistic_regression,valid,1.0,1.0,1.0,1.0
DXG,lstm,train,0.9166666666666666,0.9185267857142856,0.9166666666666666,0.9165739710789766
DXG,lstm,valid,1.0,1.0,1.0,1.0
DXG,svm,train,0.925,0.9308645451985356,0.925,0.9247439202843007
DXG,svm,valid,1.0,1.0,1.0,1.0
DXG,transformer,train,0.9583333333333334,0.9584606835232008,0.9583333333333334,0.958330439613862
DXG,transformer,valid,1.0,1.0,1.0,1.0
DXL,logistic_regression,train,0.9047619047619048,0.92,0.9047619047619048,0.9038901601830664
DXL,logistic_regression,valid,0.3870967741935484,0.1498439125910509,0.3870967741935484,0.2160540135033758
DXL,lstm,train,0.5595238095238095,0.7658227848101266,0.5595238095238095,0.4534904167399332
DXL,lstm,valid,0.3870967741935484,0.1498439125910509,0.3870967741935484,0.2160540135033758
DXL,svm,train,0.9285714285714286,0.9375,0.9285714285714286,0.9282051282051282
DXL,svm,valid,0.3870967741935484,0.1498439125910509,0.3870967741935484,0.2160540135033758
DXL,transformer,train,0.6309523809523809,0.6870445344129555,0.6309523809523809,0.6010418262601501
DXL,transformer,valid,0.5806451612903226,0.3677419354838709,0.5806451612903226,0.4502962475312705
DXP,logistic_regression,train,0.9047619047619048,0.9131944444444444,0.9047619047619048,0.9042735042735044
DXP,logistic_regression,valid,0.935483870967742,0.9406451612903226,0.935483870967742,0.9322196620583718
DXP,lstm,train,0.9642857142857144,0.9666666666666668,0.9642857142857144,0.9642401021711366
DXP,lstm,valid,0.935483870967742,0.9406451612903226,0.935483870967742,0.9322196620583718
DXP,svm,train,0.9761904761904762,0.9772727272727272,0.9761904761904762,0.9761769710720362
DXP,svm,valid,0.8709677419354839,0.8679569892473118,0.8709677419354839,0.8644393241167435
DXP,transformer,train,0.7738095238095238,0.8274576271186442,0.7738095238095238,0.7641495492832866
DXP,transformer,valid,0.6774193548387096,0.85663082437276,0.6774193548387096,0.6946512269092914
DXV,logistic_regression,train,0.9901960784313726,0.9903846153846154,0.9901960784313726,0.9901951360184562
DXV,logistic_regression,valid,0.3225806451612903,0.1040582726326743,0.3225806451612903,0.1573564122738001
DXV,lstm,train,0.9607843137254902,0.9636363636363636,0.9607843137254902,0.960723912206392
DXV,lstm,valid,0.3225806451612903,0.1040582726326743,0.3225806451612903,0.1573564122738001
DXV,svm,train,1.0,1.0,1.0,1.0
DXV,svm,valid,0.3225806451612903,0.1040582726326743,0.3225806451612903,0.1573564122738001
DXV,transformer,train,0.6666666666666666,0.7999999999999999,0.6666666666666666,0.625
DXV,transformer,valid,0.7419354838709677,0.7586304470854556,0.7419354838709677,0.7472140762463343
DZM,logistic_regression,train,0.9322033898305084,0.9367198838896952,0.9322033898305084,0.9320276497695852
DZM,logistic_regression,valid,0.5161290322580645,0.3823178016726403,0.5161290322580645,0.4392587508579272
DZM,lstm,train,0.9067796610169492,0.9214285714285714,0.9067796610169492,0.9059624719263928
DZM,lstm,valid,0.5161290322580645,0.3823178016726403,0.5161290322580645,0.4392587508579272
DZM,svm,train,0.923728813559322,0.9238505747126436,0.923728813559322,0.9237233354880416
DZM,svm,valid,0.6451612903225806,0.4162330905306972,0.6451612903225806,0.5060088551549652
DZM,transformer,train,0.711864406779661,0.8172043010752689,0.711864406779661,0.6857769423558897
DZM,transformer,valid,0.4838709677419355,0.4270353302611367,0.4838709677419355,0.4499837080482241
EBS,logistic_regression,train,0.9041095890410958,0.8174141489960592,0.9041095890410958,0.8585788903124076
EBS,logistic_regression,valid,0.8709677419354839,0.7585848074921956,0.8709677419354839,0.8109010011123471
EBS,lstm,train,0.9041095890410958,0.8174141489960592,0.9041095890410958,0.8585788903124076
EBS,lstm,valid,0.8709677419354839,0.7585848074921956,0.8709677419354839,0.8109010011123471
EBS,svm,train,0.0958904109589041,0.0091949709138675,0.0958904109589041,0.0167808219178082
EBS,svm,valid,0.1290322580645161,0.0166493236212278,0.1290322580645161,0.0294930875576036
EBS,transformer,train,0.9041095890410958,0.8174141489960592,0.9041095890410958,0.8585788903124076
EBS,transformer,valid,0.8709677419354839,0.7585848074921956,0.8709677419354839,0.8109010011123471
ECI,logistic_regression,train,1.0,1.0,1.0,1.0
ECI,logistic_regression,valid,0.6129032258064516,0.3756503642039542,0.6129032258064516,0.4658064516129032
ECI,lstm,train,1.0,1.0,1.0,1.0
ECI,lstm,valid,0.9032258064516128,0.9164222873900294,0.9032258064516128,0.89985388333146
ECI,svm,train,1.0,1.0,1.0,1.0
ECI,svm,valid,0.6129032258064516,0.3756503642039542,0.6129032258064516,0.4658064516129032
ECI,transformer,train,0.8823529411764706,0.897640943622551,0.8823529411764706,0.8812111801242236
ECI,transformer,valid,0.6129032258064516,0.3756503642039542,0.6129032258064516,0.4658064516129032
EFI,logistic_regression,train,0.8421052631578947,0.8579710144927537,0.8421052631578947,0.8403361344537815
EFI,logistic_regression,valid,0.0,0.0,0.0,0.0
EFI,lstm,train,0.5,0.25,0.5,0.3333333333333333
EFI,lstm,valid,0.0,0.0,0.0,0.0
EFI,svm,train,0.8508771929824561,0.8644501278772379,0.8508771929824561,0.8494757281553397
EFI,svm,valid,0.0,0.0,0.0,0.0
EFI,transformer,train,0.7368421052631579,0.7878787878787878,0.7368421052631579,0.7246376811594203
EFI,transformer,valid,0.0,0.0,0.0,0.0
EIB,logistic_regression,train,0.8904109589041096,0.792831675736536,0.8904109589041096,0.8387929323009728
EIB,logistic_regression,valid,0.6451612903225806,0.4162330905306972,0.6451612903225806,0.5060088551549652
EIB,lstm,train,0.8904109589041096,0.792831675736536,0.8904109589041096,0.8387929323009728
EIB,lstm,valid,0.6451612903225806,0.4162330905306972,0.6451612903225806,0.5060088551549652
EIB,svm,train,0.8904109589041096,0.792831675736536,0.8904109589041096,0.8387929323009728
EIB,svm,valid,0.6451612903225806,0.4162330905306972,0.6451612903225806,0.5060088551549652
EIB,transformer,train,0.8904109589041096,0.792831675736536,0.8904109589041096,0.8387929323009728
EIB,transformer,valid,0.6451612903225806,0.4162330905306972,0.6451612903225806,0.5060088551549652
EID,logistic_regression,train,0.868421052631579,0.8855072463768116,0.868421052631579,0.8669467787114846
EID,logistic_regression,valid,0.8709677419354839,0.8747800586510264,0.8709677419354839,0.8689869835880022
EID,lstm,train,0.868421052631579,0.8855072463768116,0.868421052631579,0.8669467787114846
EID,lstm,valid,0.8064516129032258,0.8548387096774194,0.8064516129032258,0.7912442396313363
EID,svm,train,0.9078947368421052,0.9222222222222222,0.9078947368421052,0.9071066876200454
EID,svm,valid,0.8709677419354839,0.8747800586510264,0.8709677419354839,0.8689869835880022
EID,transformer,train,0.8947368421052632,0.9130434782608696,0.8947368421052632,0.8935574229691877
EID,transformer,valid,0.8064516129032258,0.8155913978494623,0.8064516129032258,0.8076714556790457
ELC,logistic_regression,train,0.958904109589041,0.961173823966577,0.958904109589041,0.9597181996086104
ELC,logistic_regression,valid,0.7419354838709677,0.5504682622268471,0.7419354838709677,0.6320191158900836
ELC,lstm,train,0.8767123287671232,0.8716942541856926,0.8767123287671232,0.873953300898671
ELC,lstm,valid,0.4516129032258064,0.4721407624633431,0.4516129032258064,0.4616487455197133
ELC,svm,train,0.958904109589041,0.9578101217656012,0.958904109589041,0.9579844336328904
ELC,svm,valid,0.7419354838709677,0.5504682622268471,0.7419354838709677,0.6320191158900836
ELC,transformer,train,0.863013698630137,0.744792644023269,0.863013698630137,0.7995568090249798
ELC,transformer,valid,0.7419354838709677,0.5504682622268471,0.7419354838709677,0.6320191158900836
EVE,logistic_regression,train,0.7380952380952381,0.7402745995423341,0.7380952380952381,0.7375
EVE,logistic_regression,valid,0.4516129032258064,0.5303605313092981,0.4516129032258064,0.4678614097968936
EVE,lstm,train,0.6904761904761905,0.7228116710875332,0.6904761904761905,0.6788235294117646
EVE,lstm,valid,0.5161290322580645,0.6269100169779286,0.5161290322580645,0.5252300535949034
EVE,svm,train,0.9404761904761904,0.946808510638298,0.9404761904761904,0.9402645427392974
EVE,svm,valid,0.6774193548387096,0.4588969823100936,0.6774193548387096,0.5471464019851118
EVE,transformer,train,0.4404761904761904,0.4149797570850203,0.4404761904761904,0.3951279301363567
EVE,transformer,valid,0.6451612903225806,0.4516129032258064,0.6451612903225806,0.5313092979127134
FBA,logistic_regression,train,0.8571428571428571,0.888888888888889,0.8571428571428571,0.8541666666666667
FBA,logistic_regression,valid,1.0,1.0,1.0,1.0
FBA,lstm,train,0.8061224489795918,0.8377757352941178,0.8061224489795918,0.8014713722145217
FBA,lstm,valid,1.0,1.0,1.0,1.0
FBA,svm,train,0.9183673469387756,0.9190654985398414,0.9183673469387756,0.9183333333333332
FBA,svm,valid,1.0,1.0,1.0,1.0
FBA,transformer,train,0.7959183673469388,0.8420799229658161,0.7959183673469388,0.7887931034482758
FBA,transformer,valid,1.0,1.0,1.0,1.0
FCN,logistic_regression,train,1.0,1.0,1.0,1.0
FCN,logistic_regression,valid,0.4193548387096774,0.503225806451613,0.4193548387096774,0.4574780058651027
FCN,lstm,train,1.0,1.0,1.0,1.0
FCN,lstm,valid,0.7419354838709677,0.5935483870967743,0.7419354838709677,0.6594982078853046
FCN,svm,train,1.0,1.0,1.0,1.0
FCN,svm,valid,0.3870967741935484,0.4889643463497453,0.3870967741935484,0.4321080270067516
FCN,transformer,train,0.9607843137254902,0.9636363636363636,0.9607843137254902,0.960723912206392
FCN,transformer,valid,0.7741935483870968,0.5993756503642039,0.7741935483870968,0.6756598240469208
FDC,logistic_regression,train,0.81,0.8111200321156161,0.81,0.8098288459613653
FDC,logistic_regression,valid,0.1612903225806451,0.0260145681581685,0.1612903225806451,0.0448028673835125
FDC,lstm,train,0.54,0.7604166666666667,0.54,0.4165398274987316
FDC,lstm,valid,0.8387096774193549,0.7034339229968783,0.8387096774193549,0.7651386530843237
FDC,svm,train,0.86,0.86,0.86,0.86
FDC,svm,valid,0.1612903225806451,0.0260145681581685,0.1612903225806451,0.0448028673835125
FDC,transformer,train,0.32,0.2994652406417112,0.32,0.3021346469622332
FDC,transformer,valid,0.6129032258064516,0.6639784946236559,0.6129032258064516,0.6374193548387097
FLC,logistic_regression,train,0.91,0.9101640656262506,0.91,0.90999099909991
FLC,logistic_regression,valid,0.8709677419354839,0.7585848074921956,0.8709677419354839,0.8109010011123471
FLC,lstm,train,0.94,0.9407051282051282,0.94,0.9399759903961584
FLC,lstm,valid,0.8709677419354839,0.7585848074921956,0.8709677419354839,0.8109010011123471
FLC,svm,train,0.89,0.8939393939393939,0.89,0.8897243107769424
FLC,svm,valid,0.8709677419354839,0.7585848074921956,0.8709677419354839,0.8109010011123471
FLC,transformer,train,0.91,0.914141414141414,0.91,0.9097744360902256
FLC,transformer,valid,0.8709677419354839,0.7585848074921956,0.8709677419354839,0.8109010011123471
FMC,logistic_regression,train,0.9019607843137256,0.918032786885246,0.9019607843137256,0.9010093167701864
FMC,logistic_regression,valid,0.8064516129032258,0.810752688172043,0.8064516129032258,0.7906732117812062
FMC,lstm,train,0.9509803921568628,0.9553571428571428,0.9509803921568628,0.950862318142403
FMC,lstm,valid,0.6774193548387096,0.4588969823100936,0.6774193548387096,0.5471464019851118
FMC,svm,train,0.9803921568627452,0.9803921568627452,0.9803921568627452,0.9803921568627452
FMC,svm,valid,0.6774193548387096,0.4588969823100936,0.6774193548387096,0.5471464019851118
FMC,transformer,train,0.7156862745098039,0.7361111111111112,0.7156862745098039,0.7094017094017094
FMC,transformer,valid,0.8387096774193549,0.8442815249266863,0.8387096774193549,0.840582968041662
FPT,logistic_regression,train,0.8469387755102041,0.8653508771929825,0.8469387755102041,0.8449857639987346
FPT,logistic_regression,valid,1.0,1.0,1.0,1.0
FPT,lstm,train,0.9693877551020408,0.9695833333333334,0.9693877551020408,0.9693845673227116
FPT,lstm,valid,1.0,1.0,1.0,1.0
FPT,svm,train,0.9591836734693876,0.9599499374217773,0.9591836734693876,0.9591666666666668
FPT,svm,valid,1.0,1.0,1.0,1.0
FPT,transformer,train,0.8367346938775511,0.8582188746123174,0.8367346938775511,0.8342494714587738
FPT,transformer,valid,1.0,1.0,1.0,1.0
GAS,logistic_regression,train,0.9452054794520548,0.8934133983861887,0.9452054794520548,0.9185799729886168
GAS,logistic_regression,valid,0.1290322580645161,0.0166493236212278,0.1290322580645161,0.0294930875576036
GAS,lstm,train,0.9452054794520548,0.8934133983861887,0.9452054794520548,0.9185799729886168
GAS,lstm,valid,0.1290322580645161,0.0166493236212278,0.1290322580645161,0.0294930875576036
GAS,svm,train,0.0547945205479452,0.0030024394820791,0.0547945205479452,0.0056929371997865
GAS,svm,valid,0.8709677419354839,0.7585848074921956,0.8709677419354839,0.8109010011123471
GAS,transformer,train,0.9452054794520548,0.8934133983861887,0.9452054794520548,0.9185799729886168
GAS,transformer,valid,0.1290322580645161,0.0166493236212278,0.1290322580645161,0.0294930875576036
GDT,logistic_regression,train,0.95,0.9545454545454546,0.95,0.9498746867167918
GDT,logistic_regression,valid,0.5806451612903226,0.3371488033298647,0.5806451612903226,0.4265964450296248
GDT,lstm,train,0.5,0.5,0.5,0.3658041603247082
GDT,lstm,valid,0.5806451612903226,0.3371488033298647,0.5806451612903226,0.4265964450296248
GDT,svm,train,0.96,0.962962962962963,0.96,0.9599358974358976
GDT,svm,valid,0.4193548387096774,0.1758584807492196,0.4193548387096774,0.2478005865102639
GDT,transformer,train,0.5,0.25,0.5,0.3333333333333332
GDT,transformer,valid,0.3225806451612903,0.2524544179523141,0.3225806451612903,0.2832415420928403
GDW,logistic_regression,train,0.8947368421052632,0.9130434782608696,0.8947368421052632,0.8935574229691877
GDW,logistic_regression,valid,0.4193548387096774,0.1758584807492196,0.4193548387096774,0.2478005865102639
GDW,lstm,train,0.5,0.25,0.5,0.3333333333333333
GDW,lstm,valid,0.5806451612903226,0.3371488033298647,0.5806451612903226,0.4265964450296248
GDW,svm,train,0.881578947368421,0.904255319148936,0.881578947368421,0.879894644424934
GDW,svm,valid,0.4838709677419355,0.5044727568446733,0.4838709677419355,0.4860215053763441
GDW,transformer,train,0.7105263157894737,0.7558922558922558,0.7105263157894737,0.6971014492753623
GDW,transformer,valid,0.6451612903225806,0.6616935483870967,0.6451612903225806,0.6473859844271413
GER,logistic_regression,train,0.9634146341463414,0.9636904761904762,0.9634146341463414,0.9634091923248548
GER,logistic_regression,valid,1.0,1.0,1.0,1.0
GER,lstm,train,0.975609756097561,0.975609756097561,0.975609756097561,0.975609756097561
GER,lstm,valid,1.0,1.0,1.0,1.0
GER,svm,train,0.9634146341463414,0.9636904761904762,0.9634146341463414,0.9634091923248548
GER,svm,valid,1.0,1.0,1.0,1.0
GER,transformer,train,0.951219512195122,0.9522957662492548,0.951219512195122,0.951190476190476
GER,transformer,valid,1.0,1.0,1.0,1.0
GGG,logistic_regression,train,0.8378378378378378,0.8378378378378378,0.8378378378378378,0.8378378378378378
GGG,logistic_regression,valid,0.4838709677419355,0.5152801358234295,0.4838709677419355,0.4806451612903226
GGG,lstm,train,0.7027027027027027,0.7186761229314421,0.7027027027027027,0.6971726190476191
GGG,lstm,valid,0.6129032258064516,0.7677419354838709,0.6129032258064516,0.4953917050691244
GGG,svm,train,0.6756756756756757,0.6842911877394636,0.6756756756756757,0.6718403547671841
GGG,svm,valid,0.5806451612903226,0.5580645161290322,0.5806451612903226,0.5375291191218857
GGG,transformer,train,0.6486486486486487,0.6526631657914479,0.6486486486486487,0.6463235294117647
GGG,transformer,valid,0.7096774193548387,0.8064516129032258,0.7096774193548387,0.6618595825426944
GHC,logistic_regression,train,0.8767123287671232,0.7686245074122724,0.8767123287671232,0.8191180881911808
GHC,logistic_regression,valid,1.0,1.0,1.0,1.0
GHC,lstm,train,0.8767123287671232,0.7686245074122724,0.8767123287671232,0.8191180881911808
GHC,lstm,valid,0.967741935483871,1.0,0.967741935483871,0.9836065573770492
GHC,svm,train,0.7808219178082192,0.9210958904109589,0.7808219178082192,0.8167376539656959
GHC,svm,valid,0.1290322580645161,1.0,0.1290322580645161,0.2285714285714285
GHC,transformer,train,0.8767123287671232,0.7686245074122724,0.8767123287671232,0.8191180881911808
GHC,transformer,valid,1.0,1.0,1.0,1.0
GIL,logistic_regression,train,0.9726027397260274,0.9459560893225746,0.9726027397260274,0.9590943683409436
GIL,logistic_regression,valid,1.0,1.0,1.0,1.0
GIL,lstm,train,1.0,1.0,1.0,1.0
GIL,lstm,valid,1.0,1.0,1.0,1.0
GIL,svm,train,0.958904109589041,0.9835616438356164,0.958904109589041,0.967266890988188
GIL,svm,valid,1.0,1.0,1.0,1.0
GIL,transformer,train,0.9863013698630136,0.9908675799086756,0.9863013698630136,0.9876226561740988
GIL,transformer,valid,1.0,1.0,1.0,1.0
GLT,logistic_regression,train,0.8951612903225806,0.9036672867393036,0.8951612903225806,0.8946060804184374
GLT,logistic_regression,valid,0.2580645161290322,0.5079404466501241,0.2580645161290322,0.2286041729868203
GLT,lstm,train,0.7419354838709677,0.8158967391304347,0.7419354838709677,0.7258911301464492
GLT,lstm,valid,0.2258064516129032,0.0509885535900104,0.2258064516129032,0.0831918505942275
GLT,svm,train,0.7903225806451613,0.8414932680538557,0.7903225806451613,0.7821621621621623
GLT,svm,valid,0.2258064516129032,0.0509885535900104,0.2258064516129032,0.0831918505942275
GLT,transformer,train,0.5806451612903226,0.582010582010582,0.5806451612903226,0.5788923719958203
GLT,transformer,valid,0.4838709677419355,0.8429172510518934,0.4838709677419355,0.4924731182795698
GMC,logistic_regression,train,0.9591836734693876,0.9622641509433962,0.9591836734693876,0.9591155611180644
GMC,logistic_regression,valid,0.7096774193548387,0.7123655913978494,0.7096774193548387,0.710284154110628
GMC,lstm,train,0.9081632653061223,0.9224137931034484,0.9081632653061223,0.9073821274808358
GMC,lstm,valid,0.7741935483870968,0.8494623655913978,0.7741935483870968,0.7675029868578255
GMC,svm,train,0.9285714285714286,0.9375,0.9285714285714286,0.9282051282051283
GMC,svm,valid,0.7419354838709677,0.8357771260997067,0.7419354838709677,0.7309070857457954
GMC,transformer,train,0.9387755102040816,0.9454545454545454,0.9387755102040816,0.9385451505016722
GMC,transformer,valid,0.7741935483870968,0.776747311827957,0.7741935483870968,0.774665453197155
GMD,logistic_regression,train,0.8904109589041096,0.792831675736536,0.8904109589041096,0.8387929323009728
GMD,logistic_regression,valid,0.935483870967742,0.8751300728407908,0.935483870967742,0.9043010752688172
GMD,lstm,train,0.8904109589041096,0.792831675736536,0.8904109589041096,0.8387929323009728
GMD,lstm,valid,0.935483870967742,0.8751300728407908,0.935483870967742,0.9043010752688172
GMD,svm,train,0.9726027397260274,0.978082191780822,0.9726027397260274,0.9739107686453576
GMD,svm,valid,0.935483870967742,0.8751300728407908,0.935483870967742,0.9043010752688172
GMD,transformer,train,0.8904109589041096,0.792831675736536,0.8904109589041096,0.8387929323009728
GMD,transformer,valid,0.935483870967742,0.8751300728407908,0.935483870967742,0.9043010752688172
GMX,logistic_regression,train,0.9836065573770492,0.984126984126984,0.9836065573770492,0.9836021505376344
GMX,logistic_regression,valid,0.8709677419354839,0.8955453149001537,0.8709677419354839,0.8670062252405207
GMX,lstm,train,0.9836065573770492,0.984126984126984,0.9836065573770492,0.9836021505376344
GMX,lstm,valid,0.8064516129032258,0.8569424964936886,0.8064516129032258,0.794574780058651
GMX,svm,train,0.9918032786885246,0.9919354838709676,0.9918032786885246,0.9918027279446348
GMX,svm,valid,0.935483870967742,0.9422750424448216,0.935483870967742,0.9347945960849188
GMX,transformer,train,0.8934426229508197,0.912162162162162,0.8934426229508197,0.8922188243289162
GMX,transformer,valid,0.5483870967741935,0.3007284079084287,0.5483870967741935,0.3884408602150538
GSP,logistic_regression,train,0.8928571428571429,0.89850488786659,0.8928571428571429,0.8924761769307352
GSP,logistic_regression,valid,0.7096774193548387,0.8185483870967742,0.7096774193548387,0.686373934620779
GSP,lstm,train,0.9761904761904762,0.9772727272727272,0.9761904761904762,0.9761769710720362
GSP,lstm,valid,0.8387096774193549,0.8771121351766513,0.8387096774193549,0.8334786399302528
GSP,svm,train,0.8928571428571429,0.9040816326530612,0.8928571428571429,0.8921078921078921
GSP,svm,valid,0.5806451612903226,0.7753456221198156,0.5806451612903226,0.5005725115489399
GSP,transformer,train,0.8333333333333334,0.8333333333333334,0.8333333333333334,0.8333333333333334
GSP,transformer,valid,0.5161290322580645,0.7580645161290323,0.5161290322580645,0.3833017077798861
GTA,logistic_regression,train,0.9487179487179488,0.9534883720930232,0.9487179487179488,0.948582729070534
GTA,logistic_regression,valid,0.967741935483871,0.9365244536940688,0.967741935483871,0.9518773135906928
GTA,lstm,train,0.9743589743589745,0.9743589743589745,0.9743589743589745,0.9743589743589745
GTA,lstm,valid,0.967741935483871,0.9365244536940688,0.967741935483871,0.9518773135906928
GTA,svm,train,0.9871794871794872,0.9875,0.9871794871794872,0.987177379582443
GTA,svm,valid,0.967741935483871,0.9365244536940688,0.967741935483871,0.9518773135906928
GTA,transformer,train,0.9102564102564102,0.9239130434782608,0.9102564102564102,0.9095277547638776
GTA,transformer,valid,0.967741935483871,0.9365244536940688,0.967741935483871,0.9518773135906928
GTT,logistic_regression,train,0.8909090909090909,0.91044776119403,0.8909090909090909,0.8895951823352292
GTT,logistic_regression,valid,0.9032258064516128,1.0,0.9032258064516128,0.9491525423728814
GTT,lstm,train,0.8727272727272727,0.8854700854700855,0.8727272727272727,0.8716666666666666
GTT,lstm,valid,0.8709677419354839,1.0,0.8709677419354839,0.9310344827586208
GTT,svm,train,0.8818181818181818,0.9044117647058824,0.8818181818181818,0.8801441622663649
GTT,svm,valid,0.3548387096774194,1.0,0.3548387096774194,0.5238095238095238
GTT,transformer,train,0.8,0.8571428571428571,0.8,0.7916666666666667
GTT,transformer,valid,1.0,1.0,1.0,1.0
H11,logistic_regression,train,0.7790697674418605,0.7866666666666667,0.7790697674418605,0.7775962978086294
H11,logistic_regression,valid,0.6774193548387096,1.0,0.6774193548387096,0.8076923076923077
H11,lstm,train,0.813953488372093,0.8201875344732489,0.813953488372093,0.8130434782608696
H11,lstm,valid,0.7419354838709677,1.0,0.7419354838709677,0.8518518518518519
H11,svm,train,0.9302325581395348,0.9311653116531166,0.9302325581395348,0.9301948051948052
H11,svm,valid,0.5483870967741935,1.0,0.5483870967741935,0.7083333333333334
H11,transformer,train,0.7674418604651163,0.7900293255131964,0.7674418604651163,0.7628240485383343
H11,transformer,valid,0.7096774193548387,1.0,0.7096774193548387,0.8301886792452831
HAD,logistic_regression,train,0.8490566037735849,0.8840579710144927,0.8490566037735849,0.8455373406193077
HAD,logistic_regression,valid,0.1935483870967742,0.4365962180200223,0.1935483870967742,0.1150366956818569
HAD,lstm,train,0.8018867924528302,0.858108108108108,0.8018867924528302,0.7937934228809634
HAD,lstm,valid,0.4516129032258064,0.7718894009216589,0.4516129032258064,0.4864311315924219
HAD,svm,train,0.8962264150943396,0.9140625,0.8962264150943396,0.8950967161493478
HAD,svm,valid,0.1935483870967742,0.0374609781477627,0.1935483870967742,0.062772449869224
HAD,transformer,train,0.7547169811320755,0.8204209583519929,0.7547169811320755,0.7414634146341463
HAD,transformer,valid,0.2903225806451613,0.6823821339950372,0.2903225806451613,0.2755376344086022
HAG,logistic_regression,train,0.9178082191780822,0.8423719271908425,0.9178082191780822,0.8784735812133073
HAG,logistic_regression,valid,0.5483870967741935,0.3007284079084287,0.5483870967741935,0.3884408602150538
HAG,lstm,train,0.9178082191780822,0.8423719271908425,0.9178082191780822,0.8784735812133073
HAG,lstm,valid,0.5483870967741935,0.3007284079084287,0.5483870967741935,0.3884408602150538
HAG,svm,train,0.589041095890411,0.9315068493150684,0.589041095890411,0.6765392142104472
HAG,svm,valid,0.4516129032258064,0.2039542143600416,0.4516129032258064,0.2810035842293907
HAG,transformer,train,0.9178082191780822,0.8942697279567818,0.9178082191780822,0.8984514592019058
HAG,transformer,valid,0.4838709677419355,0.2836484983314794,0.4838709677419355,0.3576437587657784
HAI,logistic_regression,train,0.8709677419354839,0.8974358974358974,0.8709677419354839,0.8687830687830688
HAI,logistic_regression,valid,0.7419354838709677,0.5504682622268471,0.7419354838709677,0.6320191158900836
HAI,lstm,train,0.9193548387096774,0.9305555555555556,0.9193548387096774,0.918826918041372
HAI,lstm,valid,0.8709677419354839,0.8900836320191159,0.8709677419354839,0.8546236559139785
HAI,svm,train,0.9838709677419356,0.984375,0.9838709677419356,0.9838667707520166
HAI,svm,valid,0.2580645161290322,0.0665972944849115,0.2580645161290322,0.1058726220016542
HAI,transformer,train,0.9112903225806452,0.9246575342465752,0.9112903225806452,0.910586692887578
HAI,transformer,valid,0.9032258064516128,0.91439205955335,0.9032258064516128,0.8950220286625816
HAP,logistic_regression,train,0.8166666666666667,0.8349001175088131,0.8166666666666667,0.8141368628555337
HAP,logistic_regression,valid,0.064516129032258,0.0831029185867895,0.064516129032258,0.064516129032258
HAP,lstm,train,0.5,0.25,0.5,0.3333333333333333
HAP,lstm,valid,0.6129032258064516,0.4438264738598442,0.6129032258064516,0.5148387096774194
HAP,svm,train,0.8583333333333333,0.8707962058062663,0.8583333333333333,0.8571328524406472
HAP,svm,valid,0.2903225806451613,0.341827053402006,0.2903225806451613,0.312110922467459
HAP,transformer,train,0.775,0.7787947057166995,0.775,0.7742317608529022
HAP,transformer,valid,0.1612903225806451,0.2263578715191618,0.1612903225806451,0.1824342640281919
HAR,logistic_regression,train,0.8611111111111112,0.8612349914236707,0.8611111111111112,0.8610992026065334
HAR,logistic_regression,valid,0.8387096774193549,1.0,0.8387096774193549,0.912280701754386
HAR,lstm,train,0.9722222222222222,0.9723842195540308,0.9722222222222222,0.9722198405213068
HAR,lstm,valid,0.935483870967742,1.0,0.935483870967742,0.9666666666666668
HAR,svm,train,0.9351851851851852,0.9389484607402284,0.9351851851851852,0.9350459661482944
HAR,svm,valid,0.935483870967742,1.0,0.935483870967742,0.9666666666666668
HAR,transformer,train,0.9351851851851852,0.942622950819672,0.9351851851851852,0.9349117520447696
HAR,transformer,valid,0.9032258064516128,1.0,0.9032258064516128,0.9491525423728814
HAS,logistic_regression,train,0.8958333333333334,0.8958333333333334,0.8958333333333334,0.8958333333333334
HAS,logistic_regression,valid,0.5483870967741935,0.3007284079084287,0.5483870967741935,0.3884408602150538
HAS,lstm,train,0.8645833333333334,0.8685827117156647,0.8645833333333334,0.8642149929278643
HAS,lstm,valid,0.5483870967741935,0.3007284079084287,0.5483870967741935,0.3884408602150538
HAS,svm,train,0.8645833333333334,0.864741641337386,0.8645833333333334,0.8645686380900705
HAS,svm,valid,0.5483870967741935,0.3007284079084287,0.5483870967741935,0.3884408602150538
HAS,transformer,train,0.8125,0.8125,0.8125,0.8125
HAS,transformer,valid,0.5483870967741935,0.3007284079084287,0.5483870967741935,0.3884408602150538
HAT,logistic_regression,train,0.95,0.9511278195488722,0.95,0.9499687304565352
HAT,logistic_regression,valid,0.8387096774193549,0.7034339229968783,0.8387096774193549,0.7651386530843237
HAT,lstm,train,0.725,0.8225806451612904,0.725,0.7025016903313049
HAT,lstm,valid,0.8387096774193549,0.7034339229968783,0.8387096774193549,0.7651386530843237
HAT,svm,train,0.9625,0.9651162790697676,0.9625,0.962447191362854
HAT,svm,valid,0.7419354838709677,0.6889400921658987,0.7419354838709677,0.7144563918757467
HAT,transformer,train,0.7125,0.8174603174603174,0.7125,0.6865951285981945
HAT,transformer,valid,0.8387096774193549,0.7034339229968783,0.8387096774193549,0.7651386530843237
HAX,logistic_regression,train,0.931372549019608,0.9355590062111802,0.931372549019608,0.9312072453993642
HAX,logistic_regression,valid,0.6129032258064516,0.5681720430107526,0.6129032258064516,0.5813464235624123
HAX,lstm,train,0.5,0.25,0.5,0.3333333333333333
HAX,lstm,valid,0.3225806451612903,0.1040582726326743,0.3225806451612903,0.1573564122738001
HAX,svm,train,0.9411764705882352,0.9473684210526316,0.9411764705882352,0.940972222222222
HAX,svm,valid,0.8064516129032258,0.8449444293846572,0.8064516129032258,0.8123938879456706
HAX,transformer,train,0.931372549019608,0.9355590062111802,0.931372549019608,0.9312072453993642
HAX,transformer,valid,0.7741935483870968,0.8671726755218216,0.7741935483870968,0.780884109916368
HBC,logistic_regression,train,0.9758064516129032,0.9769230769230768,0.9758064516129032,0.9757922821630768
HBC,logistic_regression,valid,0.0,0.0,0.0,0.0
HBC,lstm,train,0.8467741935483871,0.882716049382716,0.8467741935483871,0.843090243090243
HBC,lstm,valid,0.2258064516129032,1.0,0.2258064516129032,0.3684210526315789
HBC,svm,train,0.9919354838709676,0.992063492063492,0.9919354838709676,0.9919349593495934
HBC,svm,valid,1.0,1.0,1.0,1.0
HBC,transformer,train,0.8951612903225806,0.9080042976094548,0.8951612903225806,0.8943297279580464
HBC,transformer,valid,0.8064516129032258,1.0,0.8064516129032258,0.8928571428571429
HBD,logistic_regression,train,1.0,1.0,1.0,1.0
HBD,logistic_regression,valid,0.8064516129032258,0.6503642039542143,0.8064516129032258,0.7200460829493088
HBD,lstm,train,1.0,1.0,1.0,1.0
HBD,lstm,valid,0.935483870967742,0.94026284348865,0.935483870967742,0.930272952853598
HBD,svm,train,0.9666666666666668,0.96875,0.9666666666666668,0.9666295884315907
HBD,svm,valid,0.1935483870967742,0.0374609781477627,0.1935483870967742,0.062772449869224
HBD,transformer,train,0.9916666666666668,0.9918032786885246,0.9916666666666668,0.9916660879227724
HBD,transformer,valid,0.8064516129032258,0.6503642039542143,0.8064516129032258,0.7200460829493088
HBS,logistic_regression,train,0.8904109589041096,0.792831675736536,0.8904109589041096,0.8387929323009728
HBS,logistic_regression,valid,0.967741935483871,0.9365244536940688,0.967741935483871,0.9518773135906928
HBS,lstm,train,0.8904109589041096,0.792831675736536,0.8904109589041096,0.8387929323009728
HBS,lstm,valid,0.967741935483871,0.9365244536940688,0.967741935483871,0.9518773135906928
HBS,svm,train,0.8904109589041096,0.792831675736536,0.8904109589041096,0.8387929323009728
HBS,svm,valid,0.967741935483871,0.9365244536940688,0.967741935483871,0.9518773135906928
HBS,transformer,train,0.8904109589041096,0.792831675736536,0.8904109589041096,0.8387929323009728
HBS,transformer,valid,0.967741935483871,0.9365244536940688,0.967741935483871,0.9518773135906928
HCC,logistic_regression,train,1.0,1.0,1.0,1.0
HCC,logistic_regression,valid,1.0,1.0,1.0,1.0
HCC,lstm,train,0.9833333333333332,0.9838709677419356,0.9833333333333332,0.9833287024173384
HCC,lstm,valid,1.0,1.0,1.0,1.0
HCC,svm,train,1.0,1.0,1.0,1.0
HCC,svm,valid,0.9032258064516128,1.0,0.9032258064516128,0.9491525423728814
HCC,transformer,train,0.9666666666666668,0.96875,0.9666666666666668,0.9666295884315907
HCC,transformer,valid,1.0,1.0,1.0,1.0
HCI,logistic_regression,train,0.7796610169491526,0.8470588235294118,0.7796610169491526,0.7684178743961352
HCI,logistic_regression,valid,0.7419354838709677,0.6918798665183536,0.7419354838709677,0.6794044665012406
HCI,lstm,train,0.923728813559322,0.9338235294117648,0.923728813559322,0.9232825254641336
HCI,lstm,valid,0.7419354838709677,0.6918798665183536,0.7419354838709677,0.6794044665012406
HCI,svm,train,0.9067796610169492,0.9078341013824884,0.9067796610169492,0.9067193675889328
HCI,svm,valid,0.7741935483870968,0.8268817204301075,0.7741935483870968,0.701291675120038
HCI,transformer,train,0.6864406779661016,0.7575396825396825,0.6864406779661016,0.663195248013577
HCI,transformer,valid,0.7419354838709677,0.6918798665183536,0.7419354838709677,0.6794044665012406
HCM,logistic_regression,train,0.925,0.926065162907268,0.925,0.924953095684803
HCM,logistic_regression,valid,0.0,0.0,0.0,0.0
HCM,lstm,train,0.9125,0.914833438089252,0.9125,0.9123767798466592
HCM,lstm,valid,0.032258064516129,1.0,0.032258064516129,0.0625
HCM,svm,train,0.925,0.926065162907268,0.925,0.924953095684803
HCM,svm,valid,0.0,0.0,0.0,0.0
HCM,transformer,train,0.65,0.734375,0.65,0.6153846153846153
HCM,transformer,valid,0.032258064516129,1.0,0.032258064516129,0.0625
HCT,logistic_regression,train,0.8717948717948718,0.875747508305648,0.8717948717948718,0.871456822676335
HCT,logistic_regression,valid,0.6774193548387096,0.7483870967741936,0.6774193548387096,0.6877584780810587
HCT,lstm,train,0.7307692307692307,0.7346256684491979,0.7307692307692307,0.7296583594652583
HCT,lstm,valid,0.6129032258064516,0.6562754133911629,0.6129032258064516,0.6247877758913413
HCT,svm,train,0.8974358974358975,0.907070707070707,0.8974358974358975,0.8968253968253967
HCT,svm,valid,0.6774193548387096,0.4588969823100936,0.6774193548387096,0.5471464019851118
HCT,transformer,train,0.7564102564102564,0.7884615384615384,0.7564102564102564,0.7494505494505495
HCT,transformer,valid,0.6451612903225806,0.6757650951199339,0.6451612903225806,0.654655302621642
HDA,logistic_regression,train,0.8152173913043478,0.81656383483626,0.8152173913043478,0.8150206978119456
HDA,logistic_regression,valid,0.9032258064516128,0.9153225806451613,0.9032258064516128,0.8979127134724858
HDA,lstm,train,0.7934782608695652,0.7936170212765958,0.7934782608695652,0.793453857969987
HDA,lstm,valid,1.0,1.0,1.0,1.0
HDA,svm,train,0.8804347826086957,0.8955773955773957,0.8804347826086957,0.8792794942144816
HDA,svm,valid,0.6451612903225806,0.8310291858678955,0.6451612903225806,0.6451612903225806
HDA,transformer,train,0.9239130434782608,0.924113475177305,0.9239130434782608,0.9239040529363112
HDA,transformer,valid,0.935483870967742,0.946236559139785,0.935483870967742,0.9368035190615835
HDC,logistic_regression,train,0.9418604651162792,0.9440217391304347,0.9418604651162792,0.9417896304318398
HDC,logistic_regression,valid,0.1935483870967742,1.0,0.1935483870967742,0.3243243243243243
HDC,lstm,train,0.9534883720930232,0.9574468085106382,0.9534883720930232,0.9533875338753386
HDC,lstm,valid,0.5161290322580645,1.0,0.5161290322580645,0.6808510638297872
HDC,svm,train,0.9418604651162792,0.9440217391304347,0.9418604651162792,0.9417896304318398
HDC,svm,valid,0.2580645161290322,1.0,0.2580645161290322,0.4102564102564102
HDC,transformer,train,0.8604651162790697,0.8612466124661247,0.8604651162790697,0.8603896103896104
HDC,transformer,valid,0.0,0.0,0.0,0.0
HDG,logistic_regression,train,0.99,0.9901960784313724,0.99,0.98999899989999
HDG,logistic_regression,valid,0.4193548387096774,0.1758584807492196,0.4193548387096774,0.2478005865102639
HDG,lstm,train,0.82,0.8395585738539899,0.82,0.8173701298701299
HDG,lstm,valid,0.4193548387096774,0.1758584807492196,0.4193548387096774,0.2478005865102639
HDG,svm,train,0.99,0.9901960784313724,0.99,0.98999899989999
HDG,svm,valid,0.4193548387096774,0.1758584807492196,0.4193548387096774,0.2478005865102639
HDG,transformer,train,0.71,0.8164556962025317,0.71,0.6833715471121302
HDG,transformer,valid,0.4193548387096774,0.1758584807492196,0.4193548387096774,0.2478005865102639
HDM,logistic_regression,train,0.99,0.9901960784313724,0.99,0.98999899989999
HDM,logistic_regression,valid,0.935483870967742,0.8751300728407908,0.935483870967742,0.9043010752688172
HDM,lstm,train,1.0,1.0,1.0,1.0
HDM,lstm,valid,0.935483870967742,0.8751300728407908,0.935483870967742,0.9043010752688172
HDM,svm,train,1.0,1.0,1.0,1.0
HDM,svm,valid,0.935483870967742,0.8751300728407908,0.935483870967742,0.9043010752688172
HDM,transformer,train,0.99,0.9901960784313724,0.99,0.98999899989999
HDM,transformer,valid,0.935483870967742,0.8751300728407908,0.935483870967742,0.9043010752688172
HDO,logistic_regression,train,0.9178082191780822,0.8423719271908425,0.9178082191780822,0.8784735812133073
HDO,logistic_regression,valid,1.0,1.0,1.0,1.0
HDO,lstm,train,0.9178082191780822,0.8423719271908425,0.9178082191780822,0.8784735812133073
HDO,lstm,valid,1.0,1.0,1.0,1.0
HDO,svm,train,0.0821917808219178,0.0067554888346781,0.0821917808219178,0.0124848274666204
HDO,svm,valid,0.0,0.0,0.0,0.0
HDO,transformer,train,0.9178082191780822,0.8423719271908425,0.9178082191780822,0.8784735812133073
HDO,transformer,valid,1.0,1.0,1.0,1.0
HEV,logistic_regression,train,0.7926829268292683,0.8153846153846154,0.7926829268292683,0.7888838406784796
HEV,logistic_regression,valid,0.7741935483870968,0.7465437788018433,0.7741935483870968,0.7601173020527859
HEV,lstm,train,0.5,0.25,0.5,0.3333333333333333
HEV,lstm,valid,0.8709677419354839,0.7585848074921956,0.8709677419354839,0.8109010011123471
HEV,svm,train,0.8658536585365854,0.894230769230769,0.8658536585365854,0.863395426321369
HEV,svm,valid,0.8709677419354839,0.7585848074921956,0.8709677419354839,0.8109010011123471
HEV,transformer,train,0.4878048780487805,0.4135021097046413,0.4878048780487805,0.3477272727272728
HEV,transformer,valid,0.1290322580645161,0.0166493236212278,0.1290322580645161,0.0294930875576036
HFC,logistic_regression,train,0.6739130434782609,0.6866125760649089,0.6739130434782609,0.6682692307692308
HFC,logistic_regression,valid,1.0,1.0,1.0,1.0
HFC,lstm,train,0.9239130434782608,0.924113475177305,0.9239130434782608,0.9239040529363112
HFC,lstm,valid,0.967741935483871,0.9741935483870968,0.967741935483871,0.9692297288158516
HFC,svm,train,1.0,1.0,1.0,1.0
HFC,svm,valid,0.8709677419354839,0.7585848074921956,0.8709677419354839,0.8109010011123471
HFC,transformer,train,0.7282608695652174,0.8043478260869565,0.7282608695652174,0.7101449275362318
HFC,transformer,valid,0.935483870967742,0.956989247311828,0.935483870967742,0.940694789081886
HFX,logistic_regression,train,0.9186046511627908,0.9299999999999998,0.9186046511627908,0.9180617939294948
HFX,logistic_regression,valid,0.9032258064516128,0.9148883374689828,0.9032258064516128,0.9076891864475554
HFX,lstm,train,1.0,1.0,1.0,1.0
HFX,lstm,valid,0.935483870967742,0.935483870967742,0.935483870967742,0.935483870967742
HFX,svm,train,0.9534883720930232,0.9574468085106382,0.9534883720930232,0.9533875338753386
HFX,svm,valid,0.935483870967742,0.956989247311828,0.935483870967742,0.940694789081886
HFX,transformer,train,0.9186046511627908,0.9299999999999998,0.9186046511627908,0.9180617939294948
HFX,transformer,valid,0.935483870967742,0.956989247311828,0.935483870967742,0.940694789081886
HGM,logistic_regression,train,0.7261904761904762,0.7263187748156551,0.7261904761904762,0.7261516654854713
HGM,logistic_regression,valid,0.6129032258064516,0.8473841149362971,0.6129032258064516,0.6764418377321603
HGM,lstm,train,0.9404761904761904,0.9427350427350428,0.9404761904761904,0.9404001702852278
HGM,lstm,valid,0.7741935483870968,0.7962779156327543,0.7741935483870968,0.7846081017109624
HGM,svm,train,0.7976190476190477,0.7977878615995461,0.7976190476190477,0.7975903614457832
HGM,svm,valid,0.7419354838709677,0.7419354838709677,0.7419354838709677,0.7419354838709677
HGM,transformer,train,0.5238095238095238,0.5291666666666667,0.5238095238095238,0.5008912655971479
HGM,transformer,valid,0.4516129032258064,0.8955453149001537,0.4516129032258064,0.5120836965998257
HHC,logistic_regression,train,0.8962264150943396,0.9140625,0.8962264150943396,0.8950967161493478
HHC,logistic_regression,valid,0.1290322580645161,0.9129032258064516,0.1290322580645161,0.079886742845586
HHC,lstm,train,0.5,0.25,0.5,0.3333333333333333
HHC,lstm,valid,0.0967741935483871,0.0093652445369406,0.0967741935483871,0.01707779886148
HHC,svm,train,0.9056603773584906,0.9206349206349208,0.9056603773584906,0.9048132183908046
HHC,svm,valid,0.0967741935483871,0.0093652445369406,0.0967741935483871,0.01707779886148
HHC,transformer,train,0.4433962264150943,0.235,0.4433962264150943,0.3071895424836602
HHC,transformer,valid,0.0967741935483871,0.0093652445369406,0.0967741935483871,0.01707779886148
HHG,logistic_regression,train,0.9878048780487804,0.988095238095238,0.9878048780487804,0.987803064108285
HHG,logistic_regression,valid,0.6774193548387096,0.4588969823100936,0.6774193548387096,0.5471464019851118
HHG,lstm,train,0.8170731707317073,0.8660714285714285,0.8170731707317073,0.8107401138636713
HHG,lstm,valid,0.4838709677419355,0.4064516129032258,0.4838709677419355,0.4417952314165497
HHG,svm,train,0.951219512195122,0.9555555555555556,0.951219512195122,0.951103160405486
HHG,svm,valid,0.5806451612903226,0.435483870967742,0.5806451612903226,0.4976958525345622
HHG,transformer,train,0.9146341463414634,0.9208937198067632,0.9146341463414634,0.9143155694879832
HHG,transformer,valid,0.2903225806451613,0.3208828522920204,0.2903225806451613,0.3048387096774194
HHS,logistic_regression,train,0.8108108108108109,0.8108108108108109,0.8108108108108109,0.8108108108108109
HHS,logistic_regression,valid,0.6129032258064516,0.5221027479091995,0.6129032258064516,0.5638709677419355
HHS,lstm,train,0.5945945945945946,0.5948717948717949,0.5945945945945946,0.5942982456140352
HHS,lstm,valid,0.7419354838709677,0.5504682622268471,0.7419354838709677,0.6320191158900836
HHS,svm,train,0.8783783783783784,0.8808823529411764,0.8783783783783784,0.8781781598683006
HHS,svm,valid,0.6129032258064516,0.5221027479091995,0.6129032258064516,0.5638709677419355
HHS,transformer,train,0.6486486486486487,0.6559386973180077,0.6486486486486487,0.6444937176644494
HHS,transformer,valid,0.935483870967742,0.9406451612903226,0.935483870967742,0.9322196620583718
HIG,logistic_regression,train,0.9041095890410958,0.8174141489960592,0.9041095890410958,0.8585788903124076
HIG,logistic_regression,valid,0.7096774193548387,0.5036420395421436,0.7096774193548387,0.5891661594643944
HIG,lstm,train,0.9041095890410958,0.8174141489960592,0.9041095890410958,0.8585788903124076
HIG,lstm,valid,0.7096774193548387,0.5036420395421436,0.7096774193548387,0.5891661594643944
HIG,svm,train,0.0958904109589041,0.0091949709138675,0.0958904109589041,0.0167808219178082
HIG,svm,valid,0.2903225806451613,0.0842872008324661,0.2903225806451613,0.1306451612903225
HIG,transformer,train,0.7671232876712328,0.8586427541456381,0.7671232876712328,0.8041662429727335
HIG,transformer,valid,0.7096774193548387,0.5036420395421436,0.7096774193548387,0.5891661594643944
HJS,logistic_regression,train,0.9452054794520548,0.8934133983861887,0.9452054794520548,0.9185799729886168
HJS,logistic_regression,valid,0.7096774193548387,0.5036420395421436,0.7096774193548387,0.5891661594643944
HJS,lstm,train,0.9452054794520548,0.8934133983861887,0.9452054794520548,0.9185799729886168
HJS,lstm,valid,0.5483870967741935,0.4640198511166253,0.5483870967741935,0.5026881720430108
HJS,svm,train,0.0547945205479452,0.0030024394820791,0.0547945205479452,0.0056929371997865
HJS,svm,valid,0.2903225806451613,0.0842872008324661,0.2903225806451613,0.1306451612903225
HJS,transformer,train,0.9452054794520548,0.8934133983861887,0.9452054794520548,0.9185799729886168
HJS,transformer,valid,0.7096774193548387,0.5036420395421436,0.7096774193548387,0.5891661594643944
HLA,logistic_regression,train,0.931372549019608,0.939655172413793,0.931372549019608,0.9310478029937228
HLA,logistic_regression,valid,0.967741935483871,0.9690860215053764,0.967741935483871,0.9670098375657744
HLA,lstm,train,0.9901960784313726,0.9903846153846154,0.9901960784313726,0.9901951360184562
HLA,lstm,valid,0.935483870967742,0.935483870967742,0.935483870967742,0.935483870967742
HLA,svm,train,0.931372549019608,0.939655172413793,0.931372549019608,0.9310478029937228
HLA,svm,valid,0.8709677419354839,0.913978494623656,0.8709677419354839,0.8777265745007681
HLA,transformer,train,0.9803921568627452,0.981132075471698,0.9803921568627452,0.9803846153846152
HLA,transformer,valid,0.967741935483871,0.971326164874552,0.967741935483871,0.9683322791482184
HLC,logistic_regression,train,0.92,0.9310344827586208,0.92,0.9194847020933976
HLC,logistic_regression,valid,0.7096774193548387,0.5036420395421436,0.7096774193548387,0.5891661594643944
HLC,lstm,train,1.0,1.0,1.0,1.0
HLC,lstm,valid,0.7096774193548387,0.5036420395421436,0.7096774193548387,0.5891661594643944
HLC,svm,train,0.95,0.9545454545454546,0.95,0.9498746867167918
HLC,svm,valid,0.7096774193548387,0.5036420395421436,0.7096774193548387,0.5891661594643944
HLC,transformer,train,0.77,0.8278290432248664,0.77,0.7593890574327858
HLC,transformer,valid,0.8387096774193549,0.8685782556750298,0.8387096774193549,0.815921405783157
HLY,logistic_regression,train,0.8,0.8125,0.8,0.7979797979797979
HLY,logistic_regression,valid,0.6129032258064516,0.6129032258064516,0.6129032258064516,0.6129032258064516
HLY,lstm,train,0.6125,0.630909090909091,0.6125,0.5983805668016193
HLY,lstm,valid,0.4193548387096774,0.7363253856942497,0.4193548387096774,0.4290322580645161
HLY,svm,train,0.9125,0.919047619047619,0.9125,0.912156862745098
HLY,svm,valid,0.7741935483870968,0.5993756503642039,0.7741935483870968,0.6756598240469208
HLY,transformer,train,0.6875,0.742130750605327,0.6875,0.6688193409504886
HLY,transformer,valid,0.5161290322580645,0.5385694249649369,0.5161290322580645,0.5271105010295126
HMC,logistic_regression,train,0.7549019607843137,0.8355263157894737,0.7549019607843137,0.739237140811944
HMC,logistic_regression,valid,1.0,1.0,1.0,1.0
HMC,lstm,train,0.9803921568627452,0.981132075471698,0.9803921568627452,0.9803846153846152
HMC,lstm,valid,1.0,1.0,1.0,1.0
HMC,svm,train,0.9117647058823528,0.925,0.9117647058823528,0.911072362685266
HMC,svm,valid,1.0,1.0,1.0,1.0
HMC,transformer,train,0.803921568627451,0.8591549295774648,0.803921568627451,0.7960815673730508
HMC,transformer,valid,0.967741935483871,1.0,0.967741935483871,0.9836065573770492
HMH,logistic_regression,train,0.8947368421052632,0.8958333333333333,0.8947368421052632,0.8946638946638946
HMH,logistic_regression,valid,0.8709677419354839,0.8981324278438031,0.8709677419354839,0.8693412849010572
HMH,lstm,train,0.9342105263157896,0.9369337979094076,0.9342105263157896,0.9341078550372808
HMH,lstm,valid,0.967741935483871,0.969758064516129,0.967741935483871,0.967741935483871
HMH,svm,train,0.8157894736842105,0.8304347826086957,0.8157894736842105,0.8137254901960784
HMH,svm,valid,0.7419354838709677,0.8316970546984571,0.7419354838709677,0.7260894170911149
HMH,transformer,train,0.8289473684210527,0.8405017921146953,0.8289473684210527,0.8274838484372272
HMH,transformer,valid,0.935483870967742,0.9430740037950665,0.935483870967742,0.9353494623655914
HNM,logistic_regression,train,0.9655172413793104,0.9677419354838708,0.9655172413793104,0.9654761904761906
HNM,logistic_regression,valid,0.7419354838709677,0.5504682622268471,0.7419354838709677,0.6320191158900836
HNM,lstm,train,0.5,0.25,0.5,0.3333333333333333
HNM,lstm,valid,0.7419354838709677,0.5504682622268471,0.7419354838709677,0.6320191158900836
HNM,svm,train,1.0,1.0,1.0,1.0
HNM,svm,valid,0.7419354838709677,0.5504682622268471,0.7419354838709677,0.6320191158900836
HNM,transformer,train,0.8620689655172413,0.8918918918918919,0.8620689655172413,0.8593939393939394
HNM,transformer,valid,0.4838709677419355,0.4838709677419355,0.4838709677419355,0.4838709677419355
HOM,logistic_regression,train,0.9583333333333334,0.9615384615384616,0.9583333333333334,0.9582608695652174
HOM,logistic_regression,valid,0.6774193548387096,0.4588969823100936,0.6774193548387096,0.5471464019851118
HOM,lstm,train,0.9,0.9166666666666666,0.9,0.898989898989899
HOM,lstm,valid,0.6774193548387096,0.4588969823100936,0.6774193548387096,0.5471464019851118
HOM,svm,train,0.95,0.9545454545454546,0.95,0.949874686716792
HOM,svm,valid,0.6774193548387096,0.4588969823100936,0.6774193548387096,0.5471464019851118
HOM,transformer,train,0.8,0.8571428571428572,0.8,0.7916666666666666
HOM,transformer,valid,0.5806451612903226,0.435483870967742,0.5806451612903226,0.4976958525345622
HOT,logistic_regression,train,0.881578947368421,0.881843381843382,0.881578947368421,0.8815584415584415
HOT,logistic_regression,valid,1.0,1.0,1.0,1.0
HOT,lstm,train,0.8947368421052632,0.8958333333333333,0.8947368421052632,0.8946638946638946
HOT,lstm,valid,1.0,1.0,1.0,1.0
HOT,svm,train,0.881578947368421,0.8839721254355399,0.881578947368421,0.8813941390671058
HOT,svm,valid,1.0,1.0,1.0,1.0
HOT,transformer,train,0.881578947368421,0.8839721254355399,0.881578947368421,0.8813941390671058
HOT,transformer,valid,1.0,1.0,1.0,1.0
HPB,logistic_regression,train,0.8303571428571429,0.8330118932819028,0.8303571428571429,0.8300183720744468
HPB,logistic_regression,valid,0.5806451612903226,0.7825567502986858,0.5806451612903226,0.517327938256341
HPB,lstm,train,0.5,0.25,0.5,0.3333333333333333
HPB,lstm,valid,0.7096774193548387,0.82328190743338,0.7096774193548387,0.6927288578901483
HPB,svm,train,0.9732142857142856,0.9745762711864406,0.9732142857142856,0.9731950538492222
HPB,svm,valid,0.4516129032258064,0.2039542143600416,0.4516129032258064,0.2810035842293907
HPB,transformer,train,0.7410714285714286,0.7474631751227496,0.7410714285714286,0.7393885902270723
HPB,transformer,valid,0.6129032258064516,0.7730812013348164,0.6129032258064516,0.5182328190743338
HPG,logistic_regression,train,0.8981481481481481,0.9015911449325492,0.8981481481481481,0.8979293753758915
HPG,logistic_regression,valid,0.7096774193548387,0.7242286115007013,0.7096774193548387,0.7162663006177076
HPG,lstm,train,0.925925925925926,0.926510989010989,0.925925925925926,0.9259005145797596
HPG,lstm,valid,0.6451612903225806,0.6260215053763442,0.6451612903225806,0.6351344508026535
HPG,svm,train,0.9166666666666666,0.9237879316358564,0.9166666666666666,0.9163151097718468
HPG,svm,valid,0.7741935483870968,0.5993756503642039,0.7741935483870968,0.6756598240469208
HPG,transformer,train,0.8703703703703703,0.8724137931034482,0.8703703703703703,0.8701923076923076
HPG,transformer,valid,0.6774193548387096,0.6774193548387096,0.6774193548387096,0.6774193548387096
HPP,logistic_regression,train,0.9716981132075472,0.9732142857142856,0.9716981132075472,0.9716754253139752
HPP,logistic_regression,valid,0.4838709677419355,0.2836484983314794,0.4838709677419355,0.3576437587657784
HPP,lstm,train,0.9245283018867924,0.9344262295081968,0.9245283018867924,0.924095954171142
HPP,lstm,valid,0.5483870967741935,0.3007284079084287,0.5483870967741935,0.3884408602150538
HPP,svm,train,0.981132075471698,0.9818181818181816,0.981132075471698,0.981125356125356
HPP,svm,valid,0.7419354838709677,0.8357771260997067,0.7419354838709677,0.7309070857457954
HPP,transformer,train,0.8962264150943396,0.9140625,0.8962264150943396,0.8950967161493478
HPP,transformer,valid,0.4838709677419355,0.2836484983314794,0.4838709677419355,0.3576437587657784
HPT,logistic_regression,train,0.8648648648648649,0.8747186796699175,0.8648648648648649,0.8639705882352942
HPT,logistic_regression,valid,0.2903225806451613,0.0842872008324661,0.2903225806451613,0.1306451612903225
HPT,lstm,train,0.8378378378378378,0.8544061302681992,0.8378378378378378,0.835920177383592
HPT,lstm,valid,0.7096774193548387,0.684516129032258,0.7096774193548387,0.689910775566232
HPT,svm,train,0.8648648648648649,0.8827586206896552,0.8648648648648649,0.8632668144863266
HPT,svm,valid,0.2903225806451613,0.0842872008324661,0.2903225806451613,0.1306451612903225
HPT,transformer,train,0.581081081081081,0.5889423076923077,0.581081081081081,0.5716153127917833
HPT,transformer,valid,0.7096774193548387,0.5036420395421436,0.7096774193548387,0.5891661594643944
HQC,logistic_regression,train,0.9186046511627908,0.9206521739130435,0.9186046511627908,0.9185054826045757
HQC,logistic_regression,valid,1.0,1.0,1.0,1.0
HQC,lstm,train,1.0,1.0,1.0,1.0
HQC,lstm,valid,1.0,1.0,1.0,1.0
HQC,svm,train,0.9302325581395348,0.9339879978177852,0.9302325581395348,0.9300813008130082
HQC,svm,valid,1.0,1.0,1.0,1.0
HQC,transformer,train,0.9302325581395348,0.9339879978177852,0.9302325581395348,0.9300813008130082
HQC,transformer,valid,1.0,1.0,1.0,1.0
HRC,logistic_regression,train,0.9302325581395348,0.9311653116531166,0.9302325581395348,0.9301948051948052
HRC,logistic_regression,valid,0.5806451612903226,0.5631136044880786,0.5806451612903226,0.5562923832003297
HRC,lstm,train,0.627906976744186,0.6352201257861634,0.627906976744186,0.6228070175438597
HRC,lstm,valid,0.2903225806451613,0.2703812316715542,0.2903225806451613,0.2794284097340124
HRC,svm,train,0.9534883720930232,0.9534883720930232,0.9534883720930232,0.9534883720930232
HRC,svm,valid,0.5161290322580645,0.4649462365591398,0.5161290322580645,0.4663797528329451
HRC,transformer,train,0.5581395348837209,0.5614636935391653,0.5581395348837209,0.5520833333333333
HRC,transformer,valid,0.4193548387096774,0.1758584807492196,0.4193548387096774,0.2478005865102639
HSG,logistic_regression,train,0.8773584905660378,0.9015151515151516,0.8773584905660378,0.8754856781422247
HSG,logistic_regression,valid,0.5483870967741935,0.7664071190211347,0.5483870967741935,0.4446073639622026
HSG,lstm,train,0.6415094339622641,0.7912087912087912,0.6415094339622641,0.5886437908496732
HSG,lstm,valid,0.7741935483870968,0.7861869313482217,0.7741935483870968,0.7727778339569218
HSG,svm,train,0.8679245283018868,0.8955223880597014,0.8679245283018868,0.8655797101449275
HSG,svm,valid,0.6451612903225806,0.7952853598014888,0.6451612903225806,0.5998276572627477
HSG,transformer,train,0.5943396226415094,0.7760416666666667,0.5943396226415094,0.5144348567167359
HSG,transformer,valid,0.6451612903225806,0.6465053763440859,0.6451612903225806,0.6451612903225806
HSI,logistic_regression,train,0.9315068493150684,0.8677050103208857,0.9315068493150684,0.8984746915379382
HSI,logistic_regression,valid,0.4516129032258064,0.2039542143600416,0.4516129032258064,0.2810035842293907
HSI,lstm,train,0.9315068493150684,0.8677050103208857,0.9315068493150684,0.8984746915379382
HSI,lstm,valid,0.4516129032258064,0.2039542143600416,0.4516129032258064,0.2810035842293907
HSI,svm,train,0.9315068493150684,0.8677050103208857,0.9315068493150684,0.8984746915379382
HSI,svm,valid,0.4516129032258064,0.2039542143600416,0.4516129032258064,0.2810035842293907
HSI,transformer,train,0.9315068493150684,0.8677050103208857,0.9315068493150684,0.8984746915379382
HSI,transformer,valid,0.4516129032258064,0.2039542143600416,0.4516129032258064,0.2810035842293907
HT1,logistic_regression,train,0.9791666666666666,0.98,0.9791666666666666,0.9791576204950064
HT1,logistic_regression,valid,1.0,1.0,1.0,1.0
HT1,lstm,train,1.0,1.0,1.0,1.0
HT1,lstm,valid,1.0,1.0,1.0,1.0
HT1,svm,train,0.96875,0.9705882352941176,0.96875,0.9687194525904204
HT1,svm,valid,1.0,1.0,1.0,1.0
HT1,transformer,train,1.0,1.0,1.0,1.0
HT1,transformer,valid,1.0,1.0,1.0,1.0
HTC,logistic_regression,train,0.8775510204081632,0.8781810596579057,0.8775510204081632,0.8775000000000001
HTC,logistic_regression,valid,0.935483870967742,0.8751300728407908,0.935483870967742,0.9043010752688172
HTC,lstm,train,0.9081632653061223,0.9124579124579124,0.9081632653061223,0.907923582837457
HTC,lstm,valid,0.935483870967742,0.8751300728407908,0.935483870967742,0.9043010752688172
HTC,svm,train,0.9591836734693876,0.9599499374217773,0.9591836734693876,0.9591666666666668
HTC,svm,valid,0.935483870967742,0.8751300728407908,0.935483870967742,0.9043010752688172
HTC,transformer,train,0.9081632653061223,0.9096989966555185,0.9081632653061223,0.9080771235018238
HTC,transformer,valid,0.935483870967742,0.8751300728407908,0.935483870967742,0.9043010752688172
HTI,logistic_regression,train,0.8725490196078431,0.8761645962732919,0.8725490196078431,0.8722420271702476
HTI,logistic_regression,valid,0.4516129032258064,0.2039542143600416,0.4516129032258064,0.2810035842293907
HTI,lstm,train,0.8333333333333334,0.8440476190476192,0.8333333333333334,0.8320255739610579
HTI,lstm,valid,0.5483870967741935,0.7741935483870968,0.5483870967741935,0.4655913978494623
HTI,svm,train,0.9509803921568628,0.9553571428571428,0.9509803921568628,0.950862318142403
HTI,svm,valid,0.7741935483870968,0.8400537634408602,0.7741935483870968,0.7558353002884867
HTI,transformer,train,0.9019607843137256,0.902579899884482,0.9019607843137256,0.9019230769230768
HTI,transformer,valid,0.4516129032258064,0.2039542143600416,0.4516129032258064,0.2810035842293907
HTL,logistic_regression,train,0.8962264150943396,0.9140625,0.8962264150943396,0.8950967161493478
HTL,logistic_regression,valid,0.0,0.0,0.0,0.0
HTL,lstm,train,0.7735849056603774,0.8441558441558442,0.7735849056603774,0.7613508442776735
HTL,lstm,valid,1.0,1.0,1.0,1.0
HTL,svm,train,0.9622641509433962,0.9629233511586452,0.9622641509433962,0.962250712250712
HTL,svm,valid,0.0,0.0,0.0,0.0
HTL,transformer,train,0.8113207547169812,0.863013698630137,0.8113207547169812,0.8043558508674787
HTL,transformer,valid,0.5483870967741935,1.0,0.5483870967741935,0.7083333333333334
HTP,logistic_regression,train,0.8467741935483871,0.8683337938657087,0.8467741935483871,0.8444987129562406
HTP,logistic_regression,valid,0.5483870967741935,0.3007284079084287,0.5483870967741935,0.3884408602150538
HTP,lstm,train,0.7661290322580645,0.7937123169681309,0.7661290322580645,0.7605061605061605
HTP,lstm,valid,0.5806451612903226,0.7623655913978494,0.5806451612903226,0.4569206131320064
HTP,svm,train,0.8467741935483871,0.8683337938657087,0.8467741935483871,0.8444987129562406
HTP,svm,valid,0.5483870967741935,0.3007284079084287,0.5483870967741935,0.3884408602150538
HTP,transformer,train,0.5564516129032258,0.5696629213483145,0.5564516129032258,0.5343756400628116
HTP,transformer,valid,0.2903225806451613,0.2850439882697947,0.2903225806451613,0.2769043101111412
HTV,logistic_regression,train,0.7555555555555555,0.7575908412145347,0.7555555555555555,0.7550717466600693
HTV,logistic_regression,valid,1.0,1.0,1.0,1.0
HTV,lstm,train,1.0,1.0,1.0,1.0
HTV,lstm,valid,1.0,1.0,1.0,1.0
HTV,svm,train,0.9555555555555556,0.9564571994062344,0.9555555555555556,0.9555335968379448
HTV,svm,valid,0.967741935483871,1.0,0.967741935483871,0.9836065573770492
HTV,transformer,train,0.9888888888888888,0.9891304347826086,0.9888888888888888,0.9888875169774048
HTV,transformer,valid,1.0,1.0,1.0,1.0
HU1,logistic_regression,train,0.9224137931034484,0.9286576168929108,0.9224137931034484,0.9221302304766168
HU1,logistic_regression,valid,0.8709677419354839,0.8881720430107527,0.8709677419354839,0.8325652841781874
HU1,lstm,train,0.9741379310344828,0.9754098360655736,0.9741379310344828,0.9741206217000072
HU1,lstm,valid,0.5806451612903226,0.6563814866760169,0.5806451612903226,0.6161948650427914
HU1,svm,train,0.9396551724137931,0.9429469901168016,0.9396551724137931,0.9395428486337576
HU1,svm,valid,0.8387096774193549,0.7034339229968783,0.8387096774193549,0.7651386530843237
HU1,transformer,train,0.9655172413793104,0.9677419354838708,0.9655172413793104,0.9654761904761906
HU1,transformer,valid,0.8709677419354839,0.8881720430107527,0.8709677419354839,0.8325652841781874
HU3,logistic_regression,train,0.8245614035087719,0.8348682121308353,0.8245614035087719,0.8232009925558312
HU3,logistic_regression,valid,0.0,0.0,0.0,0.0
HU3,lstm,train,0.5,0.25,0.5,0.3333333333333333
HU3,lstm,valid,0.0,0.0,0.0,0.0
HU3,svm,train,0.9298245614035088,0.9303543913713406,0.9298245614035088,0.9298029556650248
HU3,svm,valid,0.0,0.0,0.0,0.0
HU3,transformer,train,0.7280701754385965,0.7724264705882352,0.7280701754385965,0.7165316435389428
HU3,transformer,valid,0.0,0.0,0.0,0.0
HUT,logistic_regression,train,0.9210526315789472,0.9318181818181818,0.9210526315789472,0.9205574912891984
HUT,logistic_regression,valid,0.8064516129032258,1.0,0.8064516129032258,0.8928571428571429
HUT,lstm,train,0.9736842105263158,0.975,0.9736842105263158,0.9736659736659736
HUT,lstm,valid,1.0,1.0,1.0,1.0
HUT,svm,train,0.8947368421052632,0.9130434782608696,0.8947368421052632,0.8935574229691877
HUT,svm,valid,0.7741935483870968,1.0,0.7741935483870968,0.8727272727272727
HUT,transformer,train,1.0,1.0,1.0,1.0
HUT,transformer,valid,1.0,1.0,1.0,1.0
HVT,logistic_regression,train,0.9741379310344828,0.9754098360655736,0.9741379310344828,0.9741206217000072
HVT,logistic_regression,valid,0.8064516129032258,0.9723502304147466,0.8064516129032258,0.868279569892473
HVT,lstm,train,0.5,0.25,0.5,0.3333333333333333
HVT,lstm,valid,0.967741935483871,0.9365244536940688,0.967741935483871,0.9518773135906928
HVT,svm,train,0.9741379310344828,0.9754098360655736,0.9741379310344828,0.9741206217000072
HVT,svm,valid,0.7741935483870968,0.9717741935483872,0.7741935483870968,0.8470954216541557
HVT,transformer,train,0.6810344827586207,0.7027972027972027,0.6810344827586207,0.672241313478427
HVT,transformer,valid,0.7096774193548387,0.970967741935484,0.7096774193548387,0.8028290495083664
HVX,logistic_regression,train,0.7702702702702703,0.7720588235294117,0.7702702702702703,0.7698920797512347
HVX,logistic_regression,valid,0.5161290322580645,0.4541935483870968,0.5161290322580645,0.4831846259437199
HVX,lstm,train,0.581081081081081,0.6734375,0.581081081081081,0.5167474194227933
HVX,lstm,valid,0.4193548387096774,0.8064516129032258,0.4193548387096774,0.3635235732009926
HVX,svm,train,0.8783783783783784,0.8924242424242423,0.8783783783783784,0.877280265339967
HVX,svm,valid,0.5483870967741935,0.4640198511166253,0.5483870967741935,0.5026881720430108
HVX,transformer,train,0.5540540540540541,0.5685185185185185,0.5540540540540541,0.5292076344707923
HVX,transformer,valid,0.7741935483870968,0.8043293718166384,0.7741935483870968,0.7820613690007867
ICF,logistic_regression,train,0.9178082191780822,0.9486301369863014,0.9178082191780822,0.9252370916754478
ICF,logistic_regression,valid,0.8387096774193549,0.7034339229968783,0.8387096774193549,0.7651386530843237
ICF,lstm,train,0.863013698630137,0.744792644023269,0.863013698630137,0.7995568090249798
ICF,lstm,valid,0.8387096774193549,0.7034339229968783,0.8387096774193549,0.7651386530843237
ICF,svm,train,0.9726027397260274,0.9771689497716894,0.9726027397260274,0.97362712409111
ICF,svm,valid,0.8387096774193549,0.7034339229968783,0.8387096774193549,0.7651386530843237
ICF,transformer,train,0.863013698630137,0.744792644023269,0.863013698630137,0.7995568090249798
ICF,transformer,valid,0.8387096774193549,0.7034339229968783,0.8387096774193549,0.7651386530843237
ICG,logistic_regression,train,0.9479166666666666,0.9528301886792452,0.9479166666666666,0.9477749972799476
ICG,logistic_regression,valid,0.7419354838709677,0.5504682622268471,0.7419354838709677,0.6320191158900836
ICG,lstm,train,0.96875,0.9705882352941176,0.96875,0.9687194525904204
ICG,lstm,valid,0.7419354838709677,0.5504682622268471,0.7419354838709677,0.6320191158900836
ICG,svm,train,0.9270833333333334,0.9363636363636364,0.9270833333333334,0.9266935747790987
ICG,svm,valid,0.7419354838709677,0.5504682622268471,0.7419354838709677,0.6320191158900836
ICG,transformer,train,0.8645833333333334,0.8847915712322493,0.8645833333333334,0.8627817482133041
ICG,transformer,valid,0.7419354838709677,0.5504682622268471,0.7419354838709677,0.6320191158900836
ICI,logistic_regression,train,0.8723404255319149,0.873015873015873,0.8723404255319149,0.8722826086956522
ICI,logistic_regression,valid,0.4193548387096774,0.8671078025916735,0.4193548387096774,0.5410138248847925
ICI,lstm,train,0.5,0.25,0.5,0.3333333333333333
ICI,lstm,valid,0.7096774193548387,0.8575268817204301,0.7096774193548387,0.7766281192939745
ICI,svm,train,0.9787234042553192,0.9787234042553192,0.9787234042553192,0.9787234042553192
ICI,svm,valid,0.6451612903225806,0.8504398826979472,0.6451612903225806,0.7337128399746996
ICI,transformer,train,0.7553191489361702,0.7582417582417583,0.7553191489361702,0.7546249006923164
ICI,transformer,valid,0.4193548387096774,0.9419354838709676,0.4193548387096774,0.5262463343108505
IDI,logistic_regression,train,0.8518518518518519,0.8857142857142857,0.8518518518518519,0.8485273492286114
IDI,logistic_regression,valid,0.5806451612903226,1.0,0.5806451612903226,0.7346938775510204
IDI,lstm,train,0.8611111111111112,0.8642338291248703,0.8611111111111112,0.8608127846034883
IDI,lstm,valid,0.6774193548387096,1.0,0.6774193548387096,0.8076923076923077
IDI,svm,train,0.8888888888888888,0.9026988636363638,0.8888888888888888,0.8879280525769631
IDI,svm,valid,1.0,1.0,1.0,1.0
IDI,transformer,train,0.7870370370370371,0.7871355060034305,0.7870370370370371,0.787018777330018
IDI,transformer,valid,0.8064516129032258,1.0,0.8064516129032258,0.8928571428571429
IDJ,logistic_regression,train,0.8767123287671232,0.7686245074122724,0.8767123287671232,0.8191180881911808
IDJ,logistic_regression,valid,0.935483870967742,0.8751300728407908,0.935483870967742,0.9043010752688172
IDJ,lstm,train,0.8767123287671232,0.7686245074122724,0.8767123287671232,0.8191180881911808
IDJ,lstm,valid,0.935483870967742,0.8751300728407908,0.935483870967742,0.9043010752688172
IDJ,svm,train,0.9863013698630136,0.9876712328767122,0.9863013698630136,0.986607928515064
IDJ,svm,valid,0.8387096774193549,0.8686635944700462,0.8387096774193549,0.853423882286361
IDJ,transformer,train,0.8767123287671232,0.7686245074122724,0.8767123287671232,0.8191180881911808
IDJ,transformer,valid,0.935483870967742,0.8751300728407908,0.935483870967742,0.9043010752688172
IDV,logistic_regression,train,0.8333333333333334,0.8458823529411765,0.8333333333333334,0.8318077803203662
IDV,logistic_regression,valid,0.4838709677419355,0.2341311134235171,0.4838709677419355,0.3155680224403927
IDV,lstm,train,0.8095238095238095,0.8095238095238095,0.8095238095238095,0.8095238095238095
IDV,lstm,valid,0.5806451612903226,0.7753456221198156,0.5806451612903226,0.5005725115489399
IDV,svm,train,0.8095238095238095,0.828125,0.8095238095238095,0.8067855089131685
IDV,svm,valid,0.4838709677419355,0.2341311134235171,0.4838709677419355,0.3155680224403927
IDV,transformer,train,0.5595238095238095,0.7658227848101266,0.5595238095238095,0.4534904167399332
IDV,transformer,valid,0.5161290322580645,0.586021505376344,0.5161290322580645,0.4237375133256998
IHK,logistic_regression,train,0.9324324324324323,0.932748538011696,0.9324324324324323,0.9324200913242008
IHK,logistic_regression,valid,0.8709677419354839,0.8679569892473118,0.8709677419354839,0.8644393241167435
IHK,lstm,train,0.8108108108108109,0.8192048012003001,0.8108108108108109,0.8095588235294118
IHK,lstm,valid,0.7419354838709677,0.5504682622268471,0.7419354838709677,0.6320191158900836
IHK,svm,train,0.9594594594594594,0.959795321637427,0.9594594594594594,0.9594520547945204
IHK,svm,valid,0.8387096774193549,0.8465298142717498,0.8387096774193549,0.8416613957410921
IHK,transformer,train,0.9324324324324323,0.932748538011696,0.9324324324324323,0.9324200913242008
IHK,transformer,valid,0.9032258064516128,0.9089279895731508,0.9032258064516128,0.9049968374446552
IJC,logistic_regression,train,0.863013698630137,0.744792644023269,0.863013698630137,0.7995568090249798
IJC,logistic_regression,valid,0.935483870967742,0.8751300728407908,0.935483870967742,0.9043010752688172
IJC,lstm,train,0.8767123287671232,0.8716942541856926,0.8767123287671232,0.873953300898671
IJC,lstm,valid,0.935483870967742,0.8751300728407908,0.935483870967742,0.9043010752688172
IJC,svm,train,0.863013698630137,0.744792644023269,0.863013698630137,0.7995568090249798
IJC,svm,valid,0.935483870967742,0.8751300728407908,0.935483870967742,0.9043010752688172
IJC,transformer,train,0.863013698630137,0.744792644023269,0.863013698630137,0.7995568090249798
IJC,transformer,valid,0.935483870967742,0.8751300728407908,0.935483870967742,0.9043010752688172
IME,logistic_regression,train,0.9017857142857144,0.9050144648023144,0.9017857142857144,0.9015895838325744
IME,logistic_regression,valid,0.7419354838709677,0.8633776091081594,0.7419354838709677,0.7529638819961401
IME,lstm,train,0.9017857142857144,0.9050144648023144,0.9017857142857144,0.9015895838325744
IME,lstm,valid,0.6774193548387096,0.8471986417657046,0.6774193548387096,0.6875847113038764
IME,svm,train,0.9196428571428572,0.9263038548752834,0.9196428571428572,0.919327731092437
IME,svm,valid,0.5161290322580645,0.8185483870967742,0.5161290322580645,0.500960663363333
IME,transformer,train,0.8303571428571429,0.8313079629037416,0.8303571428571429,0.8302353410450739
IME,transformer,valid,0.8064516129032258,0.7987711213517666,0.8064516129032258,0.798562412342216
IMP,logistic_regression,train,0.8809523809523809,0.8952941176470588,0.8809523809523809,0.8798627002288328
IMP,logistic_regression,valid,0.5806451612903226,0.5810696095076401,0.5806451612903226,0.5753200204813108
IMP,lstm,train,0.8690476190476191,0.8868092691622105,0.8690476190476191,0.8675268817204301
IMP,lstm,valid,0.7096774193548387,0.8141935483870968,0.7096774193548387,0.679330111273463
IMP,svm,train,0.7976190476190477,0.8119429590017825,0.7976190476190477,0.7952688172043012
IMP,svm,valid,0.4838709677419355,0.4894810659186536,0.4838709677419355,0.4521788341822297
IMP,transformer,train,0.75,0.7989830508474576,0.75,0.7393231860499483
IMP,transformer,valid,0.4193548387096774,0.2169076751946607,0.4193548387096774,0.2859237536656891
IN4,logistic_regression,train,0.956140350877193,0.9574074074074074,0.956140350877193,0.9561099561099562
IN4,logistic_regression,valid,0.967741935483871,0.9365244536940688,0.967741935483871,0.9518773135906928
IN4,lstm,train,0.9649122807017544,0.9654853620955316,0.9649122807017544,0.9649014778325125
IN4,lstm,valid,0.967741935483871,0.9365244536940688,0.967741935483871,0.9518773135906928
IN4,svm,train,0.9473684210526316,0.949582431178472,0.9473684210526316,0.9473035439137134
IN4,svm,valid,0.967741935483871,0.9365244536940688,0.967741935483871,0.9518773135906928
IN4,transformer,train,0.8859649122807017,0.891875,0.8859649122807017,0.8855333281841352
IN4,transformer,valid,0.967741935483871,0.9365244536940688,0.967741935483871,0.9518773135906928
INC,logistic_regression,train,0.9090909090909092,0.916842105263158,0.9090909090909092,0.9086663207057604
INC,logistic_regression,valid,0.4838709677419355,0.4813895781637717,0.4838709677419355,0.4806180536730821
INC,lstm,train,0.75,0.8002481389578164,0.75,0.7390835579514825
INC,lstm,valid,0.5806451612903226,0.7686318131256952,0.5806451612903226,0.480877082015602
INC,svm,train,0.8181818181818182,0.8540229885057471,0.8181818181818182,0.8134605193428722
INC,svm,valid,0.5161290322580645,0.2663891779396461,0.5161290322580645,0.3514070006863418
INC,transformer,train,0.7045454545454546,0.7456575682382134,0.7045454545454546,0.691644204851752
INC,transformer,valid,0.5161290322580645,0.2663891779396461,0.5161290322580645,0.3514070006863418
INN,logistic_regression,train,0.7777777777777778,0.7793103448275863,0.7777777777777778,0.7774725274725275
INN,logistic_regression,valid,0.6774193548387096,0.7988269794721409,0.6774193548387096,0.7168653576437588
INN,lstm,train,0.8611111111111112,0.8714285714285714,0.8611111111111112,0.8601398601398602
INN,lstm,valid,0.8064516129032258,0.9120234604105572,0.8064516129032258,0.8301192145862553
INN,svm,train,0.9444444444444444,0.95,0.9444444444444444,0.9442724458204332
INN,svm,valid,0.6129032258064516,0.8861480075901328,0.6129032258064516,0.6604105571847507
INN,transformer,train,0.7314814814814815,0.8253012048192772,0.7314814814814815,0.7106162801441376
INN,transformer,valid,0.8064516129032258,0.8064516129032258,0.8064516129032258,0.8064516129032258
ITC,logistic_regression,train,0.8191489361702128,0.826388888888889,0.8191489361702128,0.8181404347331284
ITC,logistic_regression,valid,1.0,1.0,1.0,1.0
ITC,lstm,train,0.8617021276595744,0.8699074074074075,0.8617021276595744,0.8609309206782748
ITC,lstm,valid,0.967741935483871,1.0,0.967741935483871,0.9836065573770492
ITC,svm,train,0.8723404255319149,0.8899952584163111,0.8723404255319149,0.8708791208791208
ITC,svm,valid,1.0,1.0,1.0,1.0
ITC,transformer,train,0.6702127659574468,0.6709090909090909,0.6702127659574468,0.6698765152373399
ITC,transformer,valid,1.0,1.0,1.0,1.0
ITD,logistic_regression,train,0.9178082191780822,0.8423719271908425,0.9178082191780822,0.8784735812133073
ITD,logistic_regression,valid,0.1612903225806451,0.0260145681581685,0.1612903225806451,0.0448028673835125
ITD,lstm,train,0.5753424657534246,0.8400395070210848,0.5753424657534246,0.6708767475890762
ITD,lstm,valid,0.6451612903225806,0.8891129032258065,0.6451612903225806,0.6904949233824135
ITD,svm,train,0.9726027397260274,0.9794520547945206,0.9726027397260274,0.9743521318863784
ITD,svm,valid,0.2580645161290322,0.8675115207373272,0.2580645161290322,0.2224019954831968
ITD,transformer,train,0.1095890410958904,0.924754003472892,0.1095890410958904,0.0660153822750606
ITD,transformer,valid,0.8387096774193549,0.7034339229968783,0.8387096774193549,0.7651386530843237
ITQ,logistic_regression,train,0.9183673469387756,0.9298245614035088,0.9183673469387756,0.9178197064989518
ITQ,logistic_regression,valid,0.7741935483870968,1.0,0.7741935483870968,0.8727272727272727
ITQ,lstm,train,0.9387755102040816,0.9454545454545454,0.9387755102040816,0.9385451505016722
ITQ,lstm,valid,0.8064516129032258,1.0,0.8064516129032258,0.8928571428571429
ITQ,svm,train,0.9693877551020408,0.971153846153846,0.9693877551020408,0.9693590411672746
ITQ,svm,valid,0.5483870967741935,1.0,0.5483870967741935,0.7083333333333334
ITQ,transformer,train,0.9387755102040816,0.9454545454545454,0.9387755102040816,0.9385451505016722
ITQ,transformer,valid,0.6451612903225806,1.0,0.6451612903225806,0.7843137254901961
IVS,logistic_regression,train,0.9878048780487804,0.988095238095238,0.9878048780487804,0.987803064108285
IVS,logistic_regression,valid,0.8064516129032258,0.8064516129032258,0.8064516129032258,0.8064516129032258
IVS,lstm,train,0.9878048780487804,0.988095238095238,0.9878048780487804,0.987803064108285
IVS,lstm,valid,0.6129032258064516,0.8217008797653959,0.6129032258064516,0.6912442396313364
IVS,svm,train,1.0,1.0,1.0,1.0
IVS,svm,valid,0.8064516129032258,0.8064516129032258,0.8064516129032258,0.8064516129032258
IVS,transformer,train,0.8414634146341463,0.8433014354066987,0.8414634146341463,0.8412509307520476
IVS,transformer,valid,0.3548387096774194,0.9158485273492286,0.3548387096774194,0.4237661979597463
JVC,logistic_regression,train,0.9166666666666666,0.9285714285714286,0.9166666666666666,0.916083916083916
JVC,logistic_regression,valid,0.9032258064516128,1.0,0.9032258064516128,0.9491525423728814
JVC,lstm,train,1.0,1.0,1.0,1.0
JVC,lstm,valid,1.0,1.0,1.0,1.0
JVC,svm,train,0.9761904761904762,0.9772727272727272,0.9761904761904762,0.9761769710720362
JVC,svm,valid,0.4193548387096774,1.0,0.4193548387096774,0.5909090909090909
JVC,transformer,train,0.9285714285714286,0.9375,0.9285714285714286,0.9282051282051282
JVC,transformer,valid,0.8709677419354839,1.0,0.8709677419354839,0.9310344827586208
KAC,logistic_regression,train,0.75,0.7651629072681704,0.75,0.7463742059211316
KAC,logistic_regression,valid,0.8709677419354839,1.0,0.8709677419354839,0.9310344827586208
KAC,lstm,train,0.8913043478260869,0.8920454545454545,0.8913043478260869,0.8912529550827423
KAC,lstm,valid,0.9032258064516128,1.0,0.9032258064516128,0.9491525423728814
KAC,svm,train,0.75,0.7717000513610683,0.75,0.744906570223026
KAC,svm,valid,0.7419354838709677,1.0,0.7419354838709677,0.8518518518518519
KAC,transformer,train,0.7717391304347826,0.7781809385582971,0.7717391304347826,0.770409982174688
KAC,transformer,valid,0.8387096774193549,1.0,0.8387096774193549,0.912280701754386
KBC,logistic_regression,train,0.8,0.8571428571428571,0.8,0.7916666666666667
KBC,logistic_regression,valid,0.6774193548387096,0.8014888337468983,0.6774193548387096,0.6351766513056836
KBC,lstm,train,0.875,0.8836317135549873,0.875,0.8742928975487114
KBC,lstm,valid,0.6451612903225806,0.7129032258064517,0.6451612903225806,0.6080701360008992
KBC,svm,train,0.9125,0.9127579737335836,0.9125,0.9124863259884356
KBC,svm,valid,0.7741935483870968,0.8460410557184751,0.7741935483870968,0.7639407149084569
KBC,transformer,train,0.775,0.8448275862068966,0.775,0.7630019749835418
KBC,transformer,valid,0.6451612903225806,0.7897252090800477,0.6451612903225806,0.5878311683183954
KCE,logistic_regression,train,0.8648648648648649,0.865934065934066,0.8648648648648649,0.8647660818713451
KCE,logistic_regression,valid,1.0,1.0,1.0,1.0
KCE,lstm,train,0.945945945945946,0.951219512195122,0.945945945945946,0.9457875457875458
KCE,lstm,valid,1.0,1.0,1.0,1.0
KCE,svm,train,0.918918918918919,0.92014652014652,0.918918918918919,0.9188596491228072
KCE,svm,valid,1.0,1.0,1.0,1.0
KCE,transformer,train,0.945945945945946,0.951219512195122,0.945945945945946,0.9457875457875458
KCE,transformer,valid,1.0,1.0,1.0,1.0
KDC,logistic_regression,train,0.8870967741935484,0.8936507936507936,0.8870967741935484,0.8866248693834899
KDC,logistic_regression,valid,0.7741935483870968,0.7810850439882697,0.7741935483870968,0.7768161552583267
KDC,lstm,train,0.8870967741935484,0.8887147335423197,0.8870967741935484,0.8869791666666667
KDC,lstm,valid,0.8709677419354839,0.8713183730715287,0.8709677419354839,0.86673183447377
KDC,svm,train,0.8548387096774194,0.8739035087719299,0.8548387096774194,0.8529644268774703
KDC,svm,valid,0.6774193548387096,0.4588969823100936,0.6774193548387096,0.5471464019851118
KDC,transformer,train,0.7580645161290323,0.7583333333333333,0.7580645161290323,0.7580015612802496
KDC,transformer,valid,0.6451612903225806,0.7324478178368122,0.6451612903225806,0.6556750298685783
KDH,logistic_regression,train,0.863013698630137,0.744792644023269,0.863013698630137,0.7995568090249798
KDH,logistic_regression,valid,0.5806451612903226,0.3371488033298647,0.5806451612903226,0.4265964450296248
KDH,lstm,train,0.9041095890410958,0.9136986301369864,0.9041095890410958,0.8808163718041152
KDH,lstm,valid,0.7096774193548387,0.7082949308755759,0.7096774193548387,0.7019095911101522
KDH,svm,train,0.863013698630137,0.744792644023269,0.863013698630137,0.7995568090249798
KDH,svm,valid,0.5806451612903226,0.3371488033298647,0.5806451612903226,0.4265964450296248
KDH,transformer,train,0.3561643835616438,0.7641320538177911,0.3561643835616438,0.4172573678022748
KDH,transformer,valid,0.5806451612903226,0.3371488033298647,0.5806451612903226,0.4265964450296248
KHL,logistic_regression,train,0.9315068493150684,0.8677050103208857,0.9315068493150684,0.8984746915379382
KHL,logistic_regression,valid,0.7419354838709677,0.5504682622268471,0.7419354838709677,0.6320191158900836
KHL,lstm,train,0.9315068493150684,0.8677050103208857,0.9315068493150684,0.8984746915379382
KHL,lstm,valid,0.7419354838709677,0.5504682622268471,0.7419354838709677,0.6320191158900836
KHL,svm,train,0.958904109589041,0.9743150684931506,0.958904109589041,0.96318245561216
KHL,svm,valid,0.7419354838709677,0.5504682622268471,0.7419354838709677,0.6320191158900836
KHL,transformer,train,0.9041095890410958,0.8659077754196411,0.9041095890410958,0.8845964324430866
KHL,transformer,valid,0.7419354838709677,0.5504682622268471,0.7419354838709677,0.6320191158900836
KHP,logistic_regression,train,0.97,0.9716981132075472,0.97,0.9699729756781104
KHP,logistic_regression,valid,0.967741935483871,0.9723502304147466,0.967741935483871,0.9686534663493188
KHP,lstm,train,1.0,1.0,1.0,1.0
KHP,lstm,valid,0.8064516129032258,0.764182424916574,0.8064516129032258,0.7652329749103942
KHP,svm,train,0.98,0.9807692307692308,0.98,0.9799919967987194
KHP,svm,valid,0.8064516129032258,0.6503642039542143,0.8064516129032258,0.7200460829493088
KHP,transformer,train,0.82,0.8676470588235294,0.82,0.8139727159983464
KHP,transformer,valid,0.8064516129032258,0.6503642039542143,0.8064516129032258,0.7200460829493088
KKC,logistic_regression,train,0.99,0.9901960784313724,0.99,0.98999899989999
KKC,logistic_regression,valid,0.8387096774193549,0.939516129032258,0.8387096774193549,0.8674601805531597
KKC,lstm,train,0.99,0.9901960784313724,0.99,0.98999899989999
KKC,lstm,valid,0.7741935483870968,0.8470967741935485,0.7741935483870968,0.8054372083586935
KKC,svm,train,1.0,1.0,1.0,1.0
KKC,svm,valid,0.8064516129032258,0.8932411674347159,0.8064516129032258,0.8377171215880892
KKC,transformer,train,0.95,0.9501800720288114,0.95,0.94999499949995
KKC,transformer,valid,0.7096774193548387,0.7948387096774193,0.7096774193548387,0.7498478393183202
KMR,logistic_regression,train,0.9230769230769232,0.9237037037037036,0.9230769230769232,0.9230484646688863
KMR,logistic_regression,valid,0.7096774193548387,0.6336405529953917,0.7096774193548387,0.6695069993913573
KMR,lstm,train,0.971153846153846,0.9727272727272728,0.971153846153846,0.9711298232627
KMR,lstm,valid,0.8064516129032258,0.764182424916574,0.8064516129032258,0.7652329749103942
KMR,svm,train,1.0,1.0,1.0,1.0
KMR,svm,valid,0.7741935483870968,0.6451612903225806,0.7741935483870968,0.7038123167155425
KMR,transformer,train,0.9230769230769232,0.9237037037037036,0.9230769230769232,0.9230484646688863
KMR,transformer,valid,0.7419354838709677,0.639599555061179,0.7419354838709677,0.6869772998805257
KMT,logistic_regression,train,0.88,0.885551948051948,0.88,0.8795664391810518
KMT,logistic_regression,valid,0.8064516129032258,0.7508342602892102,0.8064516129032258,0.7776497695852534
KMT,lstm,train,0.87,0.8773969808241534,0.87,0.8693598633303184
KMT,lstm,valid,0.8709677419354839,0.7585848074921956,0.8709677419354839,0.8109010011123471
KMT,svm,train,0.88,0.885551948051948,0.88,0.8795664391810518
KMT,svm,valid,0.8709677419354839,0.7585848074921956,0.8709677419354839,0.8109010011123471
KMT,transformer,train,0.77,0.7753977968176254,0.77,0.7688674505074866
KMT,transformer,valid,0.8709677419354839,0.7585848074921956,0.8709677419354839,0.8109010011123471
KSB,logistic_regression,train,0.9166666666666666,0.9166666666666666,0.9166666666666666,0.9166666666666666
KSB,logistic_regression,valid,0.2903225806451613,1.0,0.2903225806451613,0.45
KSB,lstm,train,0.5,0.25,0.5,0.3333333333333333
KSB,lstm,valid,1.0,1.0,1.0,1.0
KSB,svm,train,0.9416666666666668,0.9427736006683376,0.9416666666666668,0.9416301855326246
KSB,svm,valid,1.0,1.0,1.0,1.0
KSB,transformer,train,0.7083333333333334,0.7986857825567503,0.7083333333333334,0.6844714897453235
KSB,transformer,valid,0.3870967741935484,1.0,0.3870967741935484,0.5581395348837209
KSD,logistic_regression,train,1.0,1.0,1.0,1.0
KSD,logistic_regression,valid,0.967741935483871,0.9365244536940688,0.967741935483871,0.9518773135906928
KSD,lstm,train,1.0,1.0,1.0,1.0
KSD,lstm,valid,0.967741935483871,0.9365244536940688,0.967741935483871,0.9518773135906928
KSD,svm,train,0.9903846153846154,0.9905660377358492,0.9903846153846154,0.9903837263060564
KSD,svm,valid,0.967741935483871,0.9365244536940688,0.967741935483871,0.9518773135906928
KSD,transformer,train,1.0,1.0,1.0,1.0
KSD,transformer,valid,0.967741935483871,0.9365244536940688,0.967741935483871,0.9518773135906928
KSH,logistic_regression,train,0.923728813559322,0.9338235294117648,0.923728813559322,0.9232825254641336
KSH,logistic_regression,valid,0.5161290322580645,0.8813172043010753,0.5161290322580645,0.6312460468058191
KSH,lstm,train,0.4491525423728814,0.3361111111111111,0.4491525423728814,0.334374728803263
KSH,lstm,valid,0.8064516129032258,0.9088172043010752,0.8064516129032258,0.8476702508960573
KSH,svm,train,0.923728813559322,0.9338235294117648,0.923728813559322,0.9232825254641336
KSH,svm,valid,0.4516129032258064,0.8724586608837084,0.4516129032258064,0.5724325818296678
KSH,transformer,train,0.5847457627118644,0.7731481481481481,0.5847457627118644,0.4982209494055368
KSH,transformer,valid,0.4193548387096774,0.8671078025916735,0.4193548387096774,0.5410138248847925
KST,logistic_regression,train,0.8536585365853658,0.8867924528301887,0.8536585365853658,0.8504559270516718
KST,logistic_regression,valid,0.7419354838709677,1.0,0.7419354838709677,0.8518518518518519
KST,lstm,train,0.8780487804878049,0.886322188449848,0.8780487804878049,0.8773923444976077
KST,lstm,valid,0.7741935483870968,1.0,0.7741935483870968,0.8727272727272727
KST,svm,train,0.8658536585365854,0.8713768115942028,0.8658536585365854,0.8653530377668309
KST,svm,valid,0.7741935483870968,1.0,0.7741935483870968,0.8727272727272727
KST,transformer,train,0.8414634146341463,0.8796296296296297,0.8414634146341463,0.8373760488176965
KST,transformer,valid,0.9032258064516128,1.0,0.9032258064516128,0.9491525423728814
KTS,logistic_regression,train,0.8103448275862069,0.813701923076923,0.8103448275862069,0.8098360655737705
KTS,logistic_regression,valid,0.967741935483871,0.9365244536940688,0.967741935483871,0.9518773135906928
KTS,lstm,train,0.9482758620689656,0.9504181600955794,0.9482758620689656,0.9482142857142856
KTS,lstm,valid,0.967741935483871,0.9365244536940688,0.967741935483871,0.9518773135906928
KTS,svm,train,0.9051724137931034,0.9062593144560356,0.9051724137931034,0.9051089462333606
KTS,svm,valid,0.967741935483871,0.9365244536940688,0.967741935483871,0.9518773135906928
KTS,transformer,train,0.6810344827586207,0.6980487804878048,0.6810344827586207,0.6740335687704108
KTS,transformer,valid,0.967741935483871,0.9365244536940688,0.967741935483871,0.9518773135906928
KTT,logistic_regression,train,0.8837209302325582,0.8870703764320786,0.8837209302325582,0.8834688346883469
KTT,logistic_regression,valid,0.5806451612903226,0.6563814866760169,0.5806451612903226,0.6161948650427914
KTT,lstm,train,0.7441860465116279,0.764809384164223,0.7441860465116279,0.7391064533921677
KTT,lstm,valid,0.7096774193548387,0.6833930704898447,0.7096774193548387,0.6962872793670116
KTT,svm,train,0.9302325581395348,0.9311653116531166,0.9302325581395348,0.9301948051948052
KTT,svm,valid,0.6774193548387096,0.7601824698598891,0.6774193548387096,0.7100614439324116
KTT,transformer,train,0.8372093023255814,0.8439051296194154,0.8372093023255814,0.8364130434782608
KTT,transformer,valid,0.6774193548387096,0.6774193548387096,0.6774193548387096,0.6774193548387096
L10,logistic_regression,train,0.9487179487179488,0.949901120632828,0.9487179487179488,0.9486842105263156
L10,logistic_regression,valid,0.967741935483871,1.0,0.967741935483871,0.9836065573770492
L10,lstm,train,1.0,1.0,1.0,1.0
L10,lstm,valid,1.0,1.0,1.0,1.0
L10,svm,train,0.9871794871794872,0.9875,0.9871794871794872,0.987177379582443
L10,svm,valid,0.8709677419354839,1.0,0.8709677419354839,0.9310344827586208
L10,transformer,train,0.9615384615384616,0.9618421052631578,0.9615384615384616,0.9615321387473288
L10,transformer,valid,1.0,1.0,1.0,1.0
L14,logistic_regression,train,0.8773584905660378,0.8774928774928774,0.8773584905660378,0.8773475745438363
L14,logistic_regression,valid,0.8387096774193549,0.8295285359801489,0.8387096774193549,0.8329595767925939
L14,lstm,train,0.7924528301886793,0.8032484311554079,0.7924528301886793,0.7905890804597702
L14,lstm,valid,0.1935483870967742,0.0374609781477627,0.1935483870967742,0.062772449869224
L14,svm,train,0.9339622641509434,0.9341168091168092,0.9339622641509434,0.933956386292835
L14,svm,valid,0.8064516129032258,0.6503642039542143,0.8064516129032258,0.7200460829493088
L14,transformer,train,0.5,0.5,0.5,0.4532360097323601
L14,transformer,valid,0.5806451612903226,0.6048387096774194,0.5806451612903226,0.5924950625411456
L18,logistic_regression,train,0.7717391304347826,0.7825552825552825,0.7717391304347826,0.7695335798640105
L18,logistic_regression,valid,0.5483870967741935,0.3007284079084287,0.5483870967741935,0.3884408602150538
L18,lstm,train,0.782608695652174,0.8337053571428572,0.782608695652174,0.773955773955774
L18,lstm,valid,0.5483870967741935,0.3007284079084287,0.5483870967741935,0.3884408602150538
L18,svm,train,0.7717391304347826,0.7825552825552825,0.7717391304347826,0.7695335798640105
L18,svm,valid,0.5483870967741935,0.3007284079084287,0.5483870967741935,0.3884408602150538
L18,transformer,train,0.8260869565217391,0.8709677419354839,0.8260869565217391,0.8206627680311891
L18,transformer,valid,0.8387096774193549,0.875366568914956,0.8387096774193549,0.8315172438594598
L35,logistic_regression,train,0.97,0.970188075230092,0.97,0.96999699969997
L35,logistic_regression,valid,0.7096774193548387,0.5036420395421436,0.7096774193548387,0.5891661594643944
L35,lstm,train,0.97,0.9716981132075472,0.97,0.9699729756781104
L35,lstm,valid,0.7096774193548387,0.5036420395421436,0.7096774193548387,0.5891661594643944
L35,svm,train,0.96,0.96,0.96,0.96
L35,svm,valid,0.6774193548387096,0.8471986417657046,0.6774193548387096,0.6875847113038764
L35,transformer,train,0.89,0.8939393939393939,0.89,0.8897243107769424
L35,transformer,valid,0.7096774193548387,0.5036420395421436,0.7096774193548387,0.5891661594643944
L43,logistic_regression,train,0.925925925925926,0.9282758620689656,0.925925925925926,0.925824175824176
L43,logistic_regression,valid,0.6451612903225806,0.7952853598014888,0.6451612903225806,0.5998276572627477
L43,lstm,train,0.5277777777777778,0.5301003344481605,0.5277777777777778,0.5184893784421716
L43,lstm,valid,0.032258064516129,0.0284629981024667,0.032258064516129,0.0302419354838709
L43,svm,train,0.9444444444444444,0.9450549450549453,0.9444444444444444,0.94442538593482
L43,svm,valid,0.5483870967741935,0.7664071190211347,0.5483870967741935,0.4446073639622026
L43,transformer,train,0.8333333333333334,0.8573529411764705,0.8333333333333334,0.8304848273456573
L43,transformer,valid,0.8064516129032258,0.8617511520737328,0.8064516129032258,0.8002481389578163
L44,logistic_regression,train,0.8688524590163934,0.8724559023066485,0.8688524590163934,0.8685344827586207
L44,logistic_regression,valid,0.7096774193548387,1.0,0.7096774193548387,0.8301886792452831
L44,lstm,train,0.9098360655737704,0.918956043956044,0.9098360655737704,0.909342700803891
L44,lstm,valid,0.7741935483870968,1.0,0.7741935483870968,0.8727272727272727
L44,svm,train,0.8770491803278688,0.8795995670995672,0.8770491803278688,0.8768423177871996
L44,svm,valid,0.6451612903225806,1.0,0.6451612903225806,0.7843137254901961
L44,transformer,train,0.5327868852459017,0.5363095238095238,0.5327868852459017,0.5211733112993183
L44,transformer,valid,0.8064516129032258,1.0,0.8064516129032258,0.8928571428571429
L61,logistic_regression,train,0.8947368421052632,0.9048295454545454,0.8947368421052632,0.8940766550522649
L61,logistic_regression,valid,1.0,1.0,1.0,1.0
L61,lstm,train,0.986842105263158,0.9871794871794872,0.986842105263158,0.9868398268398269
L61,lstm,valid,1.0,1.0,1.0,1.0
L61,svm,train,0.9736842105263158,0.975,0.9736842105263158,0.9736659736659736
L61,svm,valid,1.0,1.0,1.0,1.0
L61,transformer,train,0.986842105263158,0.9871794871794872,0.986842105263158,0.9868398268398269
L61,transformer,valid,1.0,1.0,1.0,1.0
L62,logistic_regression,train,0.9375,0.9444444444444444,0.9375,0.9372549019607844
L62,logistic_regression,valid,1.0,1.0,1.0,1.0
L62,lstm,train,1.0,1.0,1.0,1.0
L62,lstm,valid,1.0,1.0,1.0,1.0
L62,svm,train,0.9196428571428572,0.9307692307692308,0.9196428571428572,0.9191205969670224
L62,svm,valid,1.0,1.0,1.0,1.0
L62,transformer,train,1.0,1.0,1.0,1.0
L62,transformer,valid,1.0,1.0,1.0,1.0
LAF,logistic_regression,train,0.9883720930232558,0.9886363636363638,0.9883720930232558,0.988370520622042
LAF,logistic_regression,valid,0.6451612903225806,0.7088641908376254,0.6451612903225806,0.6609846441543497
LAF,lstm,train,0.5,0.25,0.5,0.3333333333333333
LAF,lstm,valid,0.7096774193548387,0.5036420395421436,0.7096774193548387,0.5891661594643944
LAF,svm,train,0.9767441860465116,0.9767441860465116,0.9767441860465116,0.9767441860465116
LAF,svm,valid,0.6129032258064516,0.6636338571822443,0.6129032258064516,0.6287390029325512
LAF,transformer,train,0.9767441860465116,0.9777777777777776,0.9767441860465116,0.9767316017316016
LAF,transformer,valid,0.6774193548387096,0.7253928866832093,0.6774193548387096,0.690615835777126
LAS,logistic_regression,train,0.8289473684210527,0.8347427766032417,0.8289473684210527,0.8282037906451052
LAS,logistic_regression,valid,0.967741935483871,1.0,0.967741935483871,0.9836065573770492
LAS,lstm,train,0.8552631578947368,0.8574912891986063,0.8552631578947368,0.8550372810820185
LAS,lstm,valid,0.6451612903225806,1.0,0.6451612903225806,0.7843137254901961
LAS,svm,train,0.9605263157894736,0.9608454608454609,0.9605263157894736,0.9605194805194804
LAS,svm,valid,0.8709677419354839,1.0,0.8709677419354839,0.9310344827586208
LAS,transformer,train,0.8157894736842105,0.8304347826086957,0.8157894736842105,0.8137254901960784
LAS,transformer,valid,0.8387096774193549,1.0,0.8387096774193549,0.912280701754386
LBE,logistic_regression,train,0.8620689655172413,0.8731617647058824,0.8620689655172413,0.861036238394729
LBE,logistic_regression,valid,0.5161290322580645,0.8064516129032258,0.5161290322580645,0.4854070660522273
LBE,lstm,train,0.5431034482758621,0.7612612612612613,0.5431034482758621,0.4225603456372687
LBE,lstm,valid,0.1935483870967742,0.2597623089983022,0.1935483870967742,0.2087167559915057
LBE,svm,train,0.896551724137931,0.8970238095238096,0.896551724137931,0.8965209634255129
LBE,svm,valid,0.3225806451612903,0.1040582726326743,0.3225806451612903,0.1573564122738001
LBE,transformer,train,0.6810344827586207,0.8052631578947368,0.6810344827586207,0.644907752130388
LBE,transformer,valid,0.967741935483871,0.969208211143695,0.967741935483871,0.9672681328226792
LBM,logistic_regression,train,0.8928571428571429,0.8930799773114011,0.8928571428571429,0.8928419560595322
LBM,logistic_regression,valid,0.7741935483870968,0.8494623655913978,0.7741935483870968,0.7675029868578255
LBM,lstm,train,0.6904761904761905,0.6909090909090908,0.6904761904761905,0.690300623936472
LBM,lstm,valid,0.6129032258064516,0.7915632754342432,0.6129032258064516,0.5653958944281524
LBM,svm,train,0.9285714285714286,0.9324942791762014,0.9285714285714286,0.9284090909090909
LBM,svm,valid,0.9032258064516128,0.9203036053130932,0.9032258064516128,0.9032258064516128
LBM,transformer,train,0.9761904761904762,0.9772727272727272,0.9761904761904762,0.9761769710720362
LBM,transformer,valid,0.8064516129032258,0.8092812676853425,0.8064516129032258,0.8043837882547561
LCC,logistic_regression,train,0.8461538461538461,0.8482142857142858,0.8461538461538461,0.845925925925926
LCC,logistic_regression,valid,0.9032258064516128,0.8158168574401664,0.9032258064516128,0.8572990705303445
LCC,lstm,train,0.9326923076923076,0.9341372912801484,0.9326923076923076,0.9326362542796336
LCC,lstm,valid,1.0,1.0,1.0,1.0
LCC,svm,train,0.8557692307692307,0.8569573283858998,0.8557692307692307,0.8556491163135005
LCC,svm,valid,0.967741935483871,0.9758064516129032,0.967741935483871,0.969752827817344
LCC,transformer,train,0.8653846153846154,0.879416282642089,0.8653846153846154,0.8641284061216872
LCC,transformer,valid,0.967741935483871,0.9758064516129032,0.967741935483871,0.969752827817344
LCD,logistic_regression,train,0.9239130434782608,0.9289813486370158,0.9239130434782608,0.9236876407157248
LCD,logistic_regression,valid,0.935483870967742,0.935483870967742,0.935483870967742,0.935483870967742
LCD,lstm,train,0.9347826086956522,0.938095238095238,0.9347826086956522,0.9346590909090908
LCD,lstm,valid,0.967741935483871,0.969032258064516,0.967741935483871,0.966830404618423
LCD,svm,train,0.9565217391304348,0.9565217391304348,0.9565217391304348,0.9565217391304348
LCD,svm,valid,0.6451612903225806,0.807258064516129,0.6451612903225806,0.6736433272197647
LCD,transformer,train,0.9130434782608696,0.9201923076923078,0.9130434782608696,0.9126720455624112
LCD,transformer,valid,0.967741935483871,0.9717741935483872,0.967741935483871,0.9684740334019676
LCG,logistic_regression,train,0.9150943396226416,0.9164285714285716,0.9150943396226416,0.9150262759419258
LCG,logistic_regression,valid,0.5483870967741935,0.5391705069124424,0.5483870967741935,0.5345217883418224
LCG,lstm,train,0.7924528301886793,0.8082551594746716,0.7924528301886793,0.7897583844212045
LCG,lstm,valid,0.3870967741935484,0.3634408602150537,0.3870967741935484,0.3269680296328262
LCG,svm,train,0.9528301886792452,0.9542857142857144,0.9528301886792452,0.952792375523292
LCG,svm,valid,0.5806451612903226,0.575366568914956,0.5806451612903226,0.5724847428073234
LCG,transformer,train,0.7735849056603774,0.8190120381901204,0.7735849056603774,0.7652270210409745
LCG,transformer,valid,0.2903225806451613,0.2850439882697947,0.2903225806451613,0.2769043101111412
LCM,logistic_regression,train,0.9017857142857144,0.9029421170450912,0.9017857142857144,0.901715197447148
LCM,logistic_regression,valid,0.7741935483870968,0.8494623655913978,0.7741935483870968,0.7675029868578255
LCM,lstm,train,0.7767857142857143,0.787893864013267,0.7767857142857143,0.7746116075022137
LCM,lstm,valid,0.9032258064516128,0.905510752688172,0.9032258064516128,0.9034280513702092
LCM,svm,train,0.9642857142857144,0.9666666666666668,0.9642857142857144,0.9642401021711366
LCM,svm,valid,0.7419354838709677,0.8357771260997067,0.7419354838709677,0.7309070857457954
LCM,transformer,train,0.8303571428571429,0.8330118932819028,0.8303571428571429,0.8300183720744468
LCM,transformer,valid,0.8709677419354839,0.8787634408602151,0.8709677419354839,0.8712365591397849
LCS,logistic_regression,train,0.8859649122807017,0.8958333333333334,0.8859649122807017,0.8852497096399535
LCS,logistic_regression,valid,1.0,1.0,1.0,1.0
LCS,lstm,train,0.8771929824561403,0.8814192343604108,0.8771929824561403,0.8768518518518519
LCS,lstm,valid,1.0,1.0,1.0,1.0
LCS,svm,train,0.9035087719298246,0.9138257575757576,0.9035087719298246,0.902903600464576
LCS,svm,valid,1.0,1.0,1.0,1.0
LCS,transformer,train,0.8859649122807017,0.9071428571428573,0.8859649122807017,0.884462461994231
LCS,transformer,valid,1.0,1.0,1.0,1.0
LDP,logistic_regression,train,0.9473684210526316,0.948611111111111,0.9473684210526316,0.9473319473319473
LDP,logistic_regression,valid,0.3870967741935484,0.6155913978494624,0.3870967741935484,0.3195117698343505
LDP,lstm,train,0.5,0.25,0.5,0.3333333333333333
LDP,lstm,valid,0.5483870967741935,0.4265232974910394,0.5483870967741935,0.4798387096774194
LDP,svm,train,0.9473684210526316,0.948611111111111,0.9473684210526316,0.9473319473319473
LDP,svm,valid,0.4193548387096774,0.6535980148883376,0.4193548387096774,0.369727047146402
LDP,transformer,train,0.5526315789473685,0.763888888888889,0.5526315789473685,0.4406926406926407
LDP,transformer,valid,0.9032258064516128,0.9255583126550868,0.9032258064516128,0.9058150825331752
LGC,logistic_regression,train,1.0,1.0,1.0,1.0
LGC,logistic_regression,valid,0.7419354838709677,0.5504682622268471,0.7419354838709677,0.6320191158900836
LGC,lstm,train,0.9767441860465116,0.9777777777777776,0.9767441860465116,0.9767316017316016
LGC,lstm,valid,0.7419354838709677,0.5504682622268471,0.7419354838709677,0.6320191158900836
LGC,svm,train,1.0,1.0,1.0,1.0
LGC,svm,valid,0.7419354838709677,0.5504682622268471,0.7419354838709677,0.6320191158900836
LGC,transformer,train,0.8953488372093024,0.9007675438596492,0.8953488372093024,0.8949938949938949
LGC,transformer,valid,0.7419354838709677,0.5504682622268471,0.7419354838709677,0.6320191158900836
LGL,logistic_regression,train,0.8333333333333334,0.8643263757115749,0.8333333333333334,0.8297117516629712
LGL,logistic_regression,valid,0.4193548387096774,0.8213399503722084,0.4193548387096774,0.3864190837625373
LGL,lstm,train,0.5,0.25,0.5,0.3333333333333333
LGL,lstm,valid,0.7419354838709677,0.5504682622268471,0.7419354838709677,0.6320191158900836
LGL,svm,train,0.8854166666666666,0.9067796610169492,0.8854166666666666,0.8838922484881803
LGL,svm,valid,0.3870967741935484,0.8183990442054958,0.3870967741935484,0.3378050861921829
LGL,transformer,train,0.75,0.8333333333333334,0.75,0.7333333333333334
LGL,transformer,valid,0.6774193548387096,0.8053763440860215,0.6774193548387096,0.6972269383135258
LHC,logistic_regression,train,0.8,0.800751879699248,0.8,0.7998749218261413
LHC,logistic_regression,valid,0.4193548387096774,0.8213399503722084,0.4193548387096774,0.3864190837625373
LHC,lstm,train,0.7125,0.7158730158730159,0.7125,0.7113725490196078
LHC,lstm,valid,0.2903225806451613,0.810752688172043,0.2903225806451613,0.170486700622524
LHC,svm,train,0.725,0.7564102564102564,0.725,0.7163120567375886
LHC,svm,valid,0.2580645161290322,0.0665972944849115,0.2580645161290322,0.1058726220016542
LHC,transformer,train,0.475,0.4666666666666666,0.475,0.44
LHC,transformer,valid,0.2258064516129032,0.3609831029185867,0.2258064516129032,0.2129032258064516
LHG,logistic_regression,train,0.9537037037037036,0.9576271186440678,0.9537037037037036,0.953604261534496
LHG,logistic_regression,valid,0.3870967741935484,0.5568356374807987,0.3870967741935484,0.2941705325997051
LHG,lstm,train,0.8888888888888888,0.8894230769230769,0.8888888888888888,0.8888507718696398
LHG,lstm,valid,0.7741935483870968,0.797370561127677,0.7741935483870968,0.7785876198779426
LHG,svm,train,0.9907407407407408,0.9909090909090909,0.9907407407407408,0.9907399468404356
LHG,svm,valid,0.3870967741935484,0.5568356374807987,0.3870967741935484,0.2941705325997051
LHG,transformer,train,0.3425925925925926,0.338095238095238,0.3425925925925926,0.337995337995338
LHG,transformer,valid,0.5806451612903226,0.6875366568914956,0.5806451612903226,0.5806451612903226
LIG,logistic_regression,train,0.863013698630137,0.744792644023269,0.863013698630137,0.7995568090249798
LIG,logistic_regression,valid,0.8387096774193549,0.7034339229968783,0.8387096774193549,0.7651386530843237
LIG,lstm,train,0.863013698630137,0.744792644023269,0.863013698630137,0.7995568090249798
LIG,lstm,valid,0.8387096774193549,0.7034339229968783,0.8387096774193549,0.7651386530843237
LIG,svm,train,0.863013698630137,0.744792644023269,0.863013698630137,0.7995568090249798
LIG,svm,valid,0.8387096774193549,0.7034339229968783,0.8387096774193549,0.7651386530843237
LIG,transformer,train,0.863013698630137,0.744792644023269,0.863013698630137,0.7995568090249798
LIG,transformer,valid,0.8387096774193549,0.7034339229968783,0.8387096774193549,0.7651386530843237
LIX,logistic_regression,train,0.8783783783783784,0.8924242424242423,0.8783783783783784,0.877280265339967
LIX,logistic_regression,valid,0.9032258064516128,1.0,0.9032258064516128,0.9491525423728814
LIX,lstm,train,0.8783783783783784,0.8924242424242423,0.8783783783783784,0.877280265339967
LIX,lstm,valid,0.935483870967742,1.0,0.935483870967742,0.9666666666666668
LIX,svm,train,0.8648648648648649,0.8747186796699175,0.8648648648648649,0.8639705882352942
LIX,svm,valid,1.0,1.0,1.0,1.0
LIX,transformer,train,0.8513513513513513,0.8578869047619048,0.8513513513513513,0.8506696019079069
LIX,transformer,valid,1.0,1.0,1.0,1.0
LKW,logistic_regression,train,0.9183673469387756,0.9298245614035088,0.9183673469387756,0.9178197064989518
LKW,logistic_regression,valid,0.2580645161290322,0.0665972944849115,0.2580645161290322,0.1058726220016542
LKW,lstm,train,0.5,0.25,0.5,0.3333333333333333
LKW,lstm,valid,0.7419354838709677,0.5504682622268471,0.7419354838709677,0.6320191158900836
LKW,svm,train,0.8979591836734694,0.9088575096277278,0.8979591836734694,0.8972746331236897
LKW,svm,valid,0.7419354838709677,0.5504682622268471,0.7419354838709677,0.6320191158900836
LKW,transformer,train,0.6428571428571429,0.7916666666666667,0.6428571428571429,0.5906432748538011
LKW,transformer,valid,0.2580645161290322,0.0665972944849115,0.2580645161290322,0.1058726220016542
LM3,logistic_regression,train,0.8904109589041096,0.792831675736536,0.8904109589041096,0.8387929323009728
LM3,logistic_regression,valid,0.0967741935483871,0.0093652445369406,0.0967741935483871,0.01707779886148
LM3,lstm,train,0.3561643835616438,0.7174259318254221,0.3561643835616438,0.4584870718294527
LM3,lstm,valid,0.9032258064516128,0.8158168574401664,0.9032258064516128,0.8572990705303445
LM3,svm,train,0.8904109589041096,0.792831675736536,0.8904109589041096,0.8387929323009728
LM3,svm,valid,0.0967741935483871,0.0093652445369406,0.0967741935483871,0.01707779886148
LM3,transformer,train,0.8904109589041096,0.792831675736536,0.8904109589041096,0.8387929323009728
LM3,transformer,valid,0.0967741935483871,0.0093652445369406,0.0967741935483871,0.01707779886148
LM7,logistic_regression,train,0.926829268292683,0.9278473464519976,0.926829268292683,0.9267857142857142
LM7,logistic_regression,valid,0.1935483870967742,0.0374609781477627,0.1935483870967742,0.062772449869224
LM7,lstm,train,0.5,0.25,0.5,0.3333333333333333
LM7,lstm,valid,0.8064516129032258,0.6503642039542143,0.8064516129032258,0.7200460829493088
LM7,svm,train,0.9146341463414634,0.9148809523809524,0.9146341463414634,0.9146214487579948
LM7,svm,valid,0.1935483870967742,0.0374609781477627,0.1935483870967742,0.062772449869224
LM7,transformer,train,0.8780487804878049,0.8789505068574835,0.8780487804878049,0.8779761904761905
LM7,transformer,valid,0.1935483870967742,0.0374609781477627,0.1935483870967742,0.062772449869224
LM8,logistic_regression,train,0.9230769230769232,0.9275747508305648,0.9230769230769232,0.9228740936058012
LM8,logistic_regression,valid,0.3548387096774194,0.1259105098855359,0.3548387096774194,0.1858678955453149
LM8,lstm,train,0.5,0.25,0.5,0.3333333333333333
LM8,lstm,valid,0.6451612903225806,0.4162330905306972,0.6451612903225806,0.5060088551549652
LM8,svm,train,0.9102564102564102,0.9171122994652406,0.9102564102564102,0.9098861198217528
LM8,svm,valid,0.5161290322580645,0.5058371735791091,0.5161290322580645,0.5105091603911431
LM8,transformer,train,0.782051282051282,0.8173076923076923,0.782051282051282,0.7758241758241758
LM8,transformer,valid,0.5161290322580645,0.5846429556106976,0.5161290322580645,0.5232076044089392
LO5,logistic_regression,train,0.8421052631578947,0.8579710144927537,0.8421052631578947,0.8403361344537815
LO5,logistic_regression,valid,0.3548387096774194,0.1259105098855359,0.3548387096774194,0.1858678955453149
LO5,lstm,train,0.5394736842105263,0.7602739726027398,0.5394736842105263,0.4155130740496594
LO5,lstm,valid,0.3548387096774194,0.1259105098855359,0.3548387096774194,0.1858678955453149
LO5,svm,train,0.8552631578947368,0.867741935483871,0.8552631578947368,0.8540247948315
LO5,svm,valid,0.3548387096774194,0.1259105098855359,0.3548387096774194,0.1858678955453149
LO5,transformer,train,0.6447368421052632,0.7284153005464481,0.6447368421052632,0.6089193825042881
LO5,transformer,valid,0.3548387096774194,0.1259105098855359,0.3548387096774194,0.1858678955453149
LSS,logistic_regression,train,0.8524590163934426,0.8559023066485754,0.8524590163934426,0.8521012931034483
LSS,logistic_regression,valid,0.7419354838709677,1.0,0.7419354838709677,0.8518518518518519
LSS,lstm,train,0.7950819672131147,0.7990196078431372,0.7950819672131147,0.7944051230198854
LSS,lstm,valid,0.7096774193548387,1.0,0.7096774193548387,0.8301886792452831
LSS,svm,train,0.9262295081967212,0.929112554112554,0.9262295081967212,0.9261053906723198
LSS,svm,valid,0.7741935483870968,1.0,0.7741935483870968,0.8727272727272727
LSS,transformer,train,0.5819672131147541,0.5888694638694639,0.5819672131147541,0.5736896197327851
LSS,transformer,valid,0.5806451612903226,1.0,0.5806451612903226,0.7346938775510204
LTC,logistic_regression,train,0.8767123287671232,0.7686245074122724,0.8767123287671232,0.8191180881911808
LTC,logistic_regression,valid,0.0,0.0,0.0,0.0
LTC,lstm,train,0.8767123287671232,0.7686245074122724,0.8767123287671232,0.8191180881911808
LTC,lstm,valid,0.0,0.0,0.0,0.0
LTC,svm,train,0.9315068493150684,0.9559686888454012,0.9315068493150684,0.93755961978917
LTC,svm,valid,0.2580645161290322,1.0,0.2580645161290322,0.4102564102564102
LTC,transformer,train,0.8767123287671232,0.7686245074122724,0.8767123287671232,0.8191180881911808
LTC,transformer,valid,0.0,0.0,0.0,0.0
LUT,logistic_regression,train,0.825,0.8703703703703702,0.825,0.819471308833011
LUT,logistic_regression,valid,0.5161290322580645,0.6111559139784946,0.5161290322580645,0.538099389712293
LUT,lstm,train,0.8,0.8571428571428571,0.8,0.7916666666666667
LUT,lstm,valid,0.6774193548387096,0.795608566007048,0.6774193548387096,0.691204852495175
LUT,svm,train,0.8625,0.8739522888459058,0.8625,0.8614391434419776
LUT,svm,valid,0.2903225806451613,0.400679117147708,0.2903225806451613,0.3126863648685281
LUT,transformer,train,0.6625,0.7985074626865671,0.6625,0.6191147945688591
LUT,transformer,valid,0.7096774193548387,0.77134724857685,0.7096774193548387,0.7226237997626498
MAC,logistic_regression,train,0.9487179487179488,0.9534883720930232,0.9487179487179488,0.948582729070534
MAC,logistic_regression,valid,0.2580645161290322,1.0,0.2580645161290322,0.4102564102564102
MAC,lstm,train,0.5,0.25,0.5,0.3333333333333333
MAC,lstm,valid,1.0,1.0,1.0,1.0
MAC,svm,train,0.9102564102564102,0.9239130434782608,0.9102564102564102,0.9095277547638776
MAC,svm,valid,0.7419354838709677,1.0,0.7419354838709677,0.8518518518518519
MAC,transformer,train,0.8333333333333334,0.875,0.8333333333333334,0.8285714285714286
MAC,transformer,valid,0.4838709677419355,1.0,0.4838709677419355,0.6521739130434783
MAS,logistic_regression,train,0.9509803921568628,0.9553571428571428,0.9509803921568628,0.950862318142403
MAS,logistic_regression,valid,0.935483870967742,1.0,0.935483870967742,0.9666666666666668
MAS,lstm,train,0.9901960784313726,0.9903846153846154,0.9901960784313726,0.9901951360184562
MAS,lstm,valid,1.0,1.0,1.0,1.0
MAS,svm,train,0.9509803921568628,0.9553571428571428,0.9509803921568628,0.950862318142403
MAS,svm,valid,1.0,1.0,1.0,1.0
MAS,transformer,train,1.0,1.0,1.0,1.0
MAS,transformer,valid,1.0,1.0,1.0,1.0
MBB,logistic_regression,train,0.875,0.888042540960046,0.875,0.8739407521535122
MBB,logistic_regression,valid,0.7096774193548387,0.7422184493491794,0.7096774193548387,0.7066437455758924
MBB,lstm,train,0.9583333333333334,0.9584606835232008,0.9583333333333334,0.958330439613862
MBB,lstm,valid,0.9032258064516128,0.90432864626413,0.9032258064516128,0.9028161802355352
MBB,svm,train,0.7666666666666667,0.8,0.7666666666666667,0.7599999999999999
MBB,svm,valid,0.7419354838709677,0.8357771260997067,0.7419354838709677,0.7309070857457954
MBB,transformer,train,0.8416666666666667,0.8417616004445679,0.8416666666666667,0.8416556705326759
MBB,transformer,valid,0.7096774193548387,0.7422184493491794,0.7096774193548387,0.7066437455758924
MCC,logistic_regression,train,0.9583333333333334,0.9583333333333334,0.9583333333333334,0.9583333333333334
MCC,logistic_regression,valid,1.0,1.0,1.0,1.0
MCC,lstm,train,0.9583333333333334,0.9591304347826088,0.9583333333333334,0.958315240990013
MCC,lstm,valid,1.0,1.0,1.0,1.0
MCC,svm,train,0.96875,0.9689535388623536,0.96875,0.9687466087900164
MCC,svm,valid,1.0,1.0,1.0,1.0
MCC,transformer,train,0.9583333333333334,0.9615384615384616,0.9583333333333334,0.9582608695652174
MCC,transformer,valid,1.0,1.0,1.0,1.0
MCF,logistic_regression,train,0.8875,0.8896920175989944,0.8875,0.8873415740885621
MCF,logistic_regression,valid,0.5161290322580645,0.969758064516129,0.5161290322580645,0.6489563567362429
MCF,lstm,train,0.9125,0.925531914893617,0.9125,0.9118249094630766
MCF,lstm,valid,0.5483870967741935,0.9698924731182796,0.5483870967741935,0.6772440392706872
MCF,svm,train,0.9,0.901002506265664,0.9,0.8999374609130708
MCF,svm,valid,0.5483870967741935,0.9698924731182796,0.5483870967741935,0.6772440392706872
MCF,transformer,train,0.8375,0.839409176618479,0.8375,0.8372711625723674
MCF,transformer,valid,0.4838709677419355,0.969639468690702,0.4838709677419355,0.6194200065167806
MCG,logistic_regression,train,0.875,0.9,0.875,0.873015873015873
MCG,logistic_regression,valid,0.6774193548387096,0.773492286115007,0.6774193548387096,0.7182795698924732
MCG,lstm,train,0.9,0.9166666666666666,0.9,0.898989898989899
MCG,lstm,valid,0.4516129032258064,0.8955453149001537,0.4516129032258064,0.5120836965998257
MCG,svm,train,0.9,0.9017857142857144,0.9,0.899888765294772
MCG,svm,valid,0.8709677419354839,0.7585848074921956,0.8709677419354839,0.8109010011123471
MCG,transformer,train,0.5916666666666667,0.5977777777777777,0.5916666666666667,0.5851851851851853
MCG,transformer,valid,0.3870967741935484,0.8934081346423562,0.3870967741935484,0.4363884621949138
MCO,logistic_regression,train,0.84375,0.87096018735363,0.84375,0.8408312147673263
MCO,logistic_regression,valid,0.6451612903225806,0.6656891495601173,0.6451612903225806,0.6376514763611537
MCO,lstm,train,0.84375,0.8562753036437246,0.84375,0.8423645320197043
MCO,lstm,valid,0.8064516129032258,0.8296547821165817,0.8064516129032258,0.8040119273515857
MCO,svm,train,0.7916666666666666,0.7921739130434782,0.7916666666666666,0.7915762049500651
MCO,svm,valid,0.935483870967742,0.942652329749104,0.935483870967742,0.9350772567091352
MCO,transformer,train,0.8020833333333334,0.8032679738562093,0.8020833333333334,0.8018898664059954
MCO,transformer,valid,0.8387096774193549,0.8397939821089726,0.8387096774193549,0.8383726025550274
MCP,logistic_regression,train,0.8207547169811321,0.8412878787878789,0.8207547169811321,0.8180175295924821
MCP,logistic_regression,valid,0.5161290322580645,0.4649462365591398,0.5161290322580645,0.4663797528329451
MCP,lstm,train,0.7641509433962265,0.7760416666666667,0.7641509433962265,0.7615834457939721
MCP,lstm,valid,0.5806451612903226,0.553763440860215,0.5806451612903226,0.5115749525616698
MCP,svm,train,0.8018867924528302,0.8281733746130031,0.8018867924528302,0.7978385251112523
MCP,svm,valid,0.5161290322580645,0.4649462365591398,0.5161290322580645,0.4663797528329451
MCP,transformer,train,0.7169811320754716,0.7220400728597449,0.7169811320754716,0.715359828141783
MCP,transformer,valid,0.8387096774193549,0.8474654377880184,0.8387096774193549,0.8343942172834179
MDC,logistic_regression,train,0.8918918918918919,0.8965262379896526,0.8918918918918919,0.8915750915750916
MDC,logistic_regression,valid,0.4516129032258064,0.7845622119815667,0.4516129032258064,0.3684683712734204
MDC,lstm,train,0.7837837837837838,0.8171428571428572,0.7837837837837838,0.7779444861215304
MDC,lstm,valid,0.5483870967741935,0.3917050691244239,0.5483870967741935,0.456989247311828
MDC,svm,train,0.8243243243243243,0.8447204968944101,0.8243243243243243,0.8216867469879519
MDC,svm,valid,0.6774193548387096,0.7134408602150538,0.6774193548387096,0.6843121036669425
MDC,transformer,train,0.7972972972972973,0.8261217948717948,0.7972972972972973,0.7927170868347339
MDC,transformer,valid,0.5483870967741935,0.3917050691244239,0.5483870967741935,0.456989247311828
MDF,logistic_regression,train,0.6836734693877551,0.6856060606060606,0.6836734693877551,0.6828478964401294
MDF,logistic_regression,valid,0.6774193548387096,0.4588969823100936,0.6774193548387096,0.5471464019851118
MDF,lstm,train,0.7142857142857143,0.7175475687103594,0.7142857142857143,0.7132107023411373
MDF,lstm,valid,0.5806451612903226,0.435483870967742,0.5806451612903226,0.4976958525345622
MDF,svm,train,0.8163265306122449,0.8444444444444444,0.8163265306122449,0.8125
MDF,svm,valid,0.6774193548387096,0.4588969823100936,0.6774193548387096,0.5471464019851118
MDF,transformer,train,0.4897959183673469,0.4615384615384615,0.4897959183673469,0.375
MDF,transformer,valid,0.7419354838709677,0.7586304470854556,0.7419354838709677,0.7472140762463343
MDG,logistic_regression,train,0.8478260869565217,0.8586744639376218,0.8478260869565217,0.8466666666666668
MDG,logistic_regression,valid,0.967741935483871,0.9365244536940688,0.967741935483871,0.9518773135906928
MDG,lstm,train,0.7608695652173914,0.7608695652173914,0.7608695652173914,0.7608695652173914
MDG,lstm,valid,0.967741935483871,0.9365244536940688,0.967741935483871,0.9518773135906928
MDG,svm,train,0.8478260869565217,0.865079365079365,0.8478260869565217,0.8460066953610712
MDG,svm,valid,0.967741935483871,0.9365244536940688,0.967741935483871,0.9518773135906928
MDG,transformer,train,0.8586956521739131,0.8602278120550545,0.8586956521739131,0.8585452395032525
MDG,transformer,valid,0.967741935483871,0.9365244536940688,0.967741935483871,0.9518773135906928
MEC,logistic_regression,train,0.9726027397260274,0.978082191780822,0.9726027397260274,0.9739107686453576
MEC,logistic_regression,valid,1.0,1.0,1.0,1.0
MEC,lstm,train,0.9863013698630136,0.9878234398782344,0.9863013698630136,0.9866511752837483
MEC,lstm,valid,1.0,1.0,1.0,1.0
MEC,svm,train,0.9726027397260274,0.978082191780822,0.9726027397260274,0.9739107686453576
MEC,svm,valid,1.0,1.0,1.0,1.0
MEC,transformer,train,0.9863013698630136,0.9878234398782344,0.9863013698630136,0.9866511752837483
MEC,transformer,valid,1.0,1.0,1.0,1.0
MEF,logistic_regression,train,0.9473684210526316,0.949582431178472,0.9473684210526316,0.9473035439137134
MEF,logistic_regression,valid,1.0,1.0,1.0,1.0
MEF,lstm,train,0.9912280701754386,0.9913793103448276,0.9912280701754386,0.9912273951519815
MEF,lstm,valid,1.0,1.0,1.0,1.0
MEF,svm,train,0.8947368421052632,0.9130434782608696,0.8947368421052632,0.8935574229691877
MEF,svm,valid,1.0,1.0,1.0,1.0
MEF,transformer,train,1.0,1.0,1.0,1.0
MEF,transformer,valid,1.0,1.0,1.0,1.0
MHC,logistic_regression,train,0.9791666666666666,0.98,0.9791666666666666,0.9791576204950064
MHC,logistic_regression,valid,0.5483870967741935,0.7341153470185727,0.5483870967741935,0.542741935483871
MHC,lstm,train,0.7291666666666666,0.7901098901098901,0.7291666666666666,0.7141548327989007
MHC,lstm,valid,0.3548387096774194,0.7849462365591398,0.3548387096774194,0.2228739002932551
MHC,svm,train,0.9895833333333334,0.9897959183673468,0.9895833333333334,0.9895822029300052
MHC,svm,valid,0.5161290322580645,0.7189691444600281,0.5161290322580645,0.5029831125492973
MHC,transformer,train,0.7291666666666666,0.8055555555555557,0.7291666666666666,0.7111111111111111
MHC,transformer,valid,0.4838709677419355,0.4526647966339411,0.4838709677419355,0.4669273378950798
MHL,logistic_regression,train,0.9891304347826086,0.9893617021276596,0.9891304347826086,0.989129150419473
MHL,logistic_regression,valid,1.0,1.0,1.0,1.0
MHL,lstm,train,1.0,1.0,1.0,1.0
MHL,lstm,valid,1.0,1.0,1.0,1.0
MHL,svm,train,0.9565217391304348,0.96,0.9565217391304348,0.956439393939394
MHL,svm,valid,1.0,1.0,1.0,1.0
MHL,transformer,train,1.0,1.0,1.0,1.0
MHL,transformer,valid,1.0,1.0,1.0,1.0
MIC,logistic_regression,train,0.9871794871794872,0.9875,0.9871794871794872,0.987177379582443
MIC,logistic_regression,valid,0.8064516129032258,1.0,0.8064516129032258,0.8928571428571429
MIC,lstm,train,0.9871794871794872,0.9875,0.9871794871794872,0.987177379582443
MIC,lstm,valid,0.8387096774193549,1.0,0.8387096774193549,0.912280701754386
MIC,svm,train,1.0,1.0,1.0,1.0
MIC,svm,valid,0.7741935483870968,1.0,0.7741935483870968,0.8727272727272727
MIC,transformer,train,0.8974358974358975,0.9016611295681064,0.8974358974358975,0.8971654581410679
MIC,transformer,valid,0.7096774193548387,1.0,0.7096774193548387,0.8301886792452831
MIM,logistic_regression,train,0.5,0.5,0.5,0.4992592592592592
MIM,logistic_regression,valid,1.0,1.0,1.0,1.0
MIM,lstm,train,0.5256410256410257,0.5257936507936508,0.5256410256410257,0.5249382716049382
MIM,lstm,valid,1.0,1.0,1.0,1.0
MIM,svm,train,0.9102564102564102,0.9105263157894736,0.9102564102564102,0.9102416570771
MIM,svm,valid,0.0,0.0,0.0,0.0
MIM,transformer,train,0.5641025641025641,0.5686136523574947,0.5641025641025641,0.5568181818181819
MIM,transformer,valid,0.9032258064516128,1.0,0.9032258064516128,0.9491525423728814
MKV,logistic_regression,train,0.9196428571428572,0.9307692307692308,0.9196428571428572,0.9191205969670224
MKV,logistic_regression,valid,0.8064516129032258,0.8709677419354839,0.8064516129032258,0.8076612903225807
MKV,lstm,train,0.7857142857142857,0.8499999999999999,0.7857142857142857,0.7754010695187166
MKV,lstm,valid,0.6451612903225806,0.814866760168303,0.6451612903225806,0.6286396996074415
MKV,svm,train,0.9285714285714286,0.9375,0.9285714285714286,0.9282051282051282
MKV,svm,valid,0.967741935483871,0.9702233250620348,0.967741935483871,0.967951176983435
MKV,transformer,train,0.875,0.9000000000000001,0.875,0.8730158730158729
MKV,transformer,valid,0.8064516129032258,0.8709677419354839,0.8064516129032258,0.8076612903225807
MPC,logistic_regression,train,0.9838709677419356,0.984375,0.9838709677419356,0.9838667707520166
MPC,logistic_regression,valid,0.967741935483871,0.9365244536940688,0.967741935483871,0.9518773135906928
MPC,lstm,train,1.0,1.0,1.0,1.0
MPC,lstm,valid,0.967741935483871,0.9365244536940688,0.967741935483871,0.9518773135906928
MPC,svm,train,0.9838709677419356,0.984375,0.9838709677419356,0.9838667707520166
MPC,svm,valid,0.7741935483870968,0.929032258064516,0.7741935483870968,0.8445747800586509
MPC,transformer,train,0.9838709677419356,0.984375,0.9838709677419356,0.9838667707520166
MPC,transformer,valid,0.9032258064516128,0.9343715239154616,0.9032258064516128,0.9185347184253692
MSN,logistic_regression,train,0.7916666666666666,0.811111111111111,0.7916666666666666,0.7883597883597883
MSN,logistic_regression,valid,0.8709677419354839,0.7585848074921956,0.8709677419354839,0.8109010011123471
MSN,lstm,train,0.7916666666666666,0.811111111111111,0.7916666666666666,0.7883597883597883
MSN,lstm,valid,0.8709677419354839,0.7585848074921956,0.8709677419354839,0.8109010011123471
MSN,svm,train,0.8125,0.8636363636363636,0.8125,0.8056680161943319
MSN,svm,valid,0.8387096774193549,0.8555831265508685,0.8387096774193549,0.8461486440792589
MSN,transformer,train,0.7916666666666666,0.811111111111111,0.7916666666666666,0.7883597883597883
MSN,transformer,valid,0.8387096774193549,0.7548387096774194,0.8387096774193549,0.7945670628183362
MTC,logistic_regression,train,0.8269230769230769,0.8453124999999999,0.8269230769230769,0.8245877061469264
MTC,logistic_regression,valid,0.7419354838709677,0.7419354838709677,0.7419354838709677,0.7419354838709677
MTC,lstm,train,0.5,0.25,0.5,0.3333333333333333
MTC,lstm,valid,0.6451612903225806,0.4162330905306972,0.6451612903225806,0.5060088551549652
MTC,svm,train,0.7596153846153846,0.8376623376623377,0.7596153846153846,0.7448729270925326
MTC,svm,valid,0.6774193548387096,0.7849462365591398,0.6774193548387096,0.575268817204301
MTC,transformer,train,0.7692307692307693,0.8421052631578948,0.7692307692307693,0.7562500000000001
MTC,transformer,valid,0.6451612903225806,0.600111234705228,0.6451612903225806,0.554919734643237
MTG,logistic_regression,train,0.7543859649122807,0.7543859649122807,0.7543859649122807,0.7543859649122807
MTG,logistic_regression,valid,0.5806451612903226,0.6539840088227185,0.5806451612903226,0.5867799238210806
MTG,lstm,train,0.4649122807017544,0.4580882352941176,0.4649122807017544,0.4422074276088875
MTG,lstm,valid,0.4516129032258064,0.4622241086587436,0.4516129032258064,0.456503758046535
MTG,svm,train,0.9473684210526316,0.947919876733436,0.9473684210526316,0.9473522167487683
MTG,svm,valid,0.6451612903225806,0.600111234705228,0.6451612903225806,0.554919734643237
MTG,transformer,train,0.6403508771929824,0.7638888888888888,0.6403508771929824,0.5926797385620914
MTG,transformer,valid,0.4838709677419355,0.6795698924731184,0.4838709677419355,0.4452715743038324
MTH,logistic_regression,train,0.8108108108108109,0.8627450980392157,0.8108108108108109,0.8037878787878788
MTH,logistic_regression,valid,0.5161290322580645,0.5823655913978494,0.5161290322580645,0.4686589707627576
MTH,lstm,train,0.4054054054054054,0.3663570691434468,0.4054054054054054,0.3585500394011032
MTH,lstm,valid,0.8709677419354839,0.8955453149001537,0.8709677419354839,0.8670062252405207
MTH,svm,train,0.8108108108108109,0.8627450980392157,0.8108108108108109,0.8037878787878788
MTH,svm,valid,0.5806451612903226,0.646914446002805,0.5806451612903226,0.5561639058413251
MTH,transformer,train,0.4864864864864865,0.4605543710021321,0.4864864864864865,0.3854895104895104
MTH,transformer,valid,0.4516129032258064,0.43841642228739,0.4516129032258064,0.4409415867480384
MTP,logistic_regression,train,0.9807692307692308,0.9814814814814816,0.9807692307692308,0.9807621161672216
MTP,logistic_regression,valid,1.0,1.0,1.0,1.0
MTP,lstm,train,1.0,1.0,1.0,1.0
MTP,lstm,valid,1.0,1.0,1.0,1.0
MTP,svm,train,0.9903846153846154,0.9905660377358492,0.9903846153846154,0.9903837263060564
MTP,svm,valid,1.0,1.0,1.0,1.0
MTP,transformer,train,1.0,1.0,1.0,1.0
MTP,transformer,valid,1.0,1.0,1.0,1.0
NAG,logistic_regression,train,0.9895833333333334,0.9897959183673468,0.9895833333333334,0.9895822029300052
NAG,logistic_regression,valid,0.7741935483870968,0.5993756503642039,0.7741935483870968,0.6756598240469208
NAG,lstm,train,0.90625,0.9210526315789472,0.90625,0.9054187192118226
NAG,lstm,valid,0.7741935483870968,0.5993756503642039,0.7741935483870968,0.6756598240469208
NAG,svm,train,1.0,1.0,1.0,1.0
NAG,svm,valid,0.7741935483870968,0.5993756503642039,0.7741935483870968,0.6756598240469208
NAG,transformer,train,0.9583333333333334,0.9615384615384616,0.9583333333333334,0.9582608695652174
NAG,transformer,valid,0.7741935483870968,0.5993756503642039,0.7741935483870968,0.6756598240469208
NAV,logistic_regression,train,0.958904109589041,0.9701120797011208,0.958904109589041,0.9616631374574934
NAV,logistic_regression,valid,0.5483870967741935,0.7664071190211347,0.5483870967741935,0.4446073639622026
NAV,lstm,train,0.8904109589041096,0.792831675736536,0.8904109589041096,0.8387929323009728
NAV,lstm,valid,0.5161290322580645,0.2663891779396461,0.5161290322580645,0.3514070006863418
NAV,svm,train,0.9863013698630136,0.9878234398782344,0.9863013698630136,0.9866511752837483
NAV,svm,valid,0.6451612903225806,0.7952853598014888,0.6451612903225806,0.5998276572627477
NAV,transformer,train,0.8904109589041096,0.792831675736536,0.8904109589041096,0.8387929323009728
NAV,transformer,valid,0.7096774193548387,0.8185483870967742,0.7096774193548387,0.686373934620779
NBB,logistic_regression,train,0.9680851063829788,0.97,0.9680851063829788,0.9680525659907104
NBB,logistic_regression,valid,0.4838709677419355,0.2341311134235171,0.4838709677419355,0.3155680224403927
NBB,lstm,train,0.8404255319148937,0.8790322580645161,0.8404255319148937,0.8362559516896991
NBB,lstm,valid,0.4838709677419355,0.2341311134235171,0.4838709677419355,0.3155680224403927
NBB,svm,train,0.9893617021276596,0.9895833333333331,0.9893617021276596,0.9893604980192416
NBB,svm,valid,0.4838709677419355,0.2341311134235171,0.4838709677419355,0.3155680224403927
NBB,transformer,train,0.8085106382978723,0.8489503328213005,0.8085106382978723,0.8027972027972028
NBB,transformer,valid,0.4838709677419355,0.2341311134235171,0.4838709677419355,0.3155680224403927
NBC,logistic_regression,train,0.625,0.625417439703154,0.625,0.6246877024151013
NBC,logistic_regression,valid,0.3870967741935484,0.1498439125910509,0.3870967741935484,0.2160540135033758
NBC,lstm,train,0.5096153846153846,0.5858085808580857,0.5096153846153846,0.3696969696969697
NBC,lstm,valid,0.8064516129032258,0.8709677419354839,0.8064516129032258,0.8076612903225807
NBC,svm,train,0.7788461538461539,0.7974358974358975,0.7788461538461539,0.7753357753357754
NBC,svm,valid,0.5161290322580645,0.7849462365591398,0.5161290322580645,0.4513971302190095
NBC,transformer,train,0.6442307692307693,0.6455767077267637,0.6442307692307693,0.6434065424891113
NBC,transformer,valid,0.4516129032258064,0.7730812013348164,0.4516129032258064,0.3433367052564534
NBP,logistic_regression,train,0.9130434782608696,0.925925925925926,0.9130434782608696,0.9123809523809524
NBP,logistic_regression,valid,0.7096774193548387,0.5036420395421436,0.7096774193548387,0.5891661594643944
NBP,lstm,train,0.9347826086956522,0.9423076923076924,0.9347826086956522,0.9345040341718084
NBP,lstm,valid,0.7741935483870968,0.8286985539488321,0.7741935483870968,0.7178425622448393
NBP,svm,train,0.9021739130434784,0.918181818181818,0.9021739130434784,0.901228677084576
NBP,svm,valid,0.7096774193548387,0.5036420395421436,0.7096774193548387,0.5891661594643944
NBP,transformer,train,0.9021739130434784,0.918181818181818,0.9021739130434784,0.901228677084576
NBP,transformer,valid,0.7096774193548387,0.5036420395421436,0.7096774193548387,0.5891661594643944
NBW,logistic_regression,train,0.863013698630137,0.744792644023269,0.863013698630137,0.7995568090249798
NBW,logistic_regression,valid,0.7096774193548387,0.5036420395421436,0.7096774193548387,0.5891661594643944
NBW,lstm,train,0.9863013698630136,0.9875466998754672,0.9863013698630136,0.9865727332028702
NBW,lstm,valid,0.7419354838709677,0.810752688172043,0.7419354838709677,0.658560794044665
NBW,svm,train,0.958904109589041,0.9683877766069549,0.958904109589041,0.9610831069597175
NBW,svm,valid,0.7096774193548387,0.5036420395421436,0.7096774193548387,0.5891661594643944
NBW,transformer,train,0.958904109589041,0.9683877766069549,0.958904109589041,0.9610831069597175
NBW,transformer,valid,0.8709677419354839,0.8709677419354839,0.8709677419354839,0.8709677419354839
ND2,logistic_regression,train,0.958904109589041,0.9194970913867516,0.958904109589041,0.9387872401571032
ND2,logistic_regression,valid,0.8387096774193549,0.7034339229968783,0.8387096774193549,0.7651386530843237
ND2,lstm,train,0.958904109589041,0.9194970913867516,0.958904109589041,0.9387872401571032
ND2,lstm,valid,0.8387096774193549,0.7034339229968783,0.8387096774193549,0.7651386530843237
ND2,svm,train,0.958904109589041,0.9194970913867516,0.958904109589041,0.9387872401571032
ND2,svm,valid,0.8387096774193549,0.7034339229968783,0.8387096774193549,0.7651386530843237
ND2,transformer,train,0.958904109589041,0.9194970913867516,0.958904109589041,0.9387872401571032
ND2,transformer,valid,0.8387096774193549,0.7034339229968783,0.8387096774193549,0.7651386530843237
NDC,logistic_regression,train,0.9888888888888888,0.9891304347826086,0.9888888888888888,0.9888875169774048
NDC,logistic_regression,valid,0.7096774193548387,0.7242286115007013,0.7096774193548387,0.7162663006177076
NDC,lstm,train,0.9555555555555556,0.9564571994062344,0.9555555555555556,0.9555335968379448
NDC,lstm,valid,0.7741935483870968,0.5993756503642039,0.7741935483870968,0.6756598240469208
NDC,svm,train,1.0,1.0,1.0,1.0
NDC,svm,valid,0.7096774193548387,0.7242286115007013,0.7096774193548387,0.7162663006177076
NDC,transformer,train,0.5888888888888889,0.6136363636363636,0.5888888888888889,0.5652173913043478
NDC,transformer,valid,0.7741935483870968,0.5993756503642039,0.7741935483870968,0.6756598240469208
NDN,logistic_regression,train,0.8360655737704918,0.8765432098765433,0.8360655737704918,0.8315382491024579
NDN,logistic_regression,valid,0.7096774193548387,1.0,0.7096774193548387,0.8301886792452831
NDN,lstm,train,0.9508196721311476,0.9527665317139002,0.9508196721311476,0.9507667473769168
NDN,lstm,valid,1.0,1.0,1.0,1.0
NDN,svm,train,0.9016393442622952,0.912731289698978,0.9016393442622952,0.900974025974026
NDN,svm,valid,1.0,1.0,1.0,1.0
NDN,transformer,train,0.9754098360655736,0.9765625,0.9754098360655736,0.9753949579831932
NDN,transformer,valid,1.0,1.0,1.0,1.0
NET,logistic_regression,train,0.9452054794520548,0.8934133983861887,0.9452054794520548,0.9185799729886168
NET,logistic_regression,valid,0.7096774193548387,0.5036420395421436,0.7096774193548387,0.5891661594643944
NET,lstm,train,0.9452054794520548,0.8934133983861887,0.9452054794520548,0.9185799729886168
NET,lstm,valid,0.7096774193548387,0.5036420395421436,0.7096774193548387,0.5891661594643944
NET,svm,train,0.0547945205479452,0.0030024394820791,0.0547945205479452,0.0056929371997865
NET,svm,valid,0.2903225806451613,0.0842872008324661,0.2903225806451613,0.1306451612903225
NET,transformer,train,0.9452054794520548,0.8934133983861887,0.9452054794520548,0.9185799729886168
NET,transformer,valid,0.7096774193548387,0.5036420395421436,0.7096774193548387,0.5891661594643944
NGC,logistic_regression,train,0.9545454545454546,0.9583333333333331,0.9545454545454546,0.9544513457556936
NGC,logistic_regression,valid,0.8387096774193549,0.7548387096774194,0.8387096774193549,0.7945670628183362
NGC,lstm,train,0.9204545454545454,0.931372549019608,0.9204545454545454,0.9199480181936324
NGC,lstm,valid,0.8709677419354839,0.7585848074921956,0.8709677419354839,0.8109010011123471
NGC,svm,train,1.0,1.0,1.0,1.0
NGC,svm,valid,0.7741935483870968,0.7465437788018433,0.7741935483870968,0.7601173020527859
NGC,transformer,train,0.8295454545454546,0.8728813559322034,0.8295454545454546,0.8244447399920202
NGC,transformer,valid,0.8387096774193549,0.8206605222734255,0.8387096774193549,0.8286552157519899
NHA,logistic_regression,train,0.9324324324324323,0.9352941176470588,0.9324324324324323,0.9323211999268336
NHA,logistic_regression,valid,0.3870967741935484,0.1498439125910509,0.3870967741935484,0.2160540135033758
NHA,lstm,train,0.5,0.25,0.5,0.3333333333333333
NHA,lstm,valid,0.3870967741935484,0.1498439125910509,0.3870967741935484,0.2160540135033758
NHA,svm,train,0.9324324324324323,0.9352941176470588,0.9324324324324323,0.9323211999268336
NHA,svm,valid,0.3870967741935484,0.1498439125910509,0.3870967741935484,0.2160540135033758
NHA,transformer,train,0.918918918918919,0.92014652014652,0.918918918918919,0.9188596491228072
NHA,transformer,valid,0.2258064516129032,0.1042183622828784,0.2258064516129032,0.1426146010186757
NHC,logistic_regression,train,0.9,0.9,0.9,0.9
NHC,logistic_regression,valid,1.0,1.0,1.0,1.0
NHC,lstm,train,0.95,0.95,0.95,0.95
NHC,lstm,valid,1.0,1.0,1.0,1.0
NHC,svm,train,0.8625,0.8921568627450981,0.8625,0.8598502946329034
NHC,svm,valid,1.0,1.0,1.0,1.0
NHC,transformer,train,0.975,0.9761904761904764,0.975,0.9749843652282676
NHC,transformer,valid,1.0,1.0,1.0,1.0
NKG,logistic_regression,train,0.7375,0.7412698412698413,0.7375,0.7364705882352941
NKG,logistic_regression,valid,0.6129032258064516,0.4815668202764977,0.6129032258064516,0.5393548387096774
NKG,lstm,train,0.6625,0.6634192331866751,0.6625,0.6620247222656861
NKG,lstm,valid,0.7096774193548387,0.5036420395421436,0.7096774193548387,0.5891661594643944
NKG,svm,train,0.675,0.6822916666666667,0.675,0.6717171717171717
NKG,svm,valid,0.7096774193548387,0.5036420395421436,0.7096774193548387,0.5891661594643944
NKG,transformer,train,0.6375,0.653738644304682,0.6375,0.6276681110576152
NKG,transformer,valid,0.1290322580645161,0.184099055066797,0.1290322580645161,0.1290322580645161
NNC,logistic_regression,train,0.9716981132075472,0.9732142857142856,0.9716981132075472,0.9716754253139752
NNC,logistic_regression,valid,0.8064516129032258,0.9305210918114144,0.8064516129032258,0.8640552995391706
NNC,lstm,train,0.9433962264150944,0.9491525423728814,0.9433962264150944,0.9432142857142856
NNC,lstm,valid,0.9032258064516128,0.9343715239154616,0.9032258064516128,0.9185347184253692
NNC,svm,train,0.9716981132075472,0.9732142857142856,0.9716981132075472,0.9716754253139752
NNC,svm,valid,0.4516129032258064,0.9695340501792116,0.4516129032258064,0.5885418723101828
NNC,transformer,train,0.9433962264150944,0.9491525423728814,0.9433962264150944,0.9432142857142856
NNC,transformer,valid,0.967741935483871,0.9365244536940688,0.967741935483871,0.9518773135906928
NNT,logistic_regression,train,0.9857142857142858,0.986111111111111,0.9857142857142858,0.9857113696672788
NNT,logistic_regression,valid,0.6451612903225806,0.4162330905306972,0.6451612903225806,0.5060088551549652
NNT,lstm,train,0.8857142857142857,0.9069767441860466,0.8857142857142857,0.8842018196856907
NNT,lstm,valid,0.6451612903225806,0.4162330905306972,0.6451612903225806,0.5060088551549652
NNT,svm,train,0.9714285714285714,0.9729729729729728,0.9714285714285714,0.9714052287581698
NNT,svm,valid,0.6451612903225806,0.4162330905306972,0.6451612903225806,0.5060088551549652
NNT,transformer,train,0.8428571428571429,0.8671328671328671,0.8428571428571429,0.8402158124092135
NNT,transformer,valid,0.6451612903225806,0.4162330905306972,0.6451612903225806,0.5060088551549652
NOS,logistic_regression,train,0.9270833333333334,0.9272687798523664,0.9270833333333334,0.927075420510038
NOS,logistic_regression,valid,0.5161290322580645,0.4681259600614439,0.5161290322580645,0.4805938326686935
NOS,lstm,train,0.8541666666666666,0.8642857142857143,0.8541666666666666,0.8531468531468532
NOS,lstm,valid,0.8064516129032258,0.8064516129032258,0.8064516129032258,0.8064516129032258
NOS,svm,train,0.9791666666666666,0.9791666666666666,0.9791666666666666,0.9791666666666666
NOS,svm,valid,0.5161290322580645,0.3502304147465437,0.5161290322580645,0.4172958133150308
NOS,transformer,train,0.75,0.7517482517482517,0.75,0.7495652173913044
NOS,transformer,valid,0.7741935483870968,0.7718475073313784,0.7741935483870968,0.7721796669903261
NSC,logistic_regression,train,0.8660714285714286,0.8718820861678004,0.8660714285714286,0.8655462184873949
NSC,logistic_regression,valid,1.0,1.0,1.0,1.0
NSC,lstm,train,0.9910714285714286,0.9912280701754386,0.9910714285714286,0.9910707167344336
NSC,lstm,valid,1.0,1.0,1.0,1.0
NSC,svm,train,0.8660714285714286,0.8718820861678004,0.8660714285714286,0.8655462184873949
NSC,svm,valid,1.0,1.0,1.0,1.0
NSC,transformer,train,0.9464285714285714,0.9469987228607918,0.9464285714285714,0.9464114832535884
NSC,transformer,valid,1.0,1.0,1.0,1.0
NST,logistic_regression,train,0.9680851063829788,0.97,0.9680851063829788,0.9680525659907104
NST,logistic_regression,valid,0.6451612903225806,0.489432703003337,0.6451612903225806,0.5566097406704617
NST,lstm,train,0.5,0.25,0.5,0.3333333333333333
NST,lstm,valid,0.2903225806451613,0.0842872008324661,0.2903225806451613,0.1306451612903225
NST,svm,train,0.9787234042553192,0.979591836734694,0.9787234042553192,0.978713768115942
NST,svm,valid,0.7096774193548387,0.5036420395421436,0.7096774193548387,0.5891661594643944
NST,transformer,train,0.8617021276595744,0.8754699248120302,0.8617021276595744,0.860422615648201
NST,transformer,valid,0.2258064516129032,0.3212252642992681,0.2258064516129032,0.2588916459884202
NT2,logistic_regression,train,1.0,1.0,1.0,1.0
NT2,logistic_regression,valid,1.0,1.0,1.0,1.0
NT2,lstm,train,1.0,1.0,1.0,1.0
NT2,lstm,valid,1.0,1.0,1.0,1.0
NT2,svm,train,0.9761904761904762,0.9772727272727272,0.9761904761904762,0.9761769710720362
NT2,svm,valid,1.0,1.0,1.0,1.0
NT2,transformer,train,1.0,1.0,1.0,1.0
NT2,transformer,valid,1.0,1.0,1.0,1.0
NTB,logistic_regression,train,0.9705882352941176,0.9420415224913496,0.9705882352941176,0.9561018437225636
NTB,logistic_regression,valid,0.3548387096774194,0.1259105098855359,0.3548387096774194,0.1858678955453149
NTB,lstm,train,0.2058823529411764,0.9716386554621848,0.2058823529411764,0.3006709315025745
NTB,lstm,valid,0.6451612903225806,0.4162330905306972,0.6451612903225806,0.5060088551549652
NTB,svm,train,0.9705882352941176,0.9420415224913496,0.9705882352941176,0.9561018437225636
NTB,svm,valid,0.3548387096774194,0.1259105098855359,0.3548387096774194,0.1858678955453149
NTB,transformer,train,0.2647058823529412,0.9172549019607842,0.2647058823529412,0.3939883645765998
NTB,transformer,valid,0.5483870967741935,0.5665839536807278,0.5483870967741935,0.5553197509903791
NTL,logistic_regression,train,0.8048780487804879,0.8169449598021026,0.8048780487804879,0.8030030030030029
NTL,logistic_regression,valid,0.4516129032258064,0.4032258064516129,0.4516129032258064,0.4070285864148963
NTL,lstm,train,0.6829268292682927,0.7568922305764412,0.6829268292682927,0.6583333333333333
NTL,lstm,valid,0.5483870967741935,0.3007284079084287,0.5483870967741935,0.3884408602150538
NTL,svm,train,0.8170731707317073,0.826593137254902,0.8170731707317073,0.8157303370786517
NTL,svm,valid,0.4516129032258064,0.4032258064516129,0.4516129032258064,0.4070285864148963
NTL,transformer,train,0.5365853658536586,0.5373860182370821,0.5365853658536586,0.5340909090909091
NTL,transformer,valid,0.4516129032258064,0.2039542143600416,0.4516129032258064,0.2810035842293907
NTP,logistic_regression,train,0.8796296296296297,0.8808049535603715,0.8796296296296297,0.8795366795366796
NTP,logistic_regression,valid,0.4838709677419355,0.2341311134235171,0.4838709677419355,0.3155680224403927
NTP,lstm,train,0.5,0.5,0.5,0.4518796992481202
NTP,lstm,valid,0.8064516129032258,0.8592375366568915,0.8064516129032258,0.7975382003395586
NTP,svm,train,0.8981481481481481,0.9095238095238096,0.8981481481481481,0.8974358974358974
NTP,svm,valid,0.4838709677419355,0.2341311134235171,0.4838709677419355,0.3155680224403927
NTP,transformer,train,0.7129629629629629,0.719047619047619,0.7129629629629629,0.710955710955711
NTP,transformer,valid,0.4838709677419355,0.4916573971078977,0.4838709677419355,0.3652655588139458
NTW,logistic_regression,train,0.8518518518518519,0.8597475455820477,0.8518518518518519,0.8510344827586207
NTW,logistic_regression,valid,1.0,1.0,1.0,1.0
NTW,lstm,train,1.0,1.0,1.0,1.0
NTW,lstm,valid,1.0,1.0,1.0,1.0
NTW,svm,train,0.8611111111111112,0.8672828740844089,0.8611111111111112,0.8605251829530779
NTW,svm,valid,1.0,1.0,1.0,1.0
NTW,transformer,train,0.9537037037037036,0.9576271186440678,0.9537037037037036,0.953604261534496
NTW,transformer,valid,1.0,1.0,1.0,1.0
NVB,logistic_regression,train,0.75,0.7505175983436853,0.75,0.7498708010335917
NVB,logistic_regression,valid,0.5161290322580645,0.2663891779396461,0.5161290322580645,0.3514070006863418
NVB,lstm,train,0.7727272727272727,0.775,0.7727272727272727,0.7722567287784678
NVB,lstm,valid,0.6774193548387096,0.8014888337468983,0.6774193548387096,0.6351766513056836
NVB,svm,train,0.7840909090909091,0.7878074306645734,0.7840909090909091,0.7833916310402902
NVB,svm,valid,0.6451612903225806,0.7897252090800477,0.6451612903225806,0.5878311683183954
NVB,transformer,train,0.6363636363636364,0.6473214285714285,0.6363636363636364,0.6294736842105263
NVB,transformer,valid,0.5161290322580645,0.2663891779396461,0.5161290322580645,0.3514070006863418
OCH,logistic_regression,train,0.7619047619047619,0.7619047619047619,0.7619047619047619,0.7619047619047619
OCH,logistic_regression,valid,1.0,1.0,1.0,1.0
OCH,lstm,train,0.988095238095238,0.9883720930232558,0.988095238095238,0.9880935506732812
OCH,lstm,valid,1.0,1.0,1.0,1.0
OCH,svm,train,0.8690476190476191,0.8962264150943398,0.8690476190476191,0.86676279740447
OCH,svm,valid,0.9032258064516128,1.0,0.9032258064516128,0.9491525423728814
OCH,transformer,train,0.8214285714285714,0.8260494537090282,0.8214285714285714,0.8207936282178923
OCH,transformer,valid,0.935483870967742,1.0,0.935483870967742,0.9666666666666668
OGC,logistic_regression,train,0.925,0.934782608695652,0.925,0.9245757385292268
OGC,logistic_regression,valid,0.5806451612903226,0.6746543778801843,0.5806451612903226,0.5727576094650622
OGC,lstm,train,0.975,0.9751319811058629,0.975,0.9749982637683172
OGC,lstm,valid,0.9032258064516128,0.9035190615835776,0.9032258064516128,0.9023627144244256
OGC,svm,train,0.9333333333333332,0.9352678571428572,0.9333333333333332,0.9332591768631812
OGC,svm,valid,0.6451612903225806,0.652073732718894,0.6451612903225806,0.5726835964310226
OGC,transformer,train,0.7916666666666666,0.8529411764705883,0.7916666666666666,0.7822141560798548
OGC,transformer,valid,0.8709677419354839,0.8709677419354839,0.8709677419354839,0.8709677419354839
ONE,logistic_regression,train,0.8571428571428571,0.8888888888888887,0.8571428571428571,0.8541666666666666
ONE,logistic_regression,valid,0.7419354838709677,0.7433380084151472,0.7419354838709677,0.7284178187403995
ONE,lstm,train,0.5952380952380952,0.7763157894736843,0.5952380952380952,0.5159322033898305
ONE,lstm,valid,0.5483870967741935,0.7915632754342432,0.5483870967741935,0.4998585172608941
ONE,svm,train,0.8452380952380952,0.8818181818181818,0.8452380952380952,0.8414403949470016
ONE,svm,valid,0.7419354838709677,0.7433380084151472,0.7419354838709677,0.7284178187403995
ONE,transformer,train,0.6785714285714286,0.8043478260869564,0.6785714285714286,0.6415362731152205
ONE,transformer,valid,0.3548387096774194,0.3425499231950845,0.3548387096774194,0.2492668621700879
OPC,logistic_regression,train,0.7236842105263158,0.8220338983050847,0.7236842105263158,0.7008434864104968
OPC,logistic_regression,valid,0.4516129032258064,0.2039542143600416,0.4516129032258064,0.2810035842293907
OPC,lstm,train,0.75,0.7501732501732502,0.75,0.74995670995671
OPC,lstm,valid,0.4516129032258064,0.2039542143600416,0.4516129032258064,0.2810035842293907
OPC,svm,train,0.9342105263157896,0.9369337979094076,0.9342105263157896,0.9341078550372808
OPC,svm,valid,0.7419354838709677,0.7920821114369502,0.7419354838709677,0.7370561127676878
OPC,transformer,train,0.7236842105263158,0.7533333333333333,0.7236842105263158,0.7153558052434456
OPC,transformer,valid,0.5806451612903226,0.7825567502986858,0.5806451612903226,0.517327938256341
ORS,logistic_regression,train,0.9787234042553192,0.979591836734694,0.9787234042553192,0.978713768115942
ORS,logistic_regression,valid,0.6451612903225806,0.8225806451612904,0.6451612903225806,0.6370040786058584
ORS,lstm,train,0.9893617021276596,0.9895833333333331,0.9893617021276596,0.9893604980192416
ORS,lstm,valid,0.8064516129032258,0.8064516129032258,0.8064516129032258,0.8064516129032258
ORS,svm,train,1.0,1.0,1.0,1.0
ORS,svm,valid,0.6774193548387096,0.8310291858678955,0.6774193548387096,0.6740591397849462
ORS,transformer,train,0.9893617021276596,0.9895833333333331,0.9893617021276596,0.9893604980192416
ORS,transformer,valid,0.8064516129032258,0.8747628083491461,0.8064516129032258,0.8101111412306857
PAC,logistic_regression,train,0.9032258064516128,0.9189189189189187,0.9032258064516128,0.902310924369748
PAC,logistic_regression,valid,0.4516129032258064,0.8569424964936886,0.4516129032258064,0.4710958303839282
PAC,lstm,train,0.4516129032258064,0.2372881355932203,0.4516129032258064,0.3111111111111111
PAC,lstm,valid,0.8387096774193549,0.8655913978494625,0.8387096774193549,0.7884373690825304
PAC,svm,train,1.0,1.0,1.0,1.0
PAC,svm,valid,0.6129032258064516,0.6915514592933947,0.6129032258064516,0.6444600280504909
PAC,transformer,train,0.5,0.25,0.5,0.3333333333333333
PAC,transformer,valid,0.1935483870967742,0.0374609781477627,0.1935483870967742,0.062772449869224
PAN,logistic_regression,train,0.9083333333333332,0.9225352112676056,0.9083333333333332,0.9075565515792422
PAN,logistic_regression,valid,0.6129032258064516,0.7194950911640954,0.6129032258064516,0.6619354838709677
PAN,lstm,train,0.5,0.25,0.5,0.3333333333333333
PAN,lstm,valid,0.2258064516129032,0.5865102639296188,0.2258064516129032,0.3002481389578164
PAN,svm,train,0.9083333333333332,0.9084467907752154,0.9083333333333332,0.9083269671504964
PAN,svm,valid,0.8709677419354839,0.7585848074921956,0.8709677419354839,0.8109010011123471
PAN,transformer,train,0.625,0.6792114695340501,0.625,0.5943204868154159
PAN,transformer,valid,0.7096774193548387,0.7369727047146403,0.7096774193548387,0.7230675593426659
PCG,logistic_regression,train,0.7441860465116279,0.749034749034749,0.7441860465116279,0.7429347826086956
PCG,logistic_regression,valid,0.5161290322580645,0.2663891779396461,0.5161290322580645,0.3514070006863418
PCG,lstm,train,0.6744186046511628,0.8028169014084506,0.6744186046511628,0.6358136721113127
PCG,lstm,valid,0.5161290322580645,0.5286738351254481,0.5161290322580645,0.4941586748038361
PCG,svm,train,0.8023255813953488,0.8583333333333333,0.8023255813953488,0.7942873223582382
PCG,svm,valid,0.1612903225806451,0.1591217132014096,0.1612903225806451,0.1595430107526881
PCG,transformer,train,0.627906976744186,0.7492096944151738,0.627906976744186,0.5763546798029556
PCG,transformer,valid,0.5161290322580645,0.2663891779396461,0.5161290322580645,0.3514070006863418
PCT,logistic_regression,train,0.9021739130434784,0.918181818181818,0.9021739130434784,0.901228677084576
PCT,logistic_regression,valid,0.5806451612903226,0.543778801843318,0.5806451612903226,0.5576217583807717
PCT,lstm,train,0.8369565217391305,0.8770491803278687,0.8369565217391305,0.8325039446534773
PCT,lstm,valid,0.4838709677419355,0.4838709677419355,0.4838709677419355,0.4838709677419355
PCT,svm,train,0.8695652173913043,0.8965517241379309,0.8695652173913043,0.8673076923076924
PCT,svm,valid,0.5806451612903226,0.435483870967742,0.5806451612903226,0.4976958525345622
PCT,transformer,train,0.8695652173913043,0.8965517241379309,0.8695652173913043,0.8673076923076924
PCT,transformer,valid,0.5806451612903226,0.435483870967742,0.5806451612903226,0.4976958525345622
PDC,logistic_regression,train,0.66,0.6642036124794746,0.66,0.6578099838969405
PDC,logistic_regression,valid,0.8709677419354839,1.0,0.8709677419354839,0.9310344827586208
PDC,lstm,train,0.85,0.851264552388599,0.85,0.8498648783905515
PDC,lstm,valid,0.6774193548387096,1.0,0.6774193548387096,0.8076923076923077
PDC,svm,train,0.72,0.7728174603174603,0.72,0.7057587221521647
PDC,svm,valid,0.935483870967742,1.0,0.935483870967742,0.9666666666666668
PDC,transformer,train,0.71,0.7549781447304517,0.71,0.6966209854587301
PDC,transformer,valid,1.0,1.0,1.0,1.0
PDN,lstm,train,1.0,1.0,1.0,1.0
PDN,lstm,valid,1.0,1.0,1.0,1.0
PDN,transformer,train,1.0,1.0,1.0,1.0
PDN,transformer,valid,1.0,1.0,1.0,1.0
PDR,logistic_regression,train,0.8625,0.8682539682539682,0.8625,0.8619607843137256
PDR,logistic_regression,valid,0.9032258064516128,0.9193548387096774,0.9032258064516128,0.9026190716958236
PDR,lstm,train,0.8375,0.839409176618479,0.8375,0.8372711625723674
PDR,lstm,valid,0.9032258064516128,0.9193548387096774,0.9032258064516128,0.9026190716958236
PDR,svm,train,0.8375,0.8428571428571429,0.8375,0.836862745098039
PDR,svm,valid,0.6451612903225806,0.7897252090800477,0.6451612903225806,0.5878311683183954
PDR,transformer,train,0.825,0.825,0.825,0.825
PDR,transformer,valid,0.935483870967742,0.9430740037950665,0.935483870967742,0.9353494623655914
PEC,logistic_regression,train,0.7589285714285714,0.7596738087623921,0.7589285714285714,0.7587554846429996
PEC,logistic_regression,valid,0.4838709677419355,0.7709677419354839,0.4838709677419355,0.5649769585253457
PEC,lstm,train,0.7678571428571429,0.7678571428571429,0.7678571428571429,0.7678571428571429
PEC,lstm,valid,0.4193548387096774,0.7513096222773642,0.4193548387096774,0.5024926686217009
PEC,svm,train,0.9375,0.94101575056252,0.9375,0.9373751897116384
PEC,svm,valid,0.1290322580645161,0.0166493236212278,0.1290322580645161,0.0294930875576036
PEC,transformer,train,0.6964285714285714,0.7095238095238096,0.6964285714285714,0.691609977324263
PEC,transformer,valid,0.4838709677419355,0.7709677419354839,0.4838709677419355,0.5649769585253457
PET,logistic_regression,train,0.8653846153846154,0.879416282642089,0.8653846153846154,0.8641284061216872
PET,logistic_regression,valid,0.4838709677419355,0.5608375778155064,0.4838709677419355,0.4881720430107527
PET,lstm,train,0.8461538461538461,0.8594470046082948,0.8461538461538461,0.8447181784247854
PET,lstm,valid,0.3548387096774194,0.4305750350631136,0.3548387096774194,0.3304418541610192
PET,svm,train,0.8942307692307693,0.9126984126984126,0.8942307692307693,0.8930341280972416
PET,svm,valid,0.6129032258064516,0.749615975422427,0.6129032258064516,0.6088709677419355
PET,transformer,train,0.7884615384615384,0.7954545454545454,0.7884615384615384,0.7872023809523809
PET,transformer,valid,0.8064516129032258,0.8149001536098309,0.8064516129032258,0.793743890518084
PFL,logistic_regression,train,0.9222222222222224,0.9275,0.9222222222222224,0.9219814241486068
PFL,logistic_regression,valid,0.6774193548387096,0.7700879765395895,0.6774193548387096,0.6747311827956989
PFL,lstm,train,0.9222222222222224,0.9275,0.9222222222222224,0.9219814241486068
PFL,lstm,valid,0.967741935483871,0.9702233250620348,0.967741935483871,0.967951176983435
PFL,svm,train,0.9111111111111112,0.9185520361990952,0.9111111111111112,0.9107142857142858
PFL,svm,valid,0.6129032258064516,0.3756503642039542,0.6129032258064516,0.4658064516129032
PFL,transformer,train,0.9222222222222224,0.9275,0.9222222222222224,0.9219814241486068
PFL,transformer,valid,0.935483870967742,0.935483870967742,0.935483870967742,0.935483870967742
PGC,logistic_regression,train,0.85,0.8846153846153847,0.85,0.8465473145780051
PGC,logistic_regression,valid,0.8709677419354839,0.8853372434017596,0.8709677419354839,0.8743471582181259
PGC,lstm,train,0.6,0.6240079365079365,0.6,0.5796553173602353
PGC,lstm,valid,0.5806451612903226,0.6766129032258065,0.5806451612903226,0.5996861377506539
PGC,svm,train,0.93,0.93859649122807,0.93,0.9296553110240175
PGC,svm,valid,0.8387096774193549,0.8963133640552995,0.8387096774193549,0.8459021109792498
PGC,transformer,train,0.82,0.8284072249589491,0.82,0.818840579710145
PGC,transformer,valid,0.7419354838709677,0.8201612903225807,0.7419354838709677,0.7538200339558574
PGD,logistic_regression,train,0.9047619047619048,0.905681818181818,0.9047619047619048,0.9047078842881452
PGD,logistic_regression,valid,1.0,1.0,1.0,1.0
PGD,lstm,train,0.9404761904761904,0.9427350427350428,0.9404761904761904,0.9404001702852278
PGD,lstm,valid,1.0,1.0,1.0,1.0
PGD,svm,train,0.9047619047619048,0.905681818181818,0.9047619047619048,0.9047078842881452
PGD,svm,valid,1.0,1.0,1.0,1.0
PGD,transformer,train,0.9285714285714286,0.9285714285714286,0.9285714285714286,0.9285714285714286
PGD,transformer,valid,1.0,1.0,1.0,1.0
PGI,logistic_regression,train,1.0,1.0,1.0,1.0
PGI,logistic_regression,valid,0.6451612903225806,0.4162330905306972,0.6451612903225806,0.5060088551549652
PGI,lstm,train,1.0,1.0,1.0,1.0
PGI,lstm,valid,0.8709677419354839,0.8725969371130662,0.8709677419354839,0.8675883256528418
PGI,svm,train,1.0,1.0,1.0,1.0
PGI,svm,valid,0.4516129032258064,0.7845622119815667,0.4516129032258064,0.3684683712734204
PGI,transformer,train,0.6764705882352942,0.8035714285714285,0.6764705882352942,0.638647342995169
PGI,transformer,valid,0.7096774193548387,0.799777530589544,0.7096774193548387,0.6358434192535575
PGS,logistic_regression,train,0.8333333333333334,0.8533653846153846,0.8333333333333334,0.8309373202990226
PGS,logistic_regression,valid,0.6451612903225806,0.7854137447405329,0.6451612903225806,0.7084123972169513
PGS,lstm,train,0.988095238095238,0.9883720930232558,0.988095238095238,0.9880935506732812
PGS,lstm,valid,0.7096774193548387,0.7948387096774193,0.7096774193548387,0.7498478393183202
PGS,svm,train,0.9404761904761904,0.946808510638298,0.9404761904761904,0.9402645427392974
PGS,svm,valid,0.9032258064516128,0.8158168574401664,0.9032258064516128,0.8572990705303445
PGS,transformer,train,0.8452380952380952,0.8551020408163265,0.8452380952380952,0.8441558441558441
PGS,transformer,valid,0.3225806451612903,0.6947890818858561,0.3225806451612903,0.4405979543666404
PGT,logistic_regression,train,0.7608695652173914,0.7628571428571427,0.7608695652173914,0.7604166666666667
PGT,logistic_regression,valid,0.2903225806451613,1.0,0.2903225806451613,0.45
PGT,lstm,train,0.6739130434782609,0.7144522144522144,0.6739130434782609,0.6577380952380952
PGT,lstm,valid,0.6129032258064516,1.0,0.6129032258064516,0.76
PGT,svm,train,0.8913043478260869,0.9107142857142856,0.8913043478260869,0.8900047824007651
PGT,svm,valid,1.0,1.0,1.0,1.0
PGT,transformer,train,0.7282608695652174,0.7421052631578947,0.7282608695652174,0.7243197890447081
PGT,transformer,valid,0.1612903225806451,1.0,0.1612903225806451,0.2777777777777778
PHC,logistic_regression,train,0.8727272727272727,0.8772164603546336,0.8727272727272727,0.8723474801061007
PHC,logistic_regression,valid,0.8709677419354839,0.8563748079877113,0.8709677419354839,0.8572281959378734
PHC,lstm,train,0.9,0.9166666666666669,0.9,0.898989898989899
PHC,lstm,valid,0.935483870967742,0.935483870967742,0.935483870967742,0.935483870967742
PHC,svm,train,0.9181818181818182,0.9296875,0.9181818181818182,0.9176304185040354
PHC,svm,valid,0.8709677419354839,0.8563748079877113,0.8709677419354839,0.8572281959378734
PHC,transformer,train,0.8909090909090909,0.9042735042735044,0.8909090909090909,0.89
PHC,transformer,valid,0.9032258064516128,0.8975507765830346,0.9032258064516128,0.8987624264556705
PHH,logistic_regression,train,0.7980769230769231,0.817948717948718,0.7980769230769231,0.7948717948717948
PHH,logistic_regression,valid,0.0,0.0,0.0,0.0
PHH,lstm,train,0.7884615384615384,0.8513513513513514,0.7884615384615384,0.778552071234998
PHH,lstm,valid,0.4193548387096774,1.0,0.4193548387096774,0.5909090909090909
PHH,svm,train,0.9423076923076924,0.9429629629629628,0.9423076923076924,0.9422863485016648
PHH,svm,valid,0.0,0.0,0.0,0.0
PHH,transformer,train,0.4423076923076923,0.4419642857142857,0.4423076923076923,0.4414814814814815
PHH,transformer,valid,0.4193548387096774,1.0,0.4193548387096774,0.5909090909090909
PHR,logistic_regression,train,0.958904109589041,0.9194970913867516,0.958904109589041,0.9387872401571032
PHR,logistic_regression,valid,0.8387096774193549,0.7034339229968783,0.8387096774193549,0.7651386530843237
PHR,lstm,train,0.958904109589041,0.9194970913867516,0.958904109589041,0.9387872401571032
PHR,lstm,valid,0.8387096774193549,0.7034339229968783,0.8387096774193549,0.7651386530843237
PHR,svm,train,0.958904109589041,0.9194970913867516,0.958904109589041,0.9387872401571032
PHR,svm,valid,0.8387096774193549,0.7034339229968783,0.8387096774193549,0.7651386530843237
PHR,transformer,train,0.958904109589041,0.9194970913867516,0.958904109589041,0.9387872401571032
PHR,transformer,valid,0.8387096774193549,0.7034339229968783,0.8387096774193549,0.7651386530843237
PID,logistic_regression,train,0.9803921568627452,0.981132075471698,0.9803921568627452,0.9803846153846152
PID,logistic_regression,valid,0.7419354838709677,0.9007444168734492,0.7419354838709677,0.7758227435646791
PID,lstm,train,0.9509803921568628,0.9525462962962964,0.9509803921568628,0.9509379509379507
PID,lstm,valid,0.7419354838709677,0.9007444168734492,0.7419354838709677,0.7758227435646791
PID,svm,train,0.9509803921568628,0.951153846153846,0.9509803921568628,0.9509756800922812
PID,svm,valid,0.6774193548387096,0.8924731182795699,0.6774193548387096,0.7196620583717358
PID,transformer,train,0.9117647058823528,0.9131944444444444,0.9117647058823528,0.9116883116883115
PID,transformer,valid,0.7419354838709677,0.9007444168734492,0.7419354838709677,0.7758227435646791
PIT,logistic_regression,train,0.9886363636363636,0.9888888888888888,0.9886363636363636,0.9886348960351286
PIT,logistic_regression,valid,1.0,1.0,1.0,1.0
PIT,lstm,train,1.0,1.0,1.0,1.0
PIT,lstm,valid,1.0,1.0,1.0,1.0
PIT,svm,train,0.9772727272727272,0.9772727272727272,0.9772727272727272,0.9772727272727272
PIT,svm,valid,1.0,1.0,1.0,1.0
PIT,transformer,train,1.0,1.0,1.0,1.0
PIT,transformer,valid,1.0,1.0,1.0,1.0
PIV,logistic_regression,train,0.863013698630137,0.744792644023269,0.863013698630137,0.7995568090249798
PIV,logistic_regression,valid,0.0,0.0,0.0,0.0
PIV,lstm,train,0.863013698630137,0.744792644023269,0.863013698630137,0.7995568090249798
PIV,lstm,valid,0.0,0.0,0.0,0.0
PIV,svm,train,0.863013698630137,0.744792644023269,0.863013698630137,0.7995568090249798
PIV,svm,valid,0.0,0.0,0.0,0.0
PIV,transformer,train,0.3561643835616438,0.88704638308099,0.3561643835616438,0.3904666023101071
PIV,transformer,valid,1.0,1.0,1.0,1.0
PJC,logistic_regression,train,0.9726027397260274,0.9459560893225746,0.9726027397260274,0.9590943683409436
PJC,logistic_regression,valid,0.0,0.0,0.0,0.0
PJC,lstm,train,0.6986301369863014,0.9547774277830684,0.6986301369863014,0.799498465454001
PJC,lstm,valid,1.0,1.0,1.0,1.0
PJC,svm,train,0.9726027397260274,0.9459560893225746,0.9726027397260274,0.9590943683409436
PJC,svm,valid,0.0,0.0,0.0,0.0
PJC,transformer,train,0.6164383561643836,0.9744292237442924,0.6164383561643836,0.7371425138187936
PJC,transformer,valid,0.2580645161290322,1.0,0.2580645161290322,0.4102564102564102
PJS,logistic_regression,train,0.9897959183673468,0.99,0.9897959183673468,0.9897948557742372
PJS,logistic_regression,valid,0.7419354838709677,0.8606451612903225,0.7419354838709677,0.7968936678614098
PJS,lstm,train,0.9897959183673468,0.99,0.9897959183673468,0.9897948557742372
PJS,lstm,valid,0.935483870967742,0.8751300728407908,0.935483870967742,0.9043010752688172
PJS,svm,train,0.9897959183673468,0.99,0.9897959183673468,0.9897948557742372
PJS,svm,valid,0.935483870967742,0.8751300728407908,0.935483870967742,0.9043010752688172
PJS,transformer,train,0.7653061224489796,0.8402777777777778,0.7653061224489796,0.7516253443526171
PJS,transformer,valid,0.8709677419354839,0.9169653524492234,0.8709677419354839,0.8901689708141322
PJT,logistic_regression,train,0.9178082191780822,0.8423719271908425,0.9178082191780822,0.8784735812133073
PJT,logistic_regression,valid,0.5161290322580645,0.2663891779396461,0.5161290322580645,0.3514070006863418
PJT,lstm,train,0.9178082191780822,0.8423719271908425,0.9178082191780822,0.8784735812133073
PJT,lstm,valid,0.5161290322580645,0.2663891779396461,0.5161290322580645,0.3514070006863418
PJT,svm,train,0.8904109589041096,0.9530332681017613,0.8904109589041096,0.9088497499456404
PJT,svm,valid,0.6774193548387096,0.7373271889400921,0.6774193548387096,0.6510263929618768
PJT,transformer,train,0.5205479452054794,0.7926525529265256,0.5205479452054794,0.6284092311489572
PJT,transformer,valid,0.2903225806451613,0.2903225806451613,0.2903225806451613,0.2903225806451613
PLC,logistic_regression,train,0.9736842105263158,0.975,0.9736842105263158,0.9736659736659736
PLC,logistic_regression,valid,0.5806451612903226,0.7520527859237537,0.5806451612903226,0.6472660718371083
PLC,lstm,train,0.9736842105263158,0.975,0.9736842105263158,0.9736659736659736
PLC,lstm,valid,0.6129032258064516,0.7594470046082948,0.6129032258064516,0.6716589861751152
PLC,svm,train,0.9736842105263158,0.975,0.9736842105263158,0.9736659736659736
PLC,svm,valid,0.4838709677419355,0.7709677419354839,0.4838709677419355,0.5649769585253457
PLC,transformer,train,0.8552631578947368,0.8877551020408164,0.8552631578947368,0.8521662245800176
PLC,transformer,valid,0.3548387096774194,0.7255131964809385,0.3548387096774194,0.4340690435766836
PMC,logistic_regression,train,0.8981481481481481,0.9153846153846154,0.8981481481481481,0.8970804816772069
PMC,logistic_regression,valid,0.3548387096774194,0.8870967741935484,0.3548387096774194,0.5069124423963134
PMC,lstm,train,0.5,0.25,0.5,0.3333333333333333
PMC,lstm,valid,0.064516129032258,0.9688172043010752,0.064516129032258,0.064516129032258
PMC,svm,train,0.9629629629629628,0.9655172413793104,0.9629629629629628,0.9629120879120878
PMC,svm,valid,0.2580645161290322,0.8602150537634408,0.2580645161290322,0.3970223325062034
PMC,transformer,train,0.6481481481481481,0.6534090909090908,0.6481481481481481,0.6451054998270495
PMC,transformer,valid,0.032258064516129,0.0010405827263267,0.032258064516129,0.002016129032258
PMS,logistic_regression,train,0.9125,0.919047619047619,0.9125,0.912156862745098
PMS,logistic_regression,valid,0.5161290322580645,0.8185483870967742,0.5161290322580645,0.500960663363333
PMS,lstm,train,0.8,0.8296703296703297,0.8,0.7953964194373401
PMS,lstm,valid,0.5806451612903226,0.8284457478005866,0.5806451612903226,0.5806451612903226
PMS,svm,train,0.875,0.9,0.875,0.8730158730158731
PMS,svm,valid,0.5806451612903226,0.8284457478005866,0.5806451612903226,0.5806451612903226
PMS,transformer,train,0.7375,0.7569303583502367,0.7375,0.7324414715719063
PMS,transformer,valid,0.5806451612903226,0.8284457478005866,0.5806451612903226,0.5806451612903226
PMT,logistic_regression,train,1.0,1.0,1.0,1.0
PMT,logistic_regression,valid,1.0,1.0,1.0,1.0
PMT,lstm,train,1.0,1.0,1.0,1.0
PMT,lstm,valid,1.0,1.0,1.0,1.0
PMT,svm,train,1.0,1.0,1.0,1.0
PMT,svm,valid,1.0,1.0,1.0,1.0
PMT,transformer,train,1.0,1.0,1.0,1.0
PMT,transformer,valid,1.0,1.0,1.0,1.0
PNC,logistic_regression,train,0.9565217391304348,0.96,0.9565217391304348,0.956439393939394
PNC,logistic_regression,valid,0.9032258064516128,1.0,0.9032258064516128,0.9491525423728814
PNC,lstm,train,0.9456521739130436,0.9509803921568628,0.9456521739130436,0.9454911719398033
PNC,lstm,valid,0.8709677419354839,1.0,0.8709677419354839,0.9310344827586208
PNC,svm,train,0.9456521739130436,0.9475557664926436,0.9456521739130436,0.9455943228858664
PNC,svm,valid,0.8064516129032258,1.0,0.8064516129032258,0.8928571428571429
PNC,transformer,train,0.8043478260869565,0.859375,0.8043478260869565,0.7965601965601965
PNC,transformer,valid,0.2903225806451613,1.0,0.2903225806451613,0.45
PNJ,logistic_regression,train,0.9726027397260274,0.9459560893225746,0.9726027397260274,0.9590943683409436
PNJ,logistic_regression,valid,0.3548387096774194,0.1259105098855359,0.3548387096774194,0.1858678955453149
PNJ,lstm,train,0.9726027397260274,0.9459560893225746,0.9726027397260274,0.9590943683409436
PNJ,lstm,valid,0.1935483870967742,0.2372311827956989,0.1935483870967742,0.210616146100017
PNJ,svm,train,0.9726027397260274,0.9459560893225746,0.9726027397260274,0.9590943683409436
PNJ,svm,valid,0.3548387096774194,0.1259105098855359,0.3548387096774194,0.1858678955453149
PNJ,transformer,train,0.9452054794520548,0.9452054794520548,0.9452054794520548,0.9452054794520548
PNJ,transformer,valid,0.4193548387096774,0.7797552836484983,0.4193548387096774,0.3124633431085044
POM,logistic_regression,train,0.8220338983050848,0.8228686635944701,0.8220338983050848,0.8219187926697809
POM,logistic_regression,valid,0.5806451612903226,0.6676570458404074,0.5806451612903226,0.6114423342677775
POM,lstm,train,0.864406779661017,0.8861491628614916,0.864406779661017,0.8624708624708626
POM,lstm,valid,0.7096774193548387,0.6586021505376345,0.7096774193548387,0.6786268759703296
POM,svm,train,0.8389830508474576,0.8470588235294118,0.8389830508474576,0.8380408870909486
POM,svm,valid,0.6129032258064516,0.6809384164222875,0.6129032258064516,0.638318670576735
POM,transformer,train,0.5084745762711864,0.5085631349782292,0.5084745762711864,0.5072004608294931
POM,transformer,valid,0.5806451612903226,0.6004558204768584,0.5806451612903226,0.5901624342255778
POT,logistic_regression,train,0.9069767441860463,0.9215686274509804,0.9069767441860463,0.906164757228587
POT,logistic_regression,valid,0.935483870967742,0.8751300728407908,0.935483870967742,0.9043010752688172
POT,lstm,train,0.9534883720930232,0.9574468085106382,0.9534883720930232,0.9533875338753386
POT,lstm,valid,1.0,1.0,1.0,1.0
POT,svm,train,0.8953488372093024,0.906111111111111,0.8953488372093024,0.8946508779093506
POT,svm,valid,0.935483870967742,0.8751300728407908,0.935483870967742,0.9043010752688172
POT,transformer,train,0.9186046511627908,0.924342105263158,0.9186046511627908,0.9183285849952516
POT,transformer,valid,1.0,1.0,1.0,1.0
POV,logistic_regression,train,0.9897959183673468,0.99,0.9897959183673468,0.9897948557742372
POV,logistic_regression,valid,0.9032258064516128,0.8158168574401664,0.9032258064516128,0.8572990705303445
POV,lstm,train,0.9897959183673468,0.99,0.9897959183673468,0.9897948557742372
POV,lstm,valid,0.9032258064516128,0.8158168574401664,0.9032258064516128,0.8572990705303445
POV,svm,train,0.9897959183673468,0.99,0.9897959183673468,0.9897948557742372
POV,svm,valid,0.9032258064516128,0.8158168574401664,0.9032258064516128,0.8572990705303445
POV,transformer,train,0.9693877551020408,0.971153846153846,0.9693877551020408,0.9693590411672746
POV,transformer,valid,0.9032258064516128,0.8158168574401664,0.9032258064516128,0.8572990705303445
PPC,logistic_regression,train,0.8289473684210527,0.8310104529616724,0.8289473684210527,0.8286804230969308
PPC,logistic_regression,valid,0.1935483870967742,0.0374609781477627,0.1935483870967742,0.062772449869224
PPC,lstm,train,0.631578947368421,0.6979166666666667,0.631578947368421,0.5978835978835978
PPC,lstm,valid,0.1935483870967742,0.0374609781477627,0.1935483870967742,0.062772449869224
PPC,svm,train,0.868421052631579,0.868421052631579,0.868421052631579,0.868421052631579
PPC,svm,valid,0.1935483870967742,0.0374609781477627,0.1935483870967742,0.062772449869224
PPC,transformer,train,0.3947368421052631,0.3642857142857142,0.3947368421052631,0.3587674247982391
PPC,transformer,valid,0.8064516129032258,0.6503642039542143,0.8064516129032258,0.7200460829493088
PPE,logistic_regression,train,0.972972972972973,0.9743589743589745,0.972972972972973,0.9729532163742688
PPE,logistic_regression,valid,0.3870967741935484,1.0,0.3870967741935484,0.5581395348837209
PPE,lstm,train,0.5,0.25,0.5,0.3333333333333333
PPE,lstm,valid,1.0,1.0,1.0,1.0
PPE,svm,train,0.9594594594594594,0.9625,0.9594594594594594,0.9593927199561002
PPE,svm,valid,0.064516129032258,1.0,0.064516129032258,0.1212121212121212
PPE,transformer,train,0.7567567567567568,0.8363636363636363,0.7567567567567568,0.7414596273291926
PPE,transformer,valid,0.5483870967741935,1.0,0.5483870967741935,0.7083333333333334
PPI,logistic_regression,train,0.9041095890410958,0.8174141489960592,0.9041095890410958,0.8585788903124076
PPI,logistic_regression,valid,1.0,1.0,1.0,1.0
PPI,lstm,train,1.0,1.0,1.0,1.0
PPI,lstm,valid,1.0,1.0,1.0,1.0
PPI,svm,train,0.9863013698630136,0.988013698630137,0.9863013698630136,0.9867057060197288
PPI,svm,valid,1.0,1.0,1.0,1.0
PPI,transformer,train,0.9863013698630136,0.988013698630137,0.9863013698630136,0.9867057060197288
PPI,transformer,valid,1.0,1.0,1.0,1.0
PPP,logistic_regression,train,0.6547619047619048,0.6622103386809269,0.6547619047619048,0.650752688172043
PPP,logistic_regression,valid,0.5161290322580645,0.2663891779396461,0.5161290322580645,0.3514070006863418
PPP,lstm,train,0.5,0.25,0.5,0.3333333333333333
PPP,lstm,valid,0.5161290322580645,0.2663891779396461,0.5161290322580645,0.3514070006863418
PPP,svm,train,0.7261904761904762,0.7501567398119122,0.7261904761904762,0.7194714679831566
PPP,svm,valid,0.5161290322580645,0.2663891779396461,0.5161290322580645,0.3514070006863418
PPP,transformer,train,0.75,0.7684114424832623,0.75,0.7456380677721702
PPP,transformer,valid,0.5161290322580645,0.2663891779396461,0.5161290322580645,0.3514070006863418
PPS,logistic_regression,train,0.9324324324324323,0.932748538011696,0.9324324324324323,0.9324200913242008
PPS,logistic_regression,valid,0.3225806451612903,0.2064516129032258,0.3225806451612903,0.2517702596380802
PPS,lstm,train,0.9324324324324323,0.9352941176470588,0.9324324324324323,0.9323211999268336
PPS,lstm,valid,0.4193548387096774,0.4204391433992952,0.4193548387096774,0.4181451612903226
PPS,svm,train,0.8648648648648649,0.8936170212765957,0.8648648648648649,0.8623511904761905
PPS,svm,valid,0.5161290322580645,0.2663891779396461,0.5161290322580645,0.3514070006863418
PPS,transformer,train,0.7567567567567568,0.7597930524759793,0.7567567567567568,0.756043956043956
PPS,transformer,valid,0.2903225806451613,0.1935483870967742,0.2903225806451613,0.232258064516129
PRC,logistic_regression,train,0.8,0.800751879699248,0.8,0.7998749218261413
PRC,logistic_regression,valid,0.6774193548387096,0.9078341013824884,0.6774193548387096,0.7303681981101336
PRC,lstm,train,0.875,0.9,0.875,0.8730158730158731
PRC,lstm,valid,0.5806451612903226,0.7520527859237537,0.5806451612903226,0.6472660718371083
PRC,svm,train,0.775,0.7756892230576441,0.775,0.7748592870544091
PRC,svm,valid,0.6129032258064516,0.8007923033389928,0.6129032258064516,0.6760168302945301
PRC,transformer,train,0.5625,0.564474532559639,0.5625,0.5591245473153834
PRC,transformer,valid,0.7741935483870968,0.7465437788018433,0.7741935483870968,0.7601173020527859
PSC,logistic_regression,train,0.8904109589041096,0.792831675736536,0.8904109589041096,0.8387929323009728
PSC,logistic_regression,valid,0.2580645161290322,0.0665972944849115,0.2580645161290322,0.1058726220016542
PSC,lstm,train,0.8904109589041096,0.792831675736536,0.8904109589041096,0.8387929323009728
PSC,lstm,valid,0.2580645161290322,0.0665972944849115,0.2580645161290322,0.1058726220016542
PSC,svm,train,0.8904109589041096,0.792831675736536,0.8904109589041096,0.8387929323009728
PSC,svm,valid,0.2580645161290322,0.0665972944849115,0.2580645161290322,0.1058726220016542
PSC,transformer,train,0.8767123287671232,0.791476407914764,0.8767123287671232,0.831916808319168
PSC,transformer,valid,0.2580645161290322,0.0665972944849115,0.2580645161290322,0.1058726220016542
PSG,logistic_regression,train,0.967741935483871,0.9696969696969696,0.967741935483871,0.9677083333333334
PSG,logistic_regression,valid,0.967741935483871,0.9717741935483872,0.967741935483871,0.9684740334019676
PSG,lstm,train,1.0,1.0,1.0,1.0
PSG,lstm,valid,0.9032258064516128,0.932258064516129,0.9032258064516128,0.90853889943074
PSG,svm,train,1.0,1.0,1.0,1.0
PSG,svm,valid,0.5806451612903226,0.8532258064516128,0.5806451612903226,0.603720771462707
PSG,transformer,train,0.967741935483871,0.9696969696969696,0.967741935483871,0.9677083333333334
PSG,transformer,valid,0.8387096774193549,0.9059139784946236,0.8387096774193549,0.8505547439491453
PSI,logistic_regression,train,0.8648648648648649,0.8747186796699175,0.8648648648648649,0.8639705882352942
PSI,logistic_regression,valid,0.6774193548387096,1.0,0.6774193548387096,0.8076923076923077
PSI,lstm,train,0.9864864864864864,0.986842105263158,0.9864864864864864,0.9864840182648404
PSI,lstm,valid,0.9032258064516128,1.0,0.9032258064516128,0.9491525423728814
PSI,svm,train,0.9324324324324323,0.9404761904761906,0.9324324324324323,0.932122546321776
PSI,svm,valid,1.0,1.0,1.0,1.0
PSI,transformer,train,0.8918918918918919,0.9024756189047262,0.8918918918918919,0.8911764705882353
PSI,transformer,valid,0.9032258064516128,1.0,0.9032258064516128,0.9491525423728814
PSL,logistic_regression,train,1.0,1.0,1.0,1.0
PSL,logistic_regression,valid,0.935483870967742,1.0,0.935483870967742,0.9666666666666668
PSL,lstm,train,1.0,1.0,1.0,1.0
PSL,lstm,valid,1.0,1.0,1.0,1.0
PSL,svm,train,1.0,1.0,1.0,1.0
PSL,svm,valid,0.7096774193548387,1.0,0.7096774193548387,0.8301886792452831
PSL,transformer,train,1.0,1.0,1.0,1.0
PSL,transformer,valid,1.0,1.0,1.0,1.0
PSP,logistic_regression,train,0.9041095890410958,0.8174141489960592,0.9041095890410958,0.8585788903124076
PSP,logistic_regression,valid,0.4193548387096774,0.1758584807492196,0.4193548387096774,0.2478005865102639
PSP,lstm,train,0.9315068493150684,0.9363303106309088,0.9315068493150684,0.9137308491373084
PSP,lstm,valid,0.5806451612903226,0.5967741935483871,0.5806451612903226,0.5832743452320761
PSP,svm,train,0.0958904109589041,0.0091949709138675,0.0958904109589041,0.0167808219178082
PSP,svm,valid,0.5806451612903226,0.3371488033298647,0.5806451612903226,0.4265964450296248
PSP,transformer,train,0.9041095890410958,0.8865396069088743,0.9041095890410958,0.8920990729209908
PSP,transformer,valid,0.3225806451612903,0.339812517231872,0.3225806451612903,0.3225806451612903
PTB,logistic_regression,train,0.9545454545454546,0.9554865424430642,0.9545454545454546,0.9545219638242894
PTB,logistic_regression,valid,0.7419354838709677,0.5504682622268471,0.7419354838709677,0.6320191158900836
PTB,lstm,train,0.8636363636363636,0.8705263157894737,0.8636363636363636,0.8629994810586403
PTB,lstm,valid,0.7419354838709677,0.5504682622268471,0.7419354838709677,0.6320191158900836
PTB,svm,train,0.9204545454545454,0.9224182667358588,0.9204545454545454,0.9203619909502262
PTB,svm,valid,0.7419354838709677,0.5504682622268471,0.7419354838709677,0.6320191158900836
PTB,transformer,train,0.8295454545454546,0.838102808691044,0.8295454545454546,0.8284600389863548
PTB,transformer,valid,0.7419354838709677,0.5504682622268471,0.7419354838709677,0.6320191158900836
PTC,logistic_regression,train,0.9743589743589745,0.975609756097561,0.9743589743589745,0.9743421052631578
PTC,logistic_regression,valid,0.8709677419354839,0.8895405669599219,0.8709677419354839,0.876227208976157
PTC,lstm,train,0.9743589743589745,0.975609756097561,0.9743589743589745,0.9743421052631578
PTC,lstm,valid,0.8387096774193549,0.8480014025245441,0.8387096774193549,0.8423701670098375
PTC,svm,train,0.9743589743589745,0.975609756097561,0.9743589743589745,0.9743421052631578
PTC,svm,valid,0.9032258064516128,0.9004301075268818,0.9032258064516128,0.9004912138552692
PTC,transformer,train,0.9615384615384616,0.9618421052631578,0.9615384615384616,0.9615321387473288
PTC,transformer,valid,0.7741935483870968,0.8463497453310695,0.7741935483870968,0.7907766415288032
PTD,logistic_regression,train,0.9891304347826086,0.9893617021276596,0.9891304347826086,0.989129150419473
PTD,logistic_regression,valid,1.0,1.0,1.0,1.0
PTD,lstm,train,1.0,1.0,1.0,1.0
PTD,lstm,valid,1.0,1.0,1.0,1.0
PTD,svm,train,0.9891304347826086,0.9893617021276596,0.9891304347826086,0.989129150419473
PTD,svm,valid,1.0,1.0,1.0,1.0
PTD,transformer,train,1.0,1.0,1.0,1.0
PTD,transformer,valid,1.0,1.0,1.0,1.0
PTG,logistic_regression,train,0.9574468085106383,0.9607843137254902,0.9574468085106383,0.9573696145124716
PTG,logistic_regression,valid,0.7096774193548387,0.8341013824884793,0.7096774193548387,0.7042168065527354
PTG,lstm,train,0.776595744680851,0.7871240601503758,0.776595744680851,0.7745288406624786
PTG,lstm,valid,0.4516129032258064,0.3300248138957816,0.4516129032258064,0.3813620071684588
PTG,svm,train,0.9574468085106383,0.9607843137254902,0.9574468085106383,0.9573696145124716
PTG,svm,valid,0.6451612903225806,0.6661290322580645,0.6451612903225806,0.6496671786994368
PTG,transformer,train,0.6914893617021277,0.7073529411764705,0.6914893617021277,0.6854736356293989
PTG,transformer,valid,0.5806451612903226,0.3677419354838709,0.5806451612903226,0.4502962475312705
PTH,logistic_regression,train,0.8023255813953488,0.8024891774891775,0.8023255813953488,0.8022988505747127
PTH,logistic_regression,valid,1.0,1.0,1.0,1.0
PTH,lstm,train,0.5232558139534884,0.7559523809523809,0.5232558139534884,0.3830271216097988
PTH,lstm,valid,1.0,1.0,1.0,1.0
PTH,svm,train,0.872093023255814,0.8722943722943723,0.872093023255814,0.872075726842461
PTH,svm,valid,1.0,1.0,1.0,1.0
PTH,transformer,train,0.9418604651162792,0.9440217391304347,0.9418604651162792,0.9417896304318398
PTH,transformer,valid,1.0,1.0,1.0,1.0
PTI,logistic_regression,train,0.8854166666666666,0.9067796610169492,0.8854166666666666,0.8838922484881803
PTI,logistic_regression,valid,0.5161290322580645,0.2663891779396461,0.5161290322580645,0.3514070006863418
PTI,lstm,train,1.0,1.0,1.0,1.0
PTI,lstm,valid,1.0,1.0,1.0,1.0
PTI,svm,train,1.0,1.0,1.0,1.0
PTI,svm,valid,0.8387096774193549,0.8790322580645161,0.8387096774193549,0.8352961256187063
PTI,transformer,train,1.0,1.0,1.0,1.0
PTI,transformer,valid,0.935483870967742,0.9430740037950665,0.935483870967742,0.9353494623655914
PTL,lstm,train,1.0,1.0,1.0,1.0
PTL,lstm,valid,1.0,1.0,1.0,1.0
PTL,transformer,train,1.0,1.0,1.0,1.0
PTL,transformer,valid,1.0,1.0,1.0,1.0
PTP,logistic_regression,train,0.8934426229508197,0.912162162162162,0.8934426229508197,0.8922188243289162
PTP,logistic_regression,valid,0.9032258064516128,0.8158168574401664,0.9032258064516128,0.8572990705303445
PTP,lstm,train,0.8934426229508197,0.912162162162162,0.8934426229508197,0.8922188243289162
PTP,lstm,valid,0.9032258064516128,0.8158168574401664,0.9032258064516128,0.8572990705303445
PTP,svm,train,0.9590163934426228,0.962121212121212,0.9590163934426228,0.9589474392624
PTP,svm,valid,0.0967741935483871,0.0093652445369406,0.0967741935483871,0.01707779886148
PTP,transformer,train,0.9098360655737704,0.9236111111111112,0.9098360655737704,0.909097066991804
PTP,transformer,valid,0.9032258064516128,0.8158168574401664,0.9032258064516128,0.8572990705303445
PTS,logistic_regression,train,0.8,0.800751879699248,0.8,0.7998749218261413
PTS,logistic_regression,valid,0.7419354838709677,0.5504682622268471,0.7419354838709677,0.6320191158900836
PTS,lstm,train,0.7125,0.8174603174603174,0.7125,0.6865951285981945
PTS,lstm,valid,0.1612903225806451,0.0460829493087557,0.1612903225806451,0.07168458781362
PTS,svm,train,0.9,0.9040404040404042,0.9,0.8997493734335841
PTS,svm,valid,0.7419354838709677,0.6918798665183536,0.7419354838709677,0.6794044665012406
PTS,transformer,train,0.6625,0.6634192331866751,0.6625,0.6620247222656861
PTS,transformer,valid,0.2580645161290322,0.0665972944849115,0.2580645161290322,0.1058726220016542
PTT,logistic_regression,train,0.9166666666666666,0.9285714285714284,0.9166666666666666,0.916083916083916
PTT,logistic_regression,valid,1.0,1.0,1.0,1.0
PTT,lstm,train,1.0,1.0,1.0,1.0
PTT,lstm,valid,1.0,1.0,1.0,1.0
PTT,svm,train,1.0,1.0,1.0,1.0
PTT,svm,valid,1.0,1.0,1.0,1.0
PTT,transformer,train,1.0,1.0,1.0,1.0
PTT,transformer,valid,1.0,1.0,1.0,1.0
PV2,logistic_regression,train,0.9083333333333332,0.9177323103154306,0.9083333333333332,0.907814791535722
PV2,logistic_regression,valid,0.4516129032258064,0.5258064516129032,0.4516129032258064,0.3880317905563347
PV2,lstm,train,0.8416666666666667,0.879746835443038,0.8416666666666667,0.8375952703183988
PV2,lstm,valid,0.8064516129032258,0.8064516129032258,0.8064516129032258,0.8064516129032258
PV2,svm,train,0.9,0.9114285714285714,0.9,0.8993006993006993
PV2,svm,valid,0.3870967741935484,0.1677419354838709,0.3870967741935484,0.2340585146286571
PV2,transformer,train,0.8166666666666667,0.8658536585365854,0.8166666666666667,0.8102903133084218
PV2,transformer,valid,0.6451612903225806,0.7057184750733139,0.6451612903225806,0.6399703374119392
PVA,logistic_regression,train,0.7051282051282052,0.7307692307692307,0.7051282051282052,0.6967032967032967
PVA,logistic_regression,valid,0.935483870967742,0.9404466501240696,0.935483870967742,0.9313978494623656
PVA,lstm,train,0.8461538461538461,0.8461538461538461,0.8461538461538461,0.8461538461538461
PVA,lstm,valid,0.7096774193548387,0.5873192436040043,0.7096774193548387,0.642726719415703
PVA,svm,train,0.7307692307692307,0.825,0.7307692307692307,0.7097288676236044
PVA,svm,valid,0.7741935483870968,0.5993756503642039,0.7741935483870968,0.6756598240469208
PVA,transformer,train,0.717948717948718,0.7332864180154821,0.717948717948718,0.7132352941176471
PVA,transformer,valid,0.935483870967742,0.9404466501240696,0.935483870967742,0.9313978494623656
PVC,logistic_regression,train,0.9726027397260274,0.9459560893225746,0.9726027397260274,0.9590943683409436
PVC,logistic_regression,valid,0.4516129032258064,0.2039542143600416,0.4516129032258064,0.2810035842293907
PVC,lstm,train,0.5205479452054794,0.923972602739726,0.5205479452054794,0.6659262001727756
PVC,lstm,valid,0.1290322580645161,0.1314719436161561,0.1290322580645161,0.1290322580645161
PVC,svm,train,0.9726027397260274,0.9459560893225746,0.9726027397260274,0.9590943683409436
PVC,svm,valid,0.4516129032258064,0.2039542143600416,0.4516129032258064,0.2810035842293907
PVC,transformer,train,0.821917808219178,0.9762557077625572,0.821917808219178,0.8810349243233452
PVC,transformer,valid,0.8387096774193549,0.8545676335050149,0.8387096774193549,0.8387096774193549
PVD,logistic_regression,train,0.9333333333333332,0.9411764705882352,0.9333333333333332,0.9330357142857144
PVD,logistic_regression,valid,0.7096774193548387,0.6989247311827956,0.7096774193548387,0.65225097483162
PVD,lstm,train,0.8833333333333333,0.9054054054054054,0.8833333333333333,0.8817234581807942
PVD,lstm,valid,0.6774193548387096,0.6379928315412187,0.6774193548387096,0.6284562211981567
PVD,svm,train,0.9333333333333332,0.9338153503893216,0.9333333333333332,0.9333148096693524
PVD,svm,valid,0.3548387096774194,0.7849462365591398,0.3548387096774194,0.2228739002932551
PVD,transformer,train,0.8833333333333333,0.9054054054054054,0.8833333333333333,0.8817234581807942
PVD,transformer,valid,0.6774193548387096,0.4588969823100936,0.6774193548387096,0.5471464019851118
PVE,logistic_regression,train,0.9901960784313726,0.9903846153846154,0.9901960784313726,0.9901951360184562
PVE,logistic_regression,valid,1.0,1.0,1.0,1.0
PVE,lstm,train,1.0,1.0,1.0,1.0
PVE,lstm,valid,1.0,1.0,1.0,1.0
PVE,svm,train,0.9901960784313726,0.9903846153846154,0.9901960784313726,0.9901951360184562
PVE,svm,valid,1.0,1.0,1.0,1.0
PVE,transformer,train,0.9901960784313726,0.9903846153846154,0.9901960784313726,0.9901951360184562
PVE,transformer,valid,1.0,1.0,1.0,1.0
PVG,logistic_regression,train,0.6052631578947368,0.6130952380952381,0.6052631578947368,0.5983086680761099
PVG,logistic_regression,valid,0.7741935483870968,0.8870967741935484,0.7741935483870968,0.7925517964857068
PVG,lstm,train,0.9473684210526316,0.948611111111111,0.9473684210526316,0.9473319473319473
PVG,lstm,valid,0.8064516129032258,0.8957816377171216,0.8064516129032258,0.8216589861751151
PVG,svm,train,0.8289473684210527,0.8310104529616724,0.8289473684210527,0.8286804230969308
PVG,svm,valid,0.7741935483870968,0.8870967741935484,0.7741935483870968,0.7925517964857068
PVG,transformer,train,0.5921052631578947,0.6005291005291005,0.5921052631578947,0.5833775419982317
PVG,transformer,valid,0.5483870967741935,0.7809847198641765,0.5483870967741935,0.5773366418527709
PVI,logistic_regression,train,0.8303571428571429,0.8313079629037416,0.8303571428571429,0.8302353410450739
PVI,logistic_regression,valid,0.8709677419354839,0.8934081346423562,0.8709677419354839,0.8642089093701997
PVI,lstm,train,0.5,0.25,0.5,0.3333333333333333
PVI,lstm,valid,0.6129032258064516,0.3756503642039542,0.6129032258064516,0.4658064516129032
PVI,svm,train,0.8839285714285714,0.9057971014492754,0.8839285714285714,0.8823434343434344
PVI,svm,valid,0.967741935483871,0.9693548387096774,0.967741935483871,0.9674542381414752
PVI,transformer,train,0.875,0.9000000000000001,0.875,0.8730158730158729
PVI,transformer,valid,0.9032258064516128,0.9164222873900294,0.9032258064516128,0.89985388333146
PVL,logistic_regression,train,0.9315068493150684,0.8677050103208857,0.9315068493150684,0.8984746915379382
PVL,logistic_regression,valid,0.935483870967742,0.8751300728407908,0.935483870967742,0.9043010752688172
PVL,lstm,train,0.9315068493150684,0.8677050103208857,0.9315068493150684,0.8984746915379382
PVL,lstm,valid,0.935483870967742,0.8751300728407908,0.935483870967742,0.9043010752688172
PVL,svm,train,0.9315068493150684,0.8677050103208857,0.9315068493150684,0.8984746915379382
PVL,svm,valid,0.935483870967742,0.8751300728407908,0.935483870967742,0.9043010752688172
PVL,transformer,train,0.9315068493150684,0.8677050103208857,0.9315068493150684,0.8984746915379382
PVL,transformer,valid,0.935483870967742,0.8751300728407908,0.935483870967742,0.9043010752688172
PVR,logistic_regression,train,0.8974358974358975,0.8984838497033619,0.8974358974358975,0.8973684210526315
PVR,logistic_regression,valid,0.2580645161290322,0.0665972944849115,0.2580645161290322,0.1058726220016542
PVR,lstm,train,0.5,0.25,0.5,0.3333333333333333
PVR,lstm,valid,0.7419354838709677,0.5504682622268471,0.7419354838709677,0.6320191158900836
PVR,svm,train,0.8589743589743589,0.89,0.8589743589743589,0.8561126949522053
PVR,svm,valid,0.2580645161290322,0.0665972944849115,0.2580645161290322,0.1058726220016542
PVR,transformer,train,0.717948717948718,0.7620553359683794,0.717948717948718,0.7055593685655456
PVR,transformer,valid,0.4193548387096774,0.5709953129307969,0.4193548387096774,0.4503722084367246
PVS,logistic_regression,train,0.8170731707317073,0.8172619047619047,0.8170731707317073,0.8170459616242748
PVS,logistic_regression,valid,0.5161290322580645,0.4681259600614439,0.5161290322580645,0.4805938326686935
PVS,lstm,train,0.902439024390244,0.9183673469387756,0.902439024390244,0.9015015015015014
PVS,lstm,valid,0.6129032258064516,0.6650124069478909,0.6129032258064516,0.6153225806451613
PVS,svm,train,0.7926829268292683,0.853448275862069,0.7926829268292683,0.7833721833721834
PVS,svm,valid,0.7741935483870968,0.8195988072648415,0.7741935483870968,0.7765530724373882
PVS,transformer,train,0.4756097560975609,0.4644097222222222,0.4756097560975609,0.4308313155770782
PVS,transformer,valid,0.5483870967741935,0.3592880978865406,0.5483870967741935,0.4341397849462365
PVT,logistic_regression,train,0.971153846153846,0.9713281539030708,0.971153846153846,0.9711511789181692
PVT,logistic_regression,valid,0.7096774193548387,0.5440860215053763,0.7096774193548387,0.6159464394400487
PVT,lstm,train,0.9807692307692308,0.9814814814814816,0.9807692307692308,0.9807621161672216
PVT,lstm,valid,0.7419354838709677,0.5504682622268471,0.7419354838709677,0.6320191158900836
PVT,svm,train,0.9807692307692308,0.9814814814814816,0.9807692307692308,0.9807621161672216
PVT,svm,valid,0.7419354838709677,0.7060931899641577,0.7419354838709677,0.7092473118279571
PVT,transformer,train,0.8653846153846154,0.8703148425787106,0.8653846153846154,0.864935064935065
PVT,transformer,valid,0.7419354838709677,0.5504682622268471,0.7419354838709677,0.6320191158900836
PVV,logistic_regression,train,0.8235294117647058,0.8695652173913042,0.8235294117647058,0.817857142857143
PVV,logistic_regression,valid,0.7741935483870968,0.8028673835125447,0.7741935483870968,0.7882697947214076
PVV,lstm,train,0.9019607843137256,0.918032786885246,0.9019607843137256,0.9010093167701864
PVV,lstm,valid,0.8064516129032258,0.8064516129032258,0.8064516129032258,0.8064516129032258
PVV,svm,train,0.9803921568627452,0.981132075471698,0.9803921568627452,0.9803846153846152
PVV,svm,valid,0.8064516129032258,0.8064516129032258,0.8064516129032258,0.8064516129032258
PVV,transformer,train,0.8137254901960784,0.8642857142857143,0.8137254901960784,0.8070297719804839
PVV,transformer,valid,0.7741935483870968,0.8028673835125447,0.7741935483870968,0.7882697947214076
PVX,logistic_regression,train,0.863013698630137,0.744792644023269,0.863013698630137,0.7995568090249798
PVX,logistic_regression,valid,0.7419354838709677,0.5504682622268471,0.7419354838709677,0.6320191158900836
PVX,lstm,train,0.863013698630137,0.744792644023269,0.863013698630137,0.7995568090249798
PVX,lstm,valid,0.7419354838709677,0.5504682622268471,0.7419354838709677,0.6320191158900836
PVX,svm,train,0.863013698630137,0.744792644023269,0.863013698630137,0.7995568090249798
PVX,svm,valid,0.7419354838709677,0.5504682622268471,0.7419354838709677,0.6320191158900836
PVX,transformer,train,0.863013698630137,0.744792644023269,0.863013698630137,0.7995568090249798
PVX,transformer,valid,0.7419354838709677,0.5504682622268471,0.7419354838709677,0.6320191158900836
PX1,logistic_regression,train,0.75,0.8186991869918698,0.75,0.7357600269632625
PX1,logistic_regression,valid,1.0,1.0,1.0,1.0
PX1,lstm,train,0.875,0.9000000000000001,0.875,0.8730158730158729
PX1,lstm,valid,1.0,1.0,1.0,1.0
PX1,svm,train,0.7410714285714286,0.8294117647058823,0.7410714285714286,0.722464325386653
PX1,svm,valid,1.0,1.0,1.0,1.0
PX1,transformer,train,0.7142857142857143,0.8181818181818181,0.7142857142857143,0.688888888888889
PX1,transformer,valid,1.0,1.0,1.0,1.0
PXA,logistic_regression,train,0.7755102040816326,0.7830551989730423,0.7755102040816326,0.7740041928721173
PXA,logistic_regression,valid,0.032258064516129,0.0010405827263267,0.032258064516129,0.002016129032258
PXA,lstm,train,0.5102040816326531,0.5196787148594377,0.5102040816326531,0.4431818181818182
PXA,lstm,valid,0.9032258064516128,0.9343715239154616,0.9032258064516128,0.9185347184253692
PXA,svm,train,0.7551020408163265,0.7555277430120985,0.7551020408163265,0.7550000000000001
PXA,svm,valid,0.1612903225806451,0.968936678614098,0.1612903225806451,0.2300081322851721
PXA,transformer,train,0.6836734693877551,0.6934210526315789,0.6836734693877551,0.6796372455973848
PXA,transformer,valid,0.4193548387096774,0.969439728353141,0.4193548387096774,0.556221198156682
PXI,logistic_regression,train,0.8478260869565217,0.8732251521298174,0.8478260869565217,0.8451923076923077
PXI,logistic_regression,valid,0.4838709677419355,0.520353302611367,0.4838709677419355,0.4442558007923033
PXI,lstm,train,0.7608695652173914,0.8382352941176471,0.7608695652173914,0.7463659147869675
PXI,lstm,valid,0.4838709677419355,0.7591397849462365,0.4838709677419355,0.3483219289670902
PXI,svm,train,0.9347826086956522,0.9347826086956522,0.9347826086956522,0.9347826086956522
PXI,svm,valid,0.4838709677419355,0.7591397849462365,0.4838709677419355,0.3483219289670902
PXI,transformer,train,0.6956521739130435,0.8108108108108109,0.6956521739130435,0.6645833333333333
PXI,transformer,valid,0.6451612903225806,0.6573597180807808,0.6451612903225806,0.6451612903225806
PXL,logistic_regression,train,0.6403508771929824,0.6457800511508952,0.6403508771929824,0.6369708737864078
PXL,logistic_regression,valid,0.4193548387096774,0.1758584807492196,0.4193548387096774,0.2478005865102639
PXL,lstm,train,0.6666666666666666,0.6719593521752937,0.6666666666666666,0.6640818858560795
PXL,lstm,valid,0.4193548387096774,0.1758584807492196,0.4193548387096774,0.2478005865102639
PXL,svm,train,0.8070175438596491,0.8332776478449717,0.8070175438596491,0.8031397174254318
PXL,svm,valid,0.4193548387096774,0.1758584807492196,0.4193548387096774,0.2478005865102639
PXL,transformer,train,0.3947368421052631,0.394704433497537,0.3947368421052631,0.3946902654867256
PXL,transformer,valid,0.7741935483870968,0.8374193548387097,0.7741935483870968,0.7509772179887076
PXM,logistic_regression,train,0.8854166666666666,0.8896445809565598,0.8854166666666666,0.8851049940158852
PXM,logistic_regression,valid,0.9032258064516128,0.91439205955335,0.9032258064516128,0.8950220286625816
PXM,lstm,train,0.8541666666666666,0.8566433566433567,0.8541666666666666,0.8539130434782609
PXM,lstm,valid,0.967741935483871,0.9690860215053764,0.967741935483871,0.9670098375657744
PXM,svm,train,0.8645833333333334,0.8660130718954248,0.8645833333333334,0.8644509612251549
PXM,svm,valid,0.7419354838709677,0.8709677419354839,0.7419354838709677,0.7577815506508206
PXM,transformer,train,0.8541666666666666,0.8566433566433567,0.8541666666666666,0.8539130434782609
PXM,transformer,valid,0.9032258064516128,0.9296187683284458,0.9032258064516128,0.9074900304023372
PXS,logistic_regression,train,0.8904109589041096,0.792831675736536,0.8904109589041096,0.8387929323009728
PXS,logistic_regression,valid,0.2903225806451613,0.0842872008324661,0.2903225806451613,0.1306451612903225
PXS,lstm,train,0.8493150684931506,0.7886497064579256,0.8493150684931506,0.8178589548452562
PXS,lstm,valid,0.2903225806451613,0.0842872008324661,0.2903225806451613,0.1306451612903225
PXS,svm,train,0.8904109589041096,0.792831675736536,0.8904109589041096,0.8387929323009728
PXS,svm,valid,0.2903225806451613,0.0842872008324661,0.2903225806451613,0.1306451612903225
PXS,transformer,train,0.6575342465753424,0.7807551603514112,0.6575342465753424,0.7114675398317623
PXS,transformer,valid,0.8064516129032258,0.8054590570719603,0.8064516129032258,0.7868663594470046
PXT,logistic_regression,train,0.8243243243243243,0.8363636363636363,0.8243243243243243,0.8227381610466188
PXT,logistic_regression,valid,0.7096774193548387,0.5873192436040043,0.7096774193548387,0.642726719415703
PXT,lstm,train,0.7972972972972973,0.7992647058823529,0.7972972972972973,0.7969635997805011
PXT,lstm,valid,0.7419354838709677,0.5935483870967743,0.7419354838709677,0.6594982078853046
PXT,svm,train,0.8648648648648649,0.8691796008869179,0.8648648648648649,0.8644688644688645
PXT,svm,valid,0.7419354838709677,0.5935483870967743,0.7419354838709677,0.6594982078853046
PXT,transformer,train,0.7297297297297297,0.7825696316262354,0.7297297297297297,0.7164750957854406
PXT,transformer,valid,0.6129032258064516,0.5657568238213398,0.6129032258064516,0.5883870967741937
QCC,logistic_regression,train,0.9591836734693876,0.9622641509433962,0.9591836734693876,0.9591155611180644
QCC,logistic_regression,valid,0.967741935483871,0.9365244536940688,0.967741935483871,0.9518773135906928
QCC,lstm,train,0.9489795918367347,0.9537037037037036,0.9489795918367347,0.9488464349096984
QCC,lstm,valid,0.967741935483871,0.9365244536940688,0.967741935483871,0.9518773135906928
QCC,svm,train,0.9591836734693876,0.9599499374217773,0.9591836734693876,0.9591666666666668
QCC,svm,valid,0.032258064516129,0.0010405827263267,0.032258064516129,0.002016129032258
QCC,transformer,train,0.9387755102040816,0.9454545454545454,0.9387755102040816,0.9385451505016722
QCC,transformer,valid,0.967741935483871,0.9365244536940688,0.967741935483871,0.9518773135906928
QCG,logistic_regression,train,0.8767123287671232,0.7686245074122724,0.8767123287671232,0.8191180881911808
QCG,logistic_regression,valid,0.4193548387096774,0.1758584807492196,0.4193548387096774,0.2478005865102639
QCG,lstm,train,0.1232876712328767,0.0151998498780258,0.1232876712328767,0.0270631473438022
QCG,lstm,valid,0.5806451612903226,0.3371488033298647,0.5806451612903226,0.4265964450296248
QCG,svm,train,0.9452054794520548,0.9620653319283456,0.9452054794520548,0.949303016912385
QCG,svm,valid,0.4838709677419355,0.7686318131256952,0.4838709677419355,0.3757296466973886
QCG,transformer,train,0.8356164383561644,0.7639921722113503,0.8356164383561644,0.7982007769372316
QCG,transformer,valid,0.3870967741935484,0.1677419354838709,0.3870967741935484,0.2340585146286571
QNC,logistic_regression,train,0.9426229508196722,0.9427419354838708,0.9426229508196722,0.9426190956124436
QNC,logistic_regression,valid,0.4838709677419355,1.0,0.4838709677419355,0.6521739130434783
QNC,lstm,train,0.9016393442622952,0.9033738191632928,0.9016393442622952,0.9015334947538338
QNC,lstm,valid,0.4516129032258064,1.0,0.4516129032258064,0.6222222222222222
QNC,svm,train,0.9836065573770492,0.9836065573770492,0.9836065573770492,0.9836065573770492
QNC,svm,valid,0.4193548387096774,1.0,0.4193548387096774,0.5909090909090909
QNC,transformer,train,0.7213114754098361,0.7704433497536946,0.7213114754098361,0.7080518018018018
QNC,transformer,valid,0.4193548387096774,1.0,0.4193548387096774,0.5909090909090909
QST,logistic_regression,train,0.7553191489361702,0.7650375939849625,0.7553191489361702,0.7530553969160478
QST,logistic_regression,valid,0.1612903225806451,0.0260145681581685,0.1612903225806451,0.0448028673835125
QST,lstm,train,0.4468085106382978,0.4318840579710145,0.4468085106382978,0.4147509578544061
QST,lstm,valid,0.8387096774193549,0.7034339229968783,0.8387096774193549,0.7651386530843237
QST,svm,train,0.851063829787234,0.8568798895536126,0.851063829787234,0.8504545454545454
QST,svm,valid,0.3548387096774194,0.8709677419354839,0.3548387096774194,0.3682795698924731
QST,transformer,train,0.4148936170212766,0.3493589743589744,0.4148936170212766,0.3434920634920635
QST,transformer,valid,0.1612903225806451,0.0260145681581685,0.1612903225806451,0.0448028673835125
QTC,logistic_regression,train,0.8863636363636364,0.8895833333333333,0.8863636363636364,0.8861283643892339
QTC,logistic_regression,valid,0.8387096774193549,1.0,0.8387096774193549,0.912280701754386
QTC,lstm,train,0.5909090909090909,0.775,0.5909090909090909,0.5086848635235732
QTC,lstm,valid,1.0,1.0,1.0,1.0
QTC,svm,train,0.8863636363636364,0.8863636363636364,0.8863636363636364,0.8863636363636364
QTC,svm,valid,0.8064516129032258,1.0,0.8064516129032258,0.8928571428571429
QTC,transformer,train,0.8863636363636364,0.9074074074074072,0.8863636363636364,0.8848770277341707
QTC,transformer,valid,0.9032258064516128,1.0,0.9032258064516128,0.9491525423728814
RAL,logistic_regression,train,0.7264150943396226,0.7284482758620688,0.7264150943396226,0.7258050129337258
RAL,logistic_regression,valid,0.8387096774193549,0.8723118279569891,0.8387096774193549,0.8268646108895645
RAL,lstm,train,0.9622641509433962,0.9629233511586452,0.9622641509433962,0.962250712250712
RAL,lstm,valid,0.935483870967742,0.9447004608294932,0.935483870967742,0.9361731458505652
RAL,svm,train,0.8301886792452831,0.8378870673952641,0.8301886792452831,0.8292158968850698
RAL,svm,valid,0.6129032258064516,0.3756503642039542,0.6129032258064516,0.4658064516129032
RAL,transformer,train,0.8113207547169812,0.8228128460686601,0.8113207547169812,0.8096264367816092
RAL,transformer,valid,0.935483870967742,0.9447004608294932,0.935483870967742,0.9361731458505652
RCL,logistic_regression,train,0.9791666666666666,0.98,0.9791666666666666,0.9791576204950064
RCL,logistic_regression,valid,1.0,1.0,1.0,1.0
RCL,lstm,train,0.96875,0.9705882352941176,0.96875,0.9687194525904204
RCL,lstm,valid,1.0,1.0,1.0,1.0
RCL,svm,train,1.0,1.0,1.0,1.0
RCL,svm,valid,1.0,1.0,1.0,1.0
RCL,transformer,train,1.0,1.0,1.0,1.0
RCL,transformer,valid,1.0,1.0,1.0,1.0
RDP,logistic_regression,train,0.9387755102040816,0.9454545454545454,0.9387755102040816,0.9385451505016722
RDP,logistic_regression,valid,0.2580645161290322,0.4608294930875575,0.2580645161290322,0.3308519437551695
RDP,lstm,train,0.6938775510204082,0.7878787878787878,0.6938775510204082,0.6666666666666666
RDP,lstm,valid,0.1935483870967742,0.0374609781477627,0.1935483870967742,0.062772449869224
RDP,svm,train,0.9591836734693876,0.9622641509433962,0.9591836734693876,0.9591155611180644
RDP,svm,valid,0.2580645161290322,0.4608294930875575,0.2580645161290322,0.3308519437551695
RDP,transformer,train,0.7551020408163265,0.7777777777777778,0.7551020408163265,0.75
RDP,transformer,valid,0.2903225806451613,0.4838709677419355,0.2903225806451613,0.3629032258064516
REE,logistic_regression,train,0.9871794871794872,0.9875,0.9871794871794872,0.987177379582443
REE,logistic_regression,valid,0.967741935483871,0.9693548387096774,0.967741935483871,0.9674542381414752
REE,lstm,train,1.0,1.0,1.0,1.0
REE,lstm,valid,1.0,1.0,1.0,1.0
REE,svm,train,0.9743589743589745,0.975609756097561,0.9743589743589745,0.9743421052631578
REE,svm,valid,0.935483870967742,0.9416282642089092,0.935483870967742,0.9341642228739004
REE,transformer,train,1.0,1.0,1.0,1.0
REE,transformer,valid,0.967741935483871,0.9693548387096774,0.967741935483871,0.9674542381414752
RIC,logistic_regression,train,0.925,0.9292929292929292,0.925,0.924812030075188
RIC,logistic_regression,valid,0.7096774193548387,0.8626099706744867,0.7096774193548387,0.7557995881949211
RIC,lstm,train,0.975,0.975,0.975,0.975
RIC,lstm,valid,0.8709677419354839,0.7585848074921956,0.8709677419354839,0.8109010011123471
RIC,svm,train,0.925,0.9292929292929292,0.925,0.924812030075188
RIC,svm,valid,0.8709677419354839,0.7585848074921956,0.8709677419354839,0.8109010011123471
RIC,transformer,train,0.8,0.8571428571428571,0.8,0.7916666666666667
RIC,transformer,valid,0.5806451612903226,0.8423387096774194,0.5806451612903226,0.6483989418407234
S12,logistic_regression,train,0.8773584905660378,0.8774928774928774,0.8773584905660378,0.8773475745438363
S12,logistic_regression,valid,0.6451612903225806,0.4162330905306972,0.6451612903225806,0.5060088551549652
S12,lstm,train,0.8301886792452831,0.8306595365418896,0.8301886792452831,0.8301282051282052
S12,lstm,valid,0.7741935483870968,0.8327359617682197,0.7741935483870968,0.738320750400366
S12,svm,train,0.839622641509434,0.8497067448680351,0.839622641509434,0.8384580905423578
S12,svm,valid,0.4193548387096774,0.5266479663394109,0.4193548387096774,0.3973976687449173
S12,transformer,train,0.8301886792452831,0.8306595365418896,0.8301886792452831,0.8301282051282052
S12,transformer,valid,0.7419354838709677,0.815668202764977,0.7419354838709677,0.6897081413210446
S27,logistic_regression,train,0.9516129032258064,0.9558823529411764,0.9516129032258064,0.9514993481095176
S27,logistic_regression,valid,0.2903225806451613,1.0,0.2903225806451613,0.45
S27,lstm,train,0.7903225806451613,0.8522727272727273,0.7903225806451613,0.7806802721088435
S27,lstm,valid,0.5806451612903226,1.0,0.5806451612903226,0.7346938775510204
S27,svm,train,0.967741935483871,0.9696969696969696,0.967741935483871,0.9677083333333334
S27,svm,valid,0.4838709677419355,1.0,0.4838709677419355,0.6521739130434783
S27,transformer,train,0.8387096774193549,0.862876254180602,0.8387096774193549,0.8359788359788359
S27,transformer,valid,0.5806451612903226,1.0,0.5806451612903226,0.7346938775510204
S55,logistic_regression,train,0.9642857142857144,0.9666666666666668,0.9642857142857144,0.9642401021711366
S55,logistic_regression,valid,0.9032258064516128,0.8158168574401664,0.9032258064516128,0.8572990705303445
S55,lstm,train,0.8809523809523809,0.903846153846154,0.8809523809523809,0.8792409430707304
S55,lstm,valid,0.9032258064516128,0.8158168574401664,0.9032258064516128,0.8572990705303445
S55,svm,train,1.0,1.0,1.0,1.0
S55,svm,valid,0.9032258064516128,0.8158168574401664,0.9032258064516128,0.8572990705303445
S55,transformer,train,0.8809523809523809,0.903846153846154,0.8809523809523809,0.8792409430707304
S55,transformer,valid,0.9032258064516128,0.8158168574401664,0.9032258064516128,0.8572990705303445
S74,logistic_regression,train,0.863013698630137,0.9158156911581568,0.863013698630137,0.8779395668181366
S74,logistic_regression,valid,0.3225806451612903,0.1040582726326743,0.3225806451612903,0.1573564122738001
S74,lstm,train,0.136986301369863,0.0187652467629949,0.136986301369863,0.0330087473180392
S74,lstm,valid,0.6774193548387096,0.4588969823100936,0.6774193548387096,0.5471464019851118
S74,svm,train,0.9452054794520548,0.9430453108535302,0.9452054794520548,0.942589421613394
S74,svm,valid,0.3225806451612903,0.1040582726326743,0.3225806451612903,0.1573564122738001
S74,transformer,train,0.863013698630137,0.744792644023269,0.863013698630137,0.7995568090249798
S74,transformer,valid,0.3225806451612903,0.1040582726326743,0.3225806451612903,0.1573564122738001
S96,logistic_regression,train,0.9196428571428572,0.9307692307692308,0.9196428571428572,0.9191205969670224
S96,logistic_regression,valid,0.6129032258064516,0.6175953079178885,0.6129032258064516,0.6046319272125724
S96,lstm,train,0.8303571428571429,0.8733333333333333,0.8303571428571429,0.8253303783961258
S96,lstm,valid,0.6451612903225806,0.7952853598014888,0.6451612903225806,0.5998276572627477
S96,svm,train,0.9375,0.9444444444444444,0.9375,0.9372549019607844
S96,svm,valid,0.5161290322580645,0.5112201963534362,0.5161290322580645,0.4859208113065055
S96,transformer,train,0.7767857142857143,0.845679012345679,0.7767857142857143,0.7650809631680511
S96,transformer,valid,0.5483870967741935,0.7664071190211347,0.5483870967741935,0.4446073639622026
S99,logistic_regression,train,0.78125,0.8335048893463716,0.78125,0.7723320158102767
S99,logistic_regression,valid,0.6129032258064516,0.5856374807987711,0.6129032258064516,0.597124824684432
S99,lstm,train,0.7708333333333334,0.7727272727272728,0.7708333333333334,0.7704347826086956
S99,lstm,valid,0.6451612903225806,0.607741935483871,0.6451612903225806,0.6210020590253945
S99,svm,train,0.8541666666666666,0.8870967741935484,0.8541666666666666,0.8509977827050997
S99,svm,valid,0.7096774193548387,0.5036420395421436,0.7096774193548387,0.5891661594643944
S99,transformer,train,0.6979166666666666,0.7088868529546496,0.6979166666666666,0.6938977460142937
S99,transformer,valid,0.6451612903225806,0.489432703003337,0.6451612903225806,0.5566097406704617
SAF,logistic_regression,train,0.9215686274509804,0.9322033898305084,0.9215686274509804,0.921083172147002
SAF,logistic_regression,valid,0.8064516129032258,0.6503642039542143,0.8064516129032258,0.7200460829493088
SAF,lstm,train,0.9411764705882352,0.9473684210526316,0.9411764705882352,0.940972222222222
SAF,lstm,valid,0.8064516129032258,0.6503642039542143,0.8064516129032258,0.7200460829493088
SAF,svm,train,0.9901960784313726,0.9903846153846154,0.9901960784313726,0.9901951360184562
SAF,svm,valid,0.8064516129032258,0.6503642039542143,0.8064516129032258,0.7200460829493088
SAF,transformer,train,0.9019607843137256,0.918032786885246,0.9019607843137256,0.9010093167701864
SAF,transformer,valid,0.8064516129032258,0.6503642039542143,0.8064516129032258,0.7200460829493088
SAM,logistic_regression,train,0.9545454545454546,0.9583333333333331,0.9545454545454546,0.9544513457556936
SAM,logistic_regression,valid,0.1935483870967742,0.0374609781477627,0.1935483870967742,0.062772449869224
SAM,lstm,train,0.8068181818181818,0.8606557377049181,0.8068181818181818,0.7993293091884642
SAM,lstm,valid,0.1935483870967742,0.0374609781477627,0.1935483870967742,0.062772449869224
SAM,svm,train,0.9886363636363636,0.9888888888888888,0.9886363636363636,0.9886348960351286
SAM,svm,valid,0.1935483870967742,0.0374609781477627,0.1935483870967742,0.062772449869224
SAM,transformer,train,0.5,0.25,0.5,0.3333333333333333
SAM,transformer,valid,0.8709677419354839,0.8887652947719688,0.8709677419354839,0.8434886499402628
SAP,logistic_regression,train,0.7790697674418605,0.807142857142857,0.7790697674418605,0.7739034177390341
SAP,logistic_regression,valid,0.2580645161290322,0.3646313364055299,0.2580645161290322,0.2348063504904439
SAP,lstm,train,0.5,0.25,0.5,0.3333333333333333
SAP,lstm,valid,0.7096774193548387,0.5036420395421436,0.7096774193548387,0.5891661594643944
SAP,svm,train,0.7441860465116279,0.7834274952919021,0.7441860465116279,0.735014005602241
SAP,svm,valid,0.2580645161290322,0.3646313364055299,0.2580645161290322,0.2348063504904439
SAP,transformer,train,0.6162790697674418,0.6919642857142857,0.6162790697674418,0.5743212839358033
SAP,transformer,valid,0.2903225806451613,0.3548387096774194,0.2903225806451613,0.3193548387096774
SAV,logistic_regression,train,0.875,0.8793548387096776,0.875,0.8746402302526383
SAV,logistic_regression,valid,0.8387096774193549,0.8771121351766513,0.8387096774193549,0.8334786399302528
SAV,lstm,train,0.8303571428571429,0.8330118932819028,0.8303571428571429,0.8300183720744468
SAV,lstm,valid,0.9032258064516128,0.9185059422750425,0.9032258064516128,0.9019969278033794
SAV,svm,train,0.8392857142857143,0.8463541666666667,0.8392857142857143,0.8384615384615385
SAV,svm,valid,0.6451612903225806,0.7897252090800477,0.6451612903225806,0.5878311683183954
SAV,transformer,train,0.8125,0.8150112504018,0.8125,0.812125569134915
SAV,transformer,valid,0.935483870967742,0.942652329749104,0.935483870967742,0.9350772567091352
SBA,logistic_regression,train,0.945945945945946,0.945945945945946,0.945945945945946,0.945945945945946
SBA,logistic_regression,valid,0.9032258064516128,0.901305683563748,0.9032258064516128,0.9010295126973232
SBA,lstm,train,0.945945945945946,0.945945945945946,0.945945945945946,0.945945945945946
SBA,lstm,valid,0.8387096774193549,0.8690615835777125,0.8387096774193549,0.8458167173372291
SBA,svm,train,0.945945945945946,0.945945945945946,0.945945945945946,0.945945945945946
SBA,svm,valid,0.935483870967742,0.9406451612903226,0.935483870967742,0.9322196620583718
SBA,transformer,train,0.918918918918919,0.918918918918919,0.918918918918919,0.918918918918919
SBA,transformer,valid,0.935483870967742,0.935483870967742,0.935483870967742,0.935483870967742
SBS,logistic_regression,train,0.8333333333333334,0.8339130434782609,0.8333333333333334,0.8332609639600522
SBS,logistic_regression,valid,0.967741935483871,0.978494623655914,0.967741935483871,0.9706847764572722
SBS,lstm,train,0.7604166666666666,0.8380281690140845,0.7604166666666666,0.7458270979624727
SBS,lstm,valid,0.8387096774193549,0.8686635944700462,0.8387096774193549,0.853423882286361
SBS,svm,train,1.0,1.0,1.0,1.0
SBS,svm,valid,0.935483870967742,0.8751300728407908,0.935483870967742,0.9043010752688172
SBS,transformer,train,0.7916666666666666,0.8393939393939395,0.7916666666666666,0.7840755735492578
SBS,transformer,valid,0.9032258064516128,0.8731182795698925,0.9032258064516128,0.8879168944778568
SBT,logistic_regression,train,0.8488372093023255,0.8732638888888888,0.8488372093023255,0.8463230240549829
SBT,logistic_regression,valid,1.0,1.0,1.0,1.0
SBT,lstm,train,0.9651162790697676,0.9653679653679652,0.9651162790697676,0.9651115618661258
SBT,lstm,valid,1.0,1.0,1.0,1.0
SBT,svm,train,0.8023255813953488,0.8024891774891775,0.8023255813953488,0.8022988505747127
SBT,svm,valid,1.0,1.0,1.0,1.0
SBT,transformer,train,0.9651162790697676,0.9653679653679652,0.9651162790697676,0.9651115618661258
SBT,transformer,valid,1.0,1.0,1.0,1.0
SC5,logistic_regression,train,0.9363636363636364,0.9365079365079364,0.9363636363636364,0.9363583767253492
SC5,logistic_regression,valid,1.0,1.0,1.0,1.0
SC5,lstm,train,0.9818181818181818,0.9824561403508772,0.9818181818181818,0.9818121693121692
SC5,lstm,valid,1.0,1.0,1.0,1.0
SC5,svm,train,0.9636363636363636,0.9642502482621648,0.9636363636363636,0.9636243386243384
SC5,svm,valid,1.0,1.0,1.0,1.0
SC5,transformer,train,0.9818181818181818,0.9824561403508772,0.9818181818181818,0.9818121693121692
SC5,transformer,valid,1.0,1.0,1.0,1.0
SCC,logistic_regression,train,0.9322033898305084,0.8690031600114909,0.9322033898305084,0.8994944989592626
SCC,logistic_regression,valid,0.3225806451612903,0.1040582726326743,0.3225806451612903,0.1573564122738001
SCC,lstm,train,0.0677966101694915,0.004596380350474,0.0677966101694915,0.008609093354856
SCC,lstm,valid,0.6774193548387096,0.4588969823100936,0.6774193548387096,0.5471464019851118
SCC,svm,train,0.9830508474576272,0.9864406779661018,0.9830508474576272,0.9839147186371568
SCC,svm,valid,0.3548387096774194,0.7849462365591398,0.3548387096774194,0.2228739002932551
SCC,transformer,train,0.4745762711864407,0.9399515738498788,0.4745762711864407,0.5803090566016976
SCC,transformer,valid,0.7419354838709677,0.85663082437276,0.7419354838709677,0.7484413120086744
SCD,logistic_regression,train,0.7589285714285714,0.7610093217614915,0.7589285714285714,0.7584471603163193
SCD,logistic_regression,valid,0.0,0.0,0.0,0.0
SCD,lstm,train,0.5,0.25,0.5,0.3333333333333333
SCD,lstm,valid,1.0,1.0,1.0,1.0
SCD,svm,train,0.8303571428571429,0.8733333333333333,0.8303571428571429,0.8253303783961258
SCD,svm,valid,0.0,0.0,0.0,0.0
SCD,transformer,train,0.4553571428571428,0.4037800687285223,0.4553571428571428,0.3710761299825095
SCD,transformer,valid,0.064516129032258,1.0,0.064516129032258,0.1212121212121212
SCJ,logistic_regression,train,0.8666666666666667,0.8673923800098962,0.8666666666666667,0.866600790513834
SCJ,logistic_regression,valid,0.6129032258064516,0.8451612903225806,0.6129032258064516,0.6275413391162916
SCJ,lstm,train,0.7666666666666667,0.7678571428571429,0.7666666666666667,0.7664071190211346
SCJ,lstm,valid,0.6129032258064516,0.8451612903225806,0.6129032258064516,0.6275413391162916
SCJ,svm,train,0.8666666666666667,0.8673923800098962,0.8666666666666667,0.866600790513834
SCJ,svm,valid,0.6129032258064516,0.8451612903225806,0.6129032258064516,0.6275413391162916
SCJ,transformer,train,0.5666666666666667,0.5683198380566802,0.5666666666666667,0.5640293131288039
SCJ,transformer,valid,0.1612903225806451,0.2853598014888338,0.1612903225806451,0.2060931899641577
SCL,logistic_regression,train,0.8589743589743589,0.8611111111111109,0.8589743589743589,0.8587654320987653
SCL,logistic_regression,valid,0.5161290322580645,0.5755760368663594,0.5161290322580645,0.5426944971537002
SCL,lstm,train,0.5,0.25,0.5,0.3333333333333333
SCL,lstm,valid,0.7741935483870968,0.5993756503642039,0.7741935483870968,0.6756598240469208
SCL,svm,train,0.8333333333333334,0.8335526315789473,0.8333333333333334,0.8333059345717573
SCL,svm,valid,0.4838709677419355,0.5624633431085043,0.4838709677419355,0.5177582274356468
SCL,transformer,train,0.7307692307692307,0.7384510869565217,0.7307692307692307,0.7285832642916321
SCL,transformer,valid,0.2903225806451613,0.4556790458118731,0.2903225806451613,0.3447934352009055
SCO,logistic_regression,train,0.8604651162790697,0.8733893557422969,0.8604651162790697,0.8592471358428805
SCO,logistic_regression,valid,0.6129032258064516,0.7852219465122692,0.6129032258064516,0.6335814722911496
SCO,lstm,train,0.9767441860465116,0.9777777777777776,0.9767441860465116,0.9767316017316016
SCO,lstm,valid,0.8387096774193549,0.8690615835777125,0.8387096774193549,0.8458167173372291
SCO,svm,train,0.9302325581395348,0.9311653116531166,0.9302325581395348,0.9301948051948052
SCO,svm,valid,0.7741935483870968,0.8396746622553074,0.7741935483870968,0.7873065827432467
SCO,transformer,train,0.9651162790697676,0.9653679653679652,0.9651162790697676,0.9651115618661258
SCO,transformer,valid,0.9032258064516128,0.9089279895731508,0.9032258064516128,0.9049968374446552
SCR,logistic_regression,train,0.875,0.8751937984496123,0.875,0.8749838563864135
SCR,logistic_regression,valid,0.2258064516129032,0.224451070750881,0.2258064516129032,0.2241935483870968
SCR,lstm,train,0.6590909090909091,0.7264705882352941,0.6590909090909091,0.6316964285714286
SCR,lstm,valid,0.4838709677419355,0.2580645161290322,0.4838709677419355,0.3366058906030855
SCR,svm,train,0.8863636363636364,0.8871635610766045,0.8863636363636364,0.8863049095607235
SCR,svm,valid,0.2580645161290322,0.2535153019023987,0.2580645161290322,0.2534128830013146
SCR,transformer,train,0.6477272727272727,0.7032693674484719,0.6477272727272727,0.6218988218988218
SCR,transformer,valid,0.2903225806451613,0.2837055417700579,0.2903225806451613,0.2858498238004879
SD1,logistic_regression,train,0.84,0.8405448717948718,0.84,0.839935974389756
SD1,logistic_regression,valid,0.3225806451612903,0.1672640382317801,0.3225806451612903,0.2202989771833202
SD1,lstm,train,1.0,1.0,1.0,1.0
SD1,lstm,valid,0.8064516129032258,0.8569424964936886,0.8064516129032258,0.794574780058651
SD1,svm,train,0.87,0.8968253968253969,0.87,0.8677652324280336
SD1,svm,valid,0.6129032258064516,0.7730812013348164,0.6129032258064516,0.5182328190743338
SD1,transformer,train,0.82,0.822061191626409,0.82,0.8197115384615384
SD1,transformer,valid,0.5483870967741935,0.5632754342431762,0.5483870967741935,0.546505376344086
SD2,logistic_regression,train,0.971153846153846,0.9727272727272728,0.971153846153846,0.9711298232627
SD2,logistic_regression,valid,0.6451612903225806,1.0,0.6451612903225806,0.7843137254901961
SD2,lstm,train,0.9615384615384616,0.9642857142857142,0.9615384615384616,0.9614814814814814
SD2,lstm,valid,0.6774193548387096,1.0,0.6774193548387096,0.8076923076923077
SD2,svm,train,0.9903846153846154,0.9905660377358492,0.9903846153846154,0.9903837263060564
SD2,svm,valid,0.6774193548387096,1.0,0.6774193548387096,0.8076923076923077
SD2,transformer,train,0.5384615384615384,0.6354166666666667,0.5384615384615384,0.4378378378378378
SD2,transformer,valid,0.9032258064516128,1.0,0.9032258064516128,0.9491525423728814
SD4,logistic_regression,train,1.0,1.0,1.0,1.0
SD4,logistic_regression,valid,0.7419354838709677,0.8131256952169077,0.7419354838709677,0.6765591397849462
SD4,lstm,train,0.9705882352941176,0.972222222222222,0.9705882352941176,0.9705627705627704
SD4,lstm,valid,0.7096774193548387,0.7967741935483871,0.7096774193548387,0.616525789201311
SD4,svm,train,1.0,1.0,1.0,1.0
SD4,svm,valid,0.7419354838709677,0.8131256952169077,0.7419354838709677,0.6765591397849462
SD4,transformer,train,0.5196078431372549,0.755,0.5196078431372549,0.3754841934274647
SD4,transformer,valid,0.6774193548387096,0.4588969823100936,0.6774193548387096,0.5471464019851118
SD5,logistic_regression,train,1.0,1.0,1.0,1.0
SD5,logistic_regression,valid,0.5161290322580645,0.4541935483870968,0.5161290322580645,0.4831846259437199
SD5,lstm,train,0.5,0.25,0.5,0.3333333333333333
SD5,lstm,valid,0.2903225806451613,0.0842872008324661,0.2903225806451613,0.1306451612903225
SD5,svm,train,1.0,1.0,1.0,1.0
SD5,svm,valid,0.5806451612903226,0.4731182795698924,0.5806451612903226,0.5213956550362081
SD5,transformer,train,0.9655172413793104,0.9677419354838708,0.9655172413793104,0.9654761904761906
SD5,transformer,valid,0.6451612903225806,0.489432703003337,0.6451612903225806,0.5566097406704617
SD6,logistic_regression,train,0.9210526315789472,0.9318181818181818,0.9210526315789472,0.9205574912891984
SD6,logistic_regression,valid,1.0,1.0,1.0,1.0
SD6,lstm,train,0.986842105263158,0.9871794871794872,0.986842105263158,0.9868398268398269
SD6,lstm,valid,1.0,1.0,1.0,1.0
SD6,svm,train,0.9736842105263158,0.975,0.9736842105263158,0.9736659736659736
SD6,svm,valid,1.0,1.0,1.0,1.0
SD6,transformer,train,1.0,1.0,1.0,1.0
SD6,transformer,valid,1.0,1.0,1.0,1.0
SD7,logistic_regression,train,0.8854166666666666,0.8855840208423795,0.8854166666666666,0.8854042322300596
SD7,logistic_regression,valid,0.4516129032258064,0.8101736972704715,0.4516129032258064,0.4121522444103089
SD7,lstm,train,0.7916666666666666,0.8049001814882034,0.7916666666666666,0.7893813075910487
SD7,lstm,valid,0.2903225806451613,0.0842872008324661,0.2903225806451613,0.1306451612903225
SD7,svm,train,0.9375,0.9382608695652174,0.9375,0.9374728614850196
SD7,svm,valid,0.6129032258064516,0.7727787209960384,0.6129032258064516,0.6251016535646517
SD7,transformer,train,0.5,0.25,0.5,0.3333333333333333
SD7,transformer,valid,0.7096774193548387,0.5036420395421436,0.7096774193548387,0.5891661594643944
SD8,logistic_regression,train,0.9302325581395348,0.8653326122228232,0.9302325581395348,0.8966096945923226
SD8,logistic_regression,valid,0.7741935483870968,0.5993756503642039,0.7741935483870968,0.6756598240469208
SD8,lstm,train,1.0,1.0,1.0,1.0
SD8,lstm,valid,0.9032258064516128,0.913978494623656,0.9032258064516128,0.8928756253234431
SD8,svm,train,0.9302325581395348,0.8653326122228232,0.9302325581395348,0.8966096945923226
SD8,svm,valid,0.7741935483870968,0.5993756503642039,0.7741935483870968,0.6756598240469208
SD8,transformer,train,0.9302325581395348,0.8653326122228232,0.9302325581395348,0.8966096945923226
SD8,transformer,valid,0.7741935483870968,0.5993756503642039,0.7741935483870968,0.6756598240469208
SD9,logistic_regression,train,0.94,0.9428341384863124,0.94,0.939903846153846
SD9,logistic_regression,valid,0.6129032258064516,0.5932678821879382,0.6129032258064516,0.5926267281105991
SD9,lstm,train,0.92,0.9261363636363638,0.92,0.9197109594540344
SD9,lstm,valid,0.7096774193548387,0.7339950372208437,0.7096774193548387,0.6724857685009488
SD9,svm,train,0.96,0.9607371794871794,0.96,0.959983993597439
SD9,svm,valid,0.5806451612903226,0.5620723362658846,0.5806451612903226,0.5660334944363268
SD9,transformer,train,0.92,0.920673076923077,0.92,0.919967987194878
SD9,transformer,valid,0.6451612903225806,0.629800307219662,0.6451612903225806,0.6191021439570419
SDA,logistic_regression,train,0.8557692307692307,0.8590892123926839,0.8557692307692307,0.855435084792883
SDA,logistic_regression,valid,0.4193548387096774,0.6474421635711959,0.4193548387096774,0.4278225806451612
SDA,lstm,train,0.7788461538461539,0.8466666666666668,0.7788461538461539,0.7674735102556625
SDA,lstm,valid,0.3225806451612903,0.5198106591865358,0.3225806451612903,0.3225806451612903
SDA,svm,train,0.875,0.8819209039548023,0.875,0.8744311321630909
SDA,svm,valid,0.4838709677419355,0.8279569892473119,0.4838709677419355,0.4752688172043011
SDA,transformer,train,0.5576923076923077,0.565546218487395,0.5576923076923077,0.5440335493709493
SDA,transformer,valid,0.0967741935483871,0.1274961597542242,0.0967741935483871,0.0817204301075268
SDB,logistic_regression,train,0.9905660377358492,0.9907407407407408,0.9905660377358492,0.9905651980418336
SDB,logistic_regression,valid,0.1612903225806451,0.968936678614098,0.1612903225806451,0.2300081322851721
SDB,lstm,train,0.7264150943396226,0.7912087912087912,0.7264150943396226,0.7103006314202241
SDB,lstm,valid,0.3870967741935484,0.8933002481389578,0.3870967741935484,0.5401350337584396
SDB,svm,train,1.0,1.0,1.0,1.0
SDB,svm,valid,0.2580645161290322,0.8602150537634408,0.2580645161290322,0.3970223325062034
SDB,transformer,train,0.3867924528301887,0.2791666666666667,0.3867924528301887,0.3017127799736495
SDB,transformer,valid,0.967741935483871,0.9365244536940688,0.967741935483871,0.9518773135906928
SDC,logistic_regression,train,0.988095238095238,0.9883720930232558,0.988095238095238,0.9880935506732812
SDC,logistic_regression,valid,0.8064516129032258,1.0,0.8064516129032258,0.8928571428571429
SDC,lstm,train,0.9642857142857144,0.9666666666666668,0.9642857142857144,0.9642401021711366
SDC,lstm,valid,0.8387096774193549,1.0,0.8387096774193549,0.912280701754386
SDC,svm,train,0.9761904761904762,0.9772727272727272,0.9761904761904762,0.9761769710720362
SDC,svm,valid,0.8387096774193549,1.0,0.8387096774193549,0.912280701754386
SDC,transformer,train,0.9642857142857144,0.9666666666666668,0.9642857142857144,0.9642401021711366
SDC,transformer,valid,0.9032258064516128,1.0,0.9032258064516128,0.9491525423728814
SDD,logistic_regression,train,0.8524590163934426,0.8559023066485754,0.8524590163934426,0.8521012931034483
SDD,logistic_regression,valid,0.5161290322580645,0.6080928126768534,0.5161290322580645,0.5516642318474356
SDD,lstm,train,0.8852459016393442,0.8856604788808179,0.8852459016393442,0.8852150537634409
SDD,lstm,valid,0.9032258064516128,0.932258064516129,0.9032258064516128,0.90853889943074
SDD,svm,train,0.9016393442622952,0.9033738191632928,0.9016393442622952,0.9015334947538338
SDD,svm,valid,0.5161290322580645,0.6404174573055028,0.5161290322580645,0.5554681353265145
SDD,transformer,train,0.9098360655737704,0.9099462365591396,0.9098360655737704,0.909830007390983
SDD,transformer,valid,0.8709677419354839,0.9178885630498532,0.8709677419354839,0.8794395568589117
SDG,logistic_regression,train,0.8513513513513513,0.8536764705882353,0.8513513513513513,0.8511066398390341
SDG,logistic_regression,valid,0.064516129032258,0.0041623309053069,0.064516129032258,0.0078201368523949
SDG,lstm,train,0.5,0.25,0.5,0.3333333333333333
SDG,lstm,valid,0.935483870967742,0.8751300728407908,0.935483870967742,0.9043010752688172
SDG,svm,train,0.8783783783783784,0.8854166666666667,0.8783783783783784,0.8778205833791964
SDG,svm,valid,0.1935483870967742,0.94026284348865,0.1935483870967742,0.235682745137695
SDG,transformer,train,0.5540540540540541,0.5592948717948718,0.5540540540540541,0.5439775910364145
SDG,transformer,valid,0.3225806451612903,0.94109396914446,0.3225806451612903,0.4148561464690497
SDJ,logistic_regression,train,0.7857142857142857,0.8170289855072462,0.7857142857142857,0.7802887633396107
SDJ,logistic_regression,valid,0.8064516129032258,1.0,0.8064516129032258,0.8928571428571429
SDJ,lstm,train,0.5,0.25,0.5,0.3333333333333333
SDJ,lstm,valid,1.0,1.0,1.0,1.0
SDJ,svm,train,0.8,0.8571428571428571,0.8,0.7916666666666667
SDJ,svm,valid,0.3870967741935484,1.0,0.3870967741935484,0.5581395348837209
SDJ,transformer,train,0.5285714285714286,0.6325757575757576,0.5285714285714286,0.4135567402894136
SDJ,transformer,valid,1.0,1.0,1.0,1.0
SDK,logistic_regression,train,0.9636363636363636,0.9661016949152542,0.9636363636363636,0.9635882158225754
SDK,logistic_regression,valid,1.0,1.0,1.0,1.0
SDK,lstm,train,0.990909090909091,0.9910714285714284,0.990909090909091,0.9909083395321928
SDK,lstm,valid,1.0,1.0,1.0,1.0
SDK,svm,train,1.0,1.0,1.0,1.0
SDK,svm,valid,1.0,1.0,1.0,1.0
SDK,transformer,train,0.9818181818181818,0.9818181818181818,0.9818181818181818,0.9818181818181818
SDK,transformer,valid,1.0,1.0,1.0,1.0
SDN,logistic_regression,train,0.9215686274509804,0.9322033898305084,0.9215686274509804,0.921083172147002
SDN,logistic_regression,valid,0.5483870967741935,0.6851612903225807,0.5483870967741935,0.5067911714770797
SDN,lstm,train,0.8431372549019608,0.8632478632478632,0.8431372549019608,0.8409356725146199
SDN,lstm,valid,0.6129032258064516,0.7268583450210379,0.6129032258064516,0.5922249793217534
SDN,svm,train,0.8921568627450981,0.9112903225806452,0.8921568627450981,0.8908878731887581
SDN,svm,valid,0.5483870967741935,0.6851612903225807,0.5483870967741935,0.5067911714770797
SDN,transformer,train,0.8725490196078431,0.8907258064516128,0.8725490196078431,0.8710493046776233
SDN,transformer,valid,0.6774193548387096,0.7622119815668202,0.6774193548387096,0.6692870696665764
SDP,logistic_regression,train,0.4032258064516129,0.2232142857142857,0.4032258064516129,0.2873563218390804
SDP,logistic_regression,valid,0.3870967741935484,0.8029953917050691,0.3870967741935484,0.3115605928509154
SDP,lstm,train,0.6774193548387096,0.7316576086956522,0.6774193548387096,0.6573639126830616
SDP,lstm,valid,0.6129032258064516,0.4815668202764977,0.6129032258064516,0.5393548387096774
SDP,svm,train,0.935483870967742,0.9373040752351096,0.935483870967742,0.9354166666666668
SDP,svm,valid,0.7096774193548387,0.5036420395421436,0.7096774193548387,0.5891661594643944
SDP,transformer,train,0.4677419354838709,0.3912280701754386,0.4677419354838709,0.3541666666666666
SDP,transformer,valid,0.5483870967741935,0.4640198511166253,0.5483870967741935,0.5026881720430108
SDT,logistic_regression,train,0.9615384615384616,0.9642857142857144,0.9615384615384616,0.9614814814814812
SDT,logistic_regression,valid,1.0,1.0,1.0,1.0
SDT,lstm,train,1.0,1.0,1.0,1.0
SDT,lstm,valid,1.0,1.0,1.0,1.0
SDT,svm,train,0.9743589743589745,0.975609756097561,0.9743589743589745,0.9743421052631578
SDT,svm,valid,1.0,1.0,1.0,1.0
SDT,transformer,train,0.9871794871794872,0.9875,0.9871794871794872,0.987177379582443
SDT,transformer,valid,1.0,1.0,1.0,1.0
SDU,logistic_regression,train,0.8909090909090909,0.91044776119403,0.8909090909090909,0.8895951823352292
SDU,logistic_regression,valid,0.6451612903225806,0.9704301075268816,0.6451612903225806,0.7554565250417785
SDU,lstm,train,0.7,0.8125,0.7,0.6703296703296704
SDU,lstm,valid,0.4193548387096774,0.8986175115207373,0.4193548387096774,0.5718475073313782
SDU,svm,train,0.9363636363636364,0.94,0.9363636363636364,0.936231884057971
SDU,svm,valid,0.032258064516129,0.0010405827263267,0.032258064516129,0.002016129032258
SDU,transformer,train,0.7545454545454545,0.8353658536585366,0.7545454545454545,0.73880925160496
SDU,transformer,valid,0.9032258064516128,0.9343715239154616,0.9032258064516128,0.9185347184253692
SDV,logistic_regression,train,0.9787234042553192,0.979591836734694,0.9787234042553192,0.978713768115942
SDV,logistic_regression,valid,0.4838709677419355,0.8014888337468983,0.4838709677419355,0.4397573752412462
SDV,lstm,train,0.8723404255319149,0.8983050847457628,0.8723404255319149,0.8702254947077773
SDV,lstm,valid,0.3225806451612903,0.1040582726326743,0.3225806451612903,0.1573564122738001
SDV,svm,train,0.9893617021276596,0.9895833333333331,0.9893617021276596,0.9893604980192416
SDV,svm,valid,0.6451612903225806,0.8310291858678955,0.6451612903225806,0.6451612903225806
SDV,transformer,train,0.4042553191489361,0.4040816326530612,0.4042553191489361,0.4039855072463768
SDV,transformer,valid,0.7419354838709677,0.8131256952169077,0.7419354838709677,0.6765591397849462
SDY,logistic_regression,train,0.9473684210526316,0.948611111111111,0.9473684210526316,0.9473319473319473
SDY,logistic_regression,valid,0.935483870967742,0.9430740037950665,0.935483870967742,0.9353494623655914
SDY,lstm,train,0.9736842105263158,0.975,0.9736842105263158,0.9736659736659736
SDY,lstm,valid,0.935483870967742,0.9430740037950665,0.935483870967742,0.9353494623655914
SDY,svm,train,0.881578947368421,0.881843381843382,0.881578947368421,0.8815584415584415
SDY,svm,valid,0.935483870967742,0.9430740037950665,0.935483870967742,0.9353494623655914
SDY,transformer,train,0.881578947368421,0.881843381843382,0.881578947368421,0.8815584415584415
SDY,transformer,valid,0.967741935483871,0.969758064516129,0.967741935483871,0.967741935483871
SEB,logistic_regression,train,0.9385964912280702,0.9419975186104218,0.9385964912280702,0.9384781435509983
SEB,logistic_regression,valid,0.7741935483870968,0.6941045606229144,0.7741935483870968,0.7319648093841642
SEB,lstm,train,0.9385964912280702,0.9453125,0.9385964912280702,0.9383640997914576
SEB,lstm,valid,0.7096774193548387,0.7313978494623655,0.7096774193548387,0.7200276004830084
SEB,svm,train,0.9035087719298246,0.9138257575757576,0.9035087719298246,0.902903600464576
SEB,svm,valid,0.8387096774193549,0.7034339229968783,0.8387096774193549,0.7651386530843237
SEB,transformer,train,0.8596491228070176,0.8904109589041096,0.8596491228070176,0.8568288854003141
SEB,transformer,valid,0.8387096774193549,0.7034339229968783,0.8387096774193549,0.7651386530843237
SED,logistic_regression,train,0.9324324324324323,0.932748538011696,0.9324324324324323,0.9324200913242008
SED,logistic_regression,valid,0.7419354838709677,0.8201612903225807,0.7419354838709677,0.7538200339558574
SED,lstm,train,0.8918918918918919,0.8930402930402931,0.8918918918918919,0.8918128654970761
SED,lstm,valid,0.7741935483870968,0.8729838709677419,0.7741935483870968,0.7844463818657368
SED,svm,train,0.9594594594594594,0.9625,0.9594594594594594,0.9593927199561002
SED,svm,valid,0.5483870967741935,0.82328190743338,0.5483870967741935,0.5418010752688173
SED,transformer,train,0.5405405405405406,0.7605633802816901,0.5405405405405406,0.4175925925925926
SED,transformer,valid,0.6129032258064516,0.6129032258064516,0.6129032258064516,0.6129032258064516
SFC,logistic_regression,train,0.8170731707317073,0.8172619047619047,0.8170731707317073,0.8170459616242748
SFC,logistic_regression,valid,0.3225806451612903,0.1040582726326743,0.3225806451612903,0.1573564122738001
SFC,lstm,train,0.5,0.25,0.5,0.3333333333333333
SFC,lstm,valid,0.3225806451612903,0.1040582726326743,0.3225806451612903,0.1573564122738001
SFC,svm,train,0.8170731707317073,0.81877990430622,0.8170731707317073,0.8168279970215934
SFC,svm,valid,0.3225806451612903,0.1040582726326743,0.3225806451612903,0.1573564122738001
SFC,transformer,train,0.524390243902439,0.7562500000000001,0.524390243902439,0.3853546031135883
SFC,transformer,valid,0.2258064516129032,0.296388199614006,0.2258064516129032,0.2453239360260233
SFI,logistic_regression,train,0.9901960784313726,0.9903846153846154,0.9901960784313726,0.9901951360184562
SFI,logistic_regression,valid,0.4516129032258064,0.2258064516129032,0.4516129032258064,0.3010752688172043
SFI,lstm,train,0.931372549019608,0.939655172413793,0.931372549019608,0.9310478029937228
SFI,lstm,valid,0.3548387096774194,0.1971326164874552,0.3548387096774194,0.2534562211981567
SFI,svm,train,0.9901960784313726,0.9903846153846154,0.9901960784313726,0.9901951360184562
SFI,svm,valid,0.4193548387096774,0.3849462365591398,0.4193548387096774,0.3599706744868035
SFI,transformer,train,0.5,0.5,0.5,0.414387031408308
SFI,transformer,valid,0.4193548387096774,0.4187889077532541,0.4193548387096774,0.4120357820547574
SFN,logistic_regression,train,0.9107142857142856,0.9242424242424242,0.9107142857142856,0.9099967855994856
SFN,logistic_regression,valid,0.9032258064516128,1.0,0.9032258064516128,0.9491525423728814
SFN,lstm,train,0.9553571428571428,0.9590163934426228,0.9553571428571428,0.9552679926511702
SFN,lstm,valid,0.7096774193548387,1.0,0.7096774193548387,0.8301886792452831
SFN,svm,train,1.0,1.0,1.0,1.0
SFN,svm,valid,0.0,0.0,0.0,0.0
SFN,transformer,train,0.9553571428571428,0.9590163934426228,0.9553571428571428,0.9552679926511702
SFN,transformer,valid,0.3548387096774194,1.0,0.3548387096774194,0.5238095238095238
SGD,logistic_regression,train,0.9534883720930232,0.9574468085106382,0.9534883720930232,0.9533875338753386
SGD,logistic_regression,valid,0.4838709677419355,0.2341311134235171,0.4838709677419355,0.3155680224403927
SGD,lstm,train,0.8604651162790697,0.8733893557422969,0.8604651162790697,0.8592471358428805
SGD,lstm,valid,0.4838709677419355,0.2341311134235171,0.4838709677419355,0.3155680224403927
SGD,svm,train,0.9302325581395348,0.9302325581395348,0.9302325581395348,0.9302325581395348
SGD,svm,valid,0.4838709677419355,0.2341311134235171,0.4838709677419355,0.3155680224403927
SGD,transformer,train,0.7906976744186046,0.81524926686217,0.7906976744186046,0.7865416436845009
SGD,transformer,valid,0.3870967741935484,0.3490783410138249,0.3870967741935484,0.3379005286438666
SGH,logistic_regression,train,0.9814814814814816,0.9821428571428572,0.9814814814814816,0.98147512864494
SGH,logistic_regression,valid,1.0,1.0,1.0,1.0
SGH,lstm,train,0.9814814814814816,0.9821428571428572,0.9814814814814816,0.98147512864494
SGH,lstm,valid,1.0,1.0,1.0,1.0
SGH,svm,train,0.9444444444444444,0.95,0.9444444444444444,0.9442724458204332
SGH,svm,valid,1.0,1.0,1.0,1.0
SGH,transformer,train,0.9537037037037036,0.9576271186440678,0.9537037037037036,0.953604261534496
SGH,transformer,valid,1.0,1.0,1.0,1.0
SGS,logistic_regression,train,0.946808510638298,0.9519230769230768,0.946808510638298,0.9466575871070252
SGS,logistic_regression,valid,0.967741935483871,0.9365244536940688,0.967741935483871,0.9518773135906928
SGS,lstm,train,1.0,1.0,1.0,1.0
SGS,lstm,valid,0.967741935483871,0.9365244536940688,0.967741935483871,0.9518773135906928
SGS,svm,train,1.0,1.0,1.0,1.0
SGS,svm,valid,0.967741935483871,0.9365244536940688,0.967741935483871,0.9518773135906928
SGS,transformer,train,0.9574468085106383,0.9607843137254902,0.9574468085106383,0.9573696145124716
SGS,transformer,valid,0.967741935483871,0.9365244536940688,0.967741935483871,0.9518773135906928
SGT,logistic_regression,train,0.9047619047619048,0.908466819221968,0.9047619047619048,0.9045454545454544
SGT,logistic_regression,valid,0.7419354838709677,0.7820136852394917,0.7419354838709677,0.7300509337860781
SGT,lstm,train,1.0,1.0,1.0,1.0
SGT,lstm,valid,0.967741935483871,0.969639468690702,0.967741935483871,0.9676745205110056
SGT,svm,train,0.9523809523809524,0.9534090909090908,0.9523809523809524,0.9523539421440728
SGT,svm,valid,0.935483870967742,0.9430740037950665,0.935483870967742,0.9353494623655914
SGT,transformer,train,0.8809523809523809,0.8844393592677345,0.8809523809523809,0.8806818181818181
SGT,transformer,valid,0.7741935483870968,0.804147465437788,0.7741935483870968,0.766870095902354
SHA,logistic_regression,train,0.9594594594594594,0.959795321637427,0.9594594594594594,0.9594520547945204
SHA,logistic_regression,valid,0.8064516129032258,0.8234604105571848,0.8064516129032258,0.811520737327189
SHA,lstm,train,0.9864864864864864,0.986842105263158,0.9864864864864864,0.9864840182648404
SHA,lstm,valid,0.8709677419354839,0.9106699751861042,0.8709677419354839,0.8762463343108504
SHA,svm,train,0.9594594594594594,0.9625,0.9594594594594594,0.9593927199561002
SHA,svm,valid,0.8387096774193549,0.8963133640552995,0.8387096774193549,0.8459021109792498
SHA,transformer,train,0.945945945945946,0.9472527472527472,0.945945945945946,0.945906432748538
SHA,transformer,valid,0.7096774193548387,0.7196620583717358,0.7096774193548387,0.7139416433055632
SHB,logistic_regression,train,0.9041095890410958,0.8174141489960592,0.9041095890410958,0.8585788903124076
SHB,logistic_regression,valid,0.9032258064516128,0.8158168574401664,0.9032258064516128,0.8572990705303445
SHB,lstm,train,1.0,1.0,1.0,1.0
SHB,lstm,valid,0.967741935483871,0.9758064516129032,0.967741935483871,0.969752827817344
SHB,svm,train,0.0958904109589041,0.0091949709138675,0.0958904109589041,0.0167808219178082
SHB,svm,valid,0.0967741935483871,0.0093652445369406,0.0967741935483871,0.01707779886148
SHB,transformer,train,0.9041095890410958,0.8174141489960592,0.9041095890410958,0.8585788903124076
SHB,transformer,valid,0.9032258064516128,0.8158168574401664,0.9032258064516128,0.8572990705303445
SHC,logistic_regression,train,0.8571428571428571,0.9183673469387754,0.8571428571428571,0.8697109342270631
SHC,logistic_regression,valid,0.6774193548387096,0.4588969823100936,0.6774193548387096,0.5471464019851118
SHC,lstm,train,0.9047619047619048,0.9147869674185464,0.9047619047619048,0.8915343915343915
SHC,lstm,valid,0.6774193548387096,0.4588969823100936,0.6774193548387096,0.5471464019851118
SHC,svm,train,0.9523809523809524,0.9619047619047618,0.9523809523809524,0.9543049543049544
SHC,svm,valid,0.6774193548387096,0.4588969823100936,0.6774193548387096,0.5471464019851118
SHC,transformer,train,0.9047619047619048,0.9147869674185464,0.9047619047619048,0.8915343915343915
SHC,transformer,valid,0.5806451612903226,0.435483870967742,0.5806451612903226,0.4976958525345622
SHI,logistic_regression,train,0.9270833333333334,0.9363636363636364,0.9270833333333334,0.9266935747790987
SHI,logistic_regression,valid,0.5806451612903226,0.8284457478005866,0.5806451612903226,0.5806451612903226
SHI,lstm,train,0.9270833333333334,0.9363636363636364,0.9270833333333334,0.9266935747790987
SHI,lstm,valid,0.7419354838709677,0.8633776091081594,0.7419354838709677,0.7529638819961401
SHI,svm,train,0.9583333333333334,0.9615384615384616,0.9583333333333334,0.9582608695652174
SHI,svm,valid,0.6451612903225806,0.8403225806451613,0.6451612903225806,0.6533185020393029
SHI,transformer,train,0.9270833333333334,0.9363636363636364,0.9270833333333334,0.9266935747790987
SHI,transformer,valid,0.5483870967741935,0.82328190743338,0.5483870967741935,0.5418010752688173
SHN,logistic_regression,train,0.97,0.9716981132075472,0.97,0.9699729756781104
SHN,logistic_regression,valid,1.0,1.0,1.0,1.0
SHN,lstm,train,1.0,1.0,1.0,1.0
SHN,lstm,valid,1.0,1.0,1.0,1.0
SHN,svm,train,0.97,0.9716981132075472,0.97,0.9699729756781104
SHN,svm,valid,1.0,1.0,1.0,1.0
SHN,transformer,train,0.98,0.9807692307692308,0.98,0.9799919967987194
SHN,transformer,valid,1.0,1.0,1.0,1.0
SHP,logistic_regression,train,0.8837209302325582,0.9056603773584906,0.8837209302325582,0.8821271929824562
SHP,logistic_regression,valid,1.0,1.0,1.0,1.0
SHP,lstm,train,1.0,1.0,1.0,1.0
SHP,lstm,valid,1.0,1.0,1.0,1.0
SHP,svm,train,0.9069767441860463,0.9215686274509804,0.9069767441860463,0.906164757228587
SHP,svm,valid,1.0,1.0,1.0,1.0
SHP,transformer,train,1.0,1.0,1.0,1.0
SHP,transformer,valid,1.0,1.0,1.0,1.0
SHS,logistic_regression,train,0.935483870967742,0.9373040752351096,0.935483870967742,0.9354166666666668
SHS,logistic_regression,valid,0.4838709677419355,0.49878015722418,0.4838709677419355,0.4893851668045216
SHS,lstm,train,0.8709677419354839,0.8713541666666667,0.8709677419354839,0.8709341660161332
SHS,lstm,valid,0.1935483870967742,0.1607643758765778,0.1935483870967742,0.1559993172896398
SHS,svm,train,0.9596774193548387,0.9626865671641792,0.9596774193548387,0.9596117516774152
SHS,svm,valid,0.3870967741935484,0.44109396914446,0.3870967741935484,0.3585594811401263
SHS,transformer,train,0.5080645161290323,0.7520325203252033,0.5080645161290323,0.351008151008151
SHS,transformer,valid,0.8387096774193549,0.8425696167631651,0.8387096774193549,0.8397558849171753
SII,logistic_regression,train,0.9274193548387096,0.9284224250325944,0.9274193548387096,0.9273768464892302
SII,logistic_regression,valid,1.0,1.0,1.0,1.0
SII,lstm,train,0.9758064516129032,0.9769230769230768,0.9758064516129032,0.9757922821630768
SII,lstm,valid,1.0,1.0,1.0,1.0
SII,svm,train,0.9596774193548387,0.9626865671641792,0.9596774193548387,0.9596117516774152
SII,svm,valid,1.0,1.0,1.0,1.0
SII,transformer,train,0.9516129032258064,0.9558823529411764,0.9516129032258064,0.9514993481095176
SII,transformer,valid,1.0,1.0,1.0,1.0
SJ1,logistic_regression,train,0.9041095890410958,0.8174141489960592,0.9041095890410958,0.8585788903124076
SJ1,logistic_regression,valid,0.032258064516129,0.0010405827263267,0.032258064516129,0.002016129032258
SJ1,lstm,train,1.0,1.0,1.0,1.0
SJ1,lstm,valid,0.967741935483871,0.9365244536940688,0.967741935483871,0.9518773135906928
SJ1,svm,train,0.0958904109589041,0.0091949709138675,0.0958904109589041,0.0167808219178082
SJ1,svm,valid,0.967741935483871,0.9365244536940688,0.967741935483871,0.9518773135906928
SJ1,transformer,train,0.9863013698630136,0.988013698630137,0.9863013698630136,0.9867057060197288
SJ1,transformer,valid,0.967741935483871,0.9365244536940688,0.967741935483871,0.9518773135906928
SJD,logistic_regression,train,0.8913043478260869,0.9107142857142856,0.8913043478260869,0.8900047824007651
SJD,logistic_regression,valid,0.967741935483871,0.9365244536940688,0.967741935483871,0.9518773135906928
SJD,lstm,train,1.0,1.0,1.0,1.0
SJD,lstm,valid,0.967741935483871,0.9365244536940688,0.967741935483871,0.9518773135906928
SJD,svm,train,0.8913043478260869,0.9107142857142856,0.8913043478260869,0.8900047824007651
SJD,svm,valid,0.8064516129032258,0.9305210918114144,0.8064516129032258,0.8640552995391706
SJD,transformer,train,0.8913043478260869,0.9107142857142856,0.8913043478260869,0.8900047824007651
SJD,transformer,valid,0.8387096774193549,0.9318996415770608,0.8387096774193549,0.8828522920203735
SJE,logistic_regression,train,0.8571428571428571,0.8579545454545454,0.8571428571428571,0.8570618264322176
SJE,logistic_regression,valid,0.7096774193548387,0.8626099706744867,0.7096774193548387,0.7557995881949211
SJE,lstm,train,0.8809523809523809,0.8809523809523809,0.8809523809523809,0.8809523809523809
SJE,lstm,valid,0.7419354838709677,0.8682027649769585,0.7419354838709677,0.7811059907834101
SJE,svm,train,0.8809523809523809,0.8888888888888887,0.8809523809523809,0.8803418803418802
SJE,svm,valid,0.1935483870967742,0.8887652947719689,0.1935483870967742,0.1514140290558533
SJE,transformer,train,0.8214285714285714,0.8230769230769232,0.8214285714285714,0.8212005108556834
SJE,transformer,valid,0.7741935483870968,0.7465437788018433,0.7741935483870968,0.7601173020527859
SJM,logistic_regression,train,0.918918918918919,0.9238728750923874,0.918918918918919,0.9186813186813186
SJM,logistic_regression,valid,0.4193548387096774,0.9170506912442395,0.4193548387096774,0.4995755517826825
SJM,lstm,train,0.918918918918919,0.918918918918919,0.918918918918919,0.918918918918919
SJM,lstm,valid,0.5483870967741935,0.9203036053130932,0.5483870967741935,0.6311827956989247
SJM,svm,train,0.918918918918919,0.9238728750923874,0.918918918918919,0.9186813186813186
SJM,svm,valid,0.2903225806451613,0.9148387096774192,0.2903225806451613,0.3395229059365682
SJM,transformer,train,0.5,0.25,0.5,0.3333333333333333
SJM,transformer,valid,0.9032258064516128,0.8158168574401664,0.9032258064516128,0.8572990705303445
SJS,logistic_regression,train,0.99,0.9901960784313724,0.99,0.98999899989999
SJS,logistic_regression,valid,0.5483870967741935,0.3007284079084287,0.5483870967741935,0.3884408602150538
SJS,lstm,train,1.0,1.0,1.0,1.0
SJS,lstm,valid,0.5483870967741935,0.3007284079084287,0.5483870967741935,0.3884408602150538
SJS,svm,train,1.0,1.0,1.0,1.0
SJS,svm,valid,0.5483870967741935,0.3007284079084287,0.5483870967741935,0.3884408602150538
SJS,transformer,train,0.78,0.8472222222222223,0.78,0.7688104245481295
SJS,transformer,valid,0.2903225806451613,0.214586255259467,0.2903225806451613,0.2467741935483871
SLS,logistic_regression,train,0.9178082191780822,0.8423719271908425,0.9178082191780822,0.8784735812133073
SLS,logistic_regression,valid,0.4838709677419355,0.2341311134235171,0.4838709677419355,0.3155680224403927
SLS,lstm,train,0.7534246575342466,0.8275320008982708,0.7534246575342466,0.7887414383561644
SLS,lstm,valid,0.7419354838709677,0.8316970546984571,0.7419354838709677,0.7260894170911149
SLS,svm,train,0.0821917808219178,0.0067554888346781,0.0821917808219178,0.0124848274666204
SLS,svm,valid,0.5161290322580645,0.2663891779396461,0.5161290322580645,0.3514070006863418
SLS,transformer,train,0.684931506849315,0.8194716242661448,0.684931506849315,0.7461855440472213
SLS,transformer,valid,0.5161290322580645,0.5516129032258065,0.5161290322580645,0.4543104417219287
SMA,logistic_regression,train,0.8018867924528302,0.858108108108108,0.8018867924528302,0.7937934228809634
SMA,logistic_regression,valid,0.5483870967741935,0.3007284079084287,0.5483870967741935,0.3884408602150538
SMA,lstm,train,0.8018867924528302,0.858108108108108,0.8018867924528302,0.7937934228809634
SMA,lstm,valid,0.5483870967741935,0.3007284079084287,0.5483870967741935,0.3884408602150538
SMA,svm,train,0.9716981132075472,0.9732142857142856,0.9716981132075472,0.9716754253139752
SMA,svm,valid,0.5483870967741935,0.3007284079084287,0.5483870967741935,0.3884408602150538
SMA,transformer,train,0.6509433962264151,0.7944444444444444,0.6509433962264151,0.6025134286003851
SMA,transformer,valid,0.6129032258064516,0.7730812013348164,0.6129032258064516,0.5182328190743338
SMB,logistic_regression,train,0.9545454545454546,0.9546957671957672,0.9545454545454546,0.9545416976609638
SMB,logistic_regression,valid,0.3870967741935484,0.1498439125910509,0.3870967741935484,0.2160540135033758
SMB,lstm,train,0.5,0.25,0.5,0.3333333333333333
SMB,lstm,valid,0.3870967741935484,0.1498439125910509,0.3870967741935484,0.2160540135033758
SMB,svm,train,0.9545454545454546,0.9546957671957672,0.9545454545454546,0.9545416976609638
SMB,svm,valid,0.6129032258064516,0.3756503642039542,0.6129032258064516,0.4658064516129032
SMB,transformer,train,0.5363636363636364,0.6348039215686274,0.5363636363636364,0.4328177130724901
SMB,transformer,valid,0.7096774193548387,0.7530496069395499,0.7096774193548387,0.712711093133785
SMC,logistic_regression,train,0.8777777777777778,0.8871457489878541,0.8777777777777778,0.8770339088312012
SMC,logistic_regression,valid,0.5161290322580645,0.2663891779396461,0.5161290322580645,0.3514070006863418
SMC,lstm,train,0.8444444444444444,0.847187655550025,0.8444444444444444,0.8441365660564079
SMC,lstm,valid,0.6451612903225806,0.7897252090800477,0.6451612903225806,0.5878311683183954
SMC,svm,train,0.8666666666666667,0.8733031674208145,0.8666666666666667,0.8660714285714286
SMC,svm,valid,0.5161290322580645,0.2663891779396461,0.5161290322580645,0.3514070006863418
SMC,transformer,train,0.8222222222222222,0.8228599703117269,0.8222222222222222,0.8221343873517787
SMC,transformer,valid,0.5161290322580645,0.2663891779396461,0.5161290322580645,0.3514070006863418
SMT,logistic_regression,train,1.0,1.0,1.0,1.0
SMT,logistic_regression,valid,0.4838709677419355,0.7416096448354513,0.4838709677419355,0.4913978494623656
SMT,lstm,train,0.872093023255814,0.898148148148148,0.872093023255814,0.8699656357388317
SMT,lstm,valid,0.4838709677419355,0.4838709677419355,0.4838709677419355,0.4838709677419355
SMT,svm,train,0.9883720930232558,0.9886363636363638,0.9883720930232558,0.988370520622042
SMT,svm,valid,0.4838709677419355,0.7416096448354513,0.4838709677419355,0.4913978494623656
SMT,transformer,train,0.8837209302325582,0.9056603773584906,0.8837209302325582,0.8821271929824562
SMT,transformer,valid,0.7419354838709677,0.8709677419354839,0.7419354838709677,0.7577815506508206
SPC,logistic_regression,train,0.91,0.9114813327980732,0.91,0.909918927034331
SPC,logistic_regression,valid,0.3870967741935484,0.1498439125910509,0.3870967741935484,0.2160540135033758
SPC,lstm,train,0.5,0.25,0.5,0.3333333333333332
SPC,lstm,valid,0.4193548387096774,0.4697947214076246,0.4193548387096774,0.4145161290322581
SPC,svm,train,0.87,0.8968253968253969,0.87,0.8677652324280336
SPC,svm,valid,0.3870967741935484,0.1498439125910509,0.3870967741935484,0.2160540135033758
SPC,transformer,train,0.5,0.25,0.5,0.3333333333333332
SPC,transformer,valid,0.2903225806451613,0.2626728110599078,0.2903225806451613,0.2758064516129032
SPD,logistic_regression,train,1.0,1.0,1.0,1.0
SPD,logistic_regression,valid,1.0,1.0,1.0,1.0
SPD,lstm,train,1.0,1.0,1.0,1.0
SPD,lstm,valid,1.0,1.0,1.0,1.0
SPD,svm,train,1.0,1.0,1.0,1.0
SPD,svm,valid,1.0,1.0,1.0,1.0
SPD,transformer,train,1.0,1.0,1.0,1.0
SPD,transformer,valid,1.0,1.0,1.0,1.0
SPI,logistic_regression,train,0.8297872340425532,0.8297872340425532,0.8297872340425532,0.8297872340425532
SPI,logistic_regression,valid,0.4516129032258064,0.2039542143600416,0.4516129032258064,0.2810035842293907
SPI,lstm,train,0.5,0.5,0.5,0.4297147282819156
SPI,lstm,valid,0.4516129032258064,0.2039542143600416,0.4516129032258064,0.2810035842293907
SPI,svm,train,0.851063829787234,0.875544794188862,0.851063829787234,0.8485964104924069
SPI,svm,valid,0.5161290322580645,0.6287335722819594,0.5161290322580645,0.4430706979880859
SPI,transformer,train,0.6170212765957447,0.6205128205128205,0.6170212765957447,0.6142270861833106
SPI,transformer,valid,0.2903225806451613,0.2288786482334869,0.2903225806451613,0.2358517260894171
SPM,logistic_regression,train,0.875,0.9,0.875,0.873015873015873
SPM,logistic_regression,valid,0.8709677419354839,0.8924731182795699,0.8709677419354839,0.862495927012056
SPM,lstm,train,0.875,0.9,0.875,0.873015873015873
SPM,lstm,valid,0.8709677419354839,0.8709677419354839,0.8709677419354839,0.8709677419354839
SPM,svm,train,0.8666666666666667,0.8947368421052633,0.8666666666666667,0.8642533936651584
SPM,svm,valid,0.6451612903225806,0.4162330905306972,0.6451612903225806,0.5060088551549652
SPM,transformer,train,0.8416666666666667,0.879746835443038,0.8416666666666667,0.8375952703183988
SPM,transformer,valid,0.935483870967742,0.941348973607038,0.935483870967742,0.9337941628264208
SQC,logistic_regression,train,0.918918918918919,0.9302325581395348,0.918918918918919,0.9183823529411764
SQC,logistic_regression,valid,0.8709677419354839,0.8563748079877113,0.8709677419354839,0.8572281959378734
SQC,lstm,train,0.918918918918919,0.9302325581395348,0.918918918918919,0.9183823529411764
SQC,lstm,valid,0.8387096774193549,0.8261648745519713,0.8387096774193549,0.8312707107594509
SQC,svm,train,0.8783783783783784,0.9021739130434784,0.8783783783783784,0.8765523632993512
SQC,svm,valid,0.8709677419354839,0.8563748079877113,0.8709677419354839,0.8572281959378734
SQC,transformer,train,0.9054054054054054,0.9204545454545454,0.9054054054054054,0.9045513174866407
SQC,transformer,valid,0.8387096774193549,0.8261648745519713,0.8387096774193549,0.8312707107594509
SRA,logistic_regression,train,0.7738095238095238,0.8274576271186442,0.7738095238095238,0.7641495492832866
SRA,logistic_regression,valid,0.0967741935483871,0.0093652445369406,0.0967741935483871,0.01707779886148
SRA,lstm,train,0.4523809523809524,0.4343749999999999,0.4523809523809524,0.4120511259890444
SRA,lstm,valid,0.3225806451612903,0.811665037471489,0.3225806451612903,0.4060680034873584
SRA,svm,train,0.8095238095238095,0.8211764705882352,0.8095238095238095,0.8077803203661327
SRA,svm,valid,0.0967741935483871,0.0093652445369406,0.0967741935483871,0.01707779886148
SRA,transformer,train,0.6190476190476191,0.6339285714285714,0.6190476190476191,0.6081632653061224
SRA,transformer,valid,0.0967741935483871,0.0093652445369406,0.0967741935483871,0.01707779886148
SRB,logistic_regression,train,0.9083333333333332,0.9084467907752154,0.9083333333333332,0.9083269671504964
SRB,logistic_regression,valid,0.4516129032258064,0.4766407119021135,0.4516129032258064,0.3307932246219449
SRB,lstm,train,0.9333333333333332,0.9352678571428572,0.9333333333333332,0.9332591768631812
SRB,lstm,valid,0.6129032258064516,0.7915632754342432,0.6129032258064516,0.5653958944281524
SRB,svm,train,0.825,0.8363035354987064,0.825,0.823517053014917
SRB,svm,valid,0.4838709677419355,0.7591397849462365,0.4838709677419355,0.3483219289670902
SRB,transformer,train,0.8333333333333334,0.8393665158371041,0.8333333333333334,0.8325892857142857
SRB,transformer,valid,0.4516129032258064,0.2039542143600416,0.4516129032258064,0.2810035842293907
SRC,logistic_regression,train,0.8375,0.8773584905660379,0.8375,0.8330926015085861
SRC,logistic_regression,valid,0.967741935483871,0.9365244536940688,0.967741935483871,0.9518773135906928
SRC,lstm,train,0.925,0.9292929292929292,0.925,0.924812030075188
SRC,lstm,valid,0.967741935483871,0.9365244536940688,0.967741935483871,0.9518773135906928
SRC,svm,train,0.7375,0.8278688524590164,0.7375,0.7180735022654808
SRC,svm,valid,0.967741935483871,0.9365244536940688,0.967741935483871,0.9518773135906928
SRC,transformer,train,0.8875,0.8997421018697616,0.8875,0.8866320264525271
SRC,transformer,valid,0.967741935483871,0.9365244536940688,0.967741935483871,0.9518773135906928
SRF,logistic_regression,train,0.9090909090909092,0.916842105263158,0.9090909090909092,0.9086663207057604
SRF,logistic_regression,valid,0.9032258064516128,0.9758064516129032,0.9032258064516128,0.929711375212224
SRF,lstm,train,0.9545454545454546,0.9554865424430642,0.9545454545454546,0.9545219638242894
SRF,lstm,valid,0.935483870967742,0.978494623655914,0.935483870967742,0.9505005561735262
SRF,svm,train,0.9659090909090908,0.9661498708010337,0.9659090909090908,0.9659046881053854
SRF,svm,valid,0.9032258064516128,0.9343715239154616,0.9032258064516128,0.9185347184253692
SRF,transformer,train,0.9204545454545454,0.920671834625323,0.9204545454545454,0.9204442722458996
SRF,transformer,valid,0.935483870967742,0.978494623655914,0.935483870967742,0.9505005561735262
SSC,logistic_regression,train,0.7410714285714286,0.7448979591836735,0.7410714285714286,0.7400560224089635
SSC,logistic_regression,valid,0.5806451612903226,0.3371488033298647,0.5806451612903226,0.4265964450296248
SSC,lstm,train,0.7678571428571429,0.7734375,0.7678571428571429,0.7666666666666667
SSC,lstm,valid,0.6129032258064516,0.7677419354838709,0.6129032258064516,0.4953917050691244
SSC,svm,train,0.9375,0.94101575056252,0.9375,0.9373751897116384
SSC,svm,valid,0.5806451612903226,0.3371488033298647,0.5806451612903226,0.4265964450296248
SSC,transformer,train,0.7410714285714286,0.7411483253588518,0.7410714285714286,0.7410507852985729
SSC,transformer,valid,0.6451612903225806,0.7797552836484983,0.6451612903225806,0.5565774422328986
SSF,logistic_regression,train,0.8888888888888888,0.8888888888888888,0.8888888888888888,0.8888888888888888
SSF,logistic_regression,valid,0.0,0.0,0.0,0.0
SSF,lstm,train,0.5,0.25,0.5,0.3333333333333333
SSF,lstm,valid,1.0,1.0,1.0,1.0
SSF,svm,train,0.8796296296296297,0.9029850746268656,0.8796296296296297,0.8778599391039582
SSF,svm,valid,0.0,0.0,0.0,0.0
SSF,transformer,train,0.4074074074074074,0.3733583489681051,0.4074074074074074,0.3647058823529412
SSF,transformer,valid,1.0,1.0,1.0,1.0
SSG,logistic_regression,train,0.8695652173913043,0.8965517241379309,0.8695652173913043,0.8673076923076924
SSG,logistic_regression,valid,0.935483870967742,0.8751300728407908,0.935483870967742,0.9043010752688172
SSG,lstm,train,0.9565217391304348,0.9573863636363636,0.9565217391304348,0.9565011820330968
SSG,lstm,valid,0.935483870967742,0.8751300728407908,0.935483870967742,0.9043010752688172
SSG,svm,train,0.8695652173913043,0.8810916179337233,0.8695652173913043,0.8685714285714284
SSG,svm,valid,0.935483870967742,0.8751300728407908,0.935483870967742,0.9043010752688172
SSG,transformer,train,0.9021739130434784,0.918181818181818,0.9021739130434784,0.901228677084576
SSG,transformer,valid,0.935483870967742,0.8751300728407908,0.935483870967742,0.9043010752688172
SSI,logistic_regression,train,0.8076923076923077,0.8078947368421052,0.8076923076923077,0.8076606937366432
SSI,logistic_regression,valid,0.8064516129032258,0.8064516129032258,0.8064516129032258,0.8064516129032258
SSI,lstm,train,0.9487179487179488,0.9534883720930232,0.9487179487179488,0.948582729070534
SSI,lstm,valid,0.8709677419354839,0.9106699751861042,0.8709677419354839,0.8762463343108504
SSI,svm,train,0.935897435897436,0.9361842105263158,0.935897435897436,0.9358868979122144
SSI,svm,valid,0.7419354838709677,0.7200992555831265,0.7419354838709677,0.7158218125960062
SSI,transformer,train,0.8205128205128205,0.8540305010893245,0.8205128205128205,0.8161616161616161
SSI,transformer,valid,0.8064516129032258,0.8064516129032258,0.8064516129032258,0.8064516129032258
SSM,logistic_regression,train,0.9591836734693876,0.9599499374217773,0.9591836734693876,0.9591666666666668
SSM,logistic_regression,valid,0.064516129032258,1.0,0.064516129032258,0.1212121212121212
SSM,lstm,train,0.5306122448979592,0.7578947368421052,0.5306122448979592,0.3979700854700854
SSM,lstm,valid,1.0,1.0,1.0,1.0
SSM,svm,train,0.979591836734694,0.979591836734694,0.979591836734694,0.979591836734694
SSM,svm,valid,0.064516129032258,1.0,0.064516129032258,0.1212121212121212
SSM,transformer,train,0.6530612244897959,0.6769378911892152,0.6530612244897959,0.6409482758620689
SSM,transformer,valid,0.5161290322580645,1.0,0.5161290322580645,0.6808510638297872
ST8,logistic_regression,train,0.9315068493150684,0.8677050103208857,0.9315068493150684,0.8984746915379382
ST8,logistic_regression,valid,0.064516129032258,0.0041623309053069,0.064516129032258,0.0078201368523949
ST8,lstm,train,0.9315068493150684,0.8677050103208857,0.9315068493150684,0.8984746915379382
ST8,lstm,valid,0.064516129032258,0.0041623309053069,0.064516129032258,0.0078201368523949
ST8,svm,train,0.9315068493150684,0.8677050103208857,0.9315068493150684,0.8984746915379382
ST8,svm,valid,0.064516129032258,0.0041623309053069,0.064516129032258,0.0078201368523949
ST8,transformer,train,0.5753424657534246,0.9156800760346288,0.5753424657534246,0.6756809102219421
ST8,transformer,valid,0.5806451612903226,0.8884753239591949,0.5806451612903226,0.6853351635781285
STB,logistic_regression,train,0.8660714285714286,0.8661881977671452,0.8660714285714286,0.8660607510165033
STB,logistic_regression,valid,0.3548387096774194,0.3548387096774194,0.3548387096774194,0.3548387096774194
STB,lstm,train,0.5357142857142857,0.5608695652173913,0.5357142857142857,0.4822190611664295
STB,lstm,valid,0.8064516129032258,0.821165817770232,0.8064516129032258,0.8104105571847506
STB,svm,train,0.9196428571428572,0.9263038548752834,0.9196428571428572,0.919327731092437
STB,svm,valid,0.6774193548387096,0.4588969823100936,0.6774193548387096,0.5471464019851118
STB,transformer,train,0.7053571428571429,0.7212298179319822,0.7053571428571429,0.6999756473739751
STB,transformer,valid,0.1935483870967742,0.1774193548387097,0.1935483870967742,0.1423451100870455
STC,logistic_regression,train,0.9726027397260274,0.9771689497716894,0.9726027397260274,0.97362712409111
STC,logistic_regression,valid,0.4516129032258064,0.3872887864823348,0.4516129032258064,0.4113396770245193
STC,lstm,train,0.863013698630137,0.744792644023269,0.863013698630137,0.7995568090249798
STC,lstm,valid,0.6129032258064516,0.3756503642039542,0.6129032258064516,0.4658064516129032
STC,svm,train,0.9452054794520548,0.9516056591062204,0.9452054794520548,0.94725424818222
STC,svm,valid,0.4838709677419355,0.407741935483871,0.4838709677419355,0.4330400782013685
STC,transformer,train,0.9315068493150684,0.936543110394843,0.9315068493150684,0.9213984453971906
STC,transformer,valid,0.5806451612903226,0.3677419354838709,0.5806451612903226,0.4502962475312705
STG,logistic_regression,train,0.9615384615384616,0.9622222222222222,0.9615384615384616,0.9615242323344432
STG,logistic_regression,valid,0.8387096774193549,1.0,0.8387096774193549,0.912280701754386
STG,lstm,train,0.9615384615384616,0.9622222222222222,0.9615384615384616,0.9615242323344432
STG,lstm,valid,0.8387096774193549,1.0,0.8387096774193549,0.912280701754386
STG,svm,train,0.9615384615384616,0.9642857142857142,0.9615384615384616,0.9614814814814814
STG,svm,valid,0.6451612903225806,1.0,0.6451612903225806,0.7843137254901961
STG,transformer,train,0.9230769230769232,0.9237037037037036,0.9230769230769232,0.9230484646688863
STG,transformer,valid,1.0,1.0,1.0,1.0
STL,logistic_regression,train,0.868421052631579,0.8740625,0.868421052631579,0.8679230709816945
STL,logistic_regression,valid,0.935483870967742,0.935483870967742,0.935483870967742,0.935483870967742
STL,lstm,train,0.5,0.25,0.5,0.3333333333333333
STL,lstm,valid,0.2258064516129032,0.0509885535900104,0.2258064516129032,0.0831918505942275
STL,svm,train,0.9473684210526316,0.947919876733436,0.9473684210526316,0.9473522167487683
STL,svm,valid,0.7741935483870968,0.5993756503642039,0.7741935483870968,0.6756598240469208
STL,transformer,train,0.8596491228070176,0.8710701810098443,0.8596491228070176,0.858560794044665
STL,transformer,valid,0.9032258064516128,0.9098877980364656,0.9032258064516128,0.9054221002059026
STP,logistic_regression,train,0.98,0.98,0.98,0.98
STP,logistic_regression,valid,0.4516129032258064,0.2039542143600416,0.4516129032258064,0.2810035842293907
STP,lstm,train,0.67,0.6733986128110975,0.67,0.6683750376846548
STP,lstm,valid,0.4516129032258064,0.2039542143600416,0.4516129032258064,0.2810035842293907
STP,svm,train,0.95,0.9501800720288114,0.95,0.94999499949995
STP,svm,valid,0.4516129032258064,0.2039542143600416,0.4516129032258064,0.2810035842293907
STP,transformer,train,0.38,0.3571428571428571,0.38,0.3541666666666667
STP,transformer,valid,0.4838709677419355,0.5099380905832519,0.4838709677419355,0.4618141714915909
STS,logistic_regression,train,0.8170731707317073,0.8172619047619047,0.8170731707317073,0.8170459616242748
STS,logistic_regression,valid,0.2580645161290322,1.0,0.2580645161290322,0.4102564102564102
STS,lstm,train,0.8048780487804879,0.8056052474657126,0.8048780487804879,0.8047619047619047
STS,lstm,valid,0.2580645161290322,1.0,0.2580645161290322,0.4102564102564102
STS,svm,train,0.8658536585365854,0.8843750000000001,0.8658536585365854,0.8642179738070148
STS,svm,valid,0.0967741935483871,1.0,0.0967741935483871,0.1764705882352941
STS,transformer,train,0.7439024390243902,0.7475845410628019,0.7439024390243902,0.74294670846395
STS,transformer,valid,0.5161290322580645,1.0,0.5161290322580645,0.6808510638297872
STT,logistic_regression,train,0.9901960784313726,0.9903846153846154,0.9901960784313726,0.9901951360184562
STT,logistic_regression,valid,0.935483870967742,0.935483870967742,0.935483870967742,0.935483870967742
STT,lstm,train,1.0,1.0,1.0,1.0
STT,lstm,valid,0.935483870967742,0.935483870967742,0.935483870967742,0.935483870967742
STT,svm,train,0.9411764705882352,0.9473684210526316,0.9411764705882352,0.940972222222222
STT,svm,valid,0.967741935483871,0.9702233250620348,0.967741935483871,0.967951176983435
STT,transformer,train,0.9411764705882352,0.9473684210526316,0.9411764705882352,0.940972222222222
STT,transformer,valid,0.967741935483871,0.9693548387096774,0.967741935483871,0.9674542381414752
SVC,logistic_regression,train,0.9891304347826086,0.9893617021276596,0.9891304347826086,0.989129150419473
SVC,logistic_regression,valid,0.3548387096774194,0.1259105098855359,0.3548387096774194,0.1858678955453149
SVC,lstm,train,0.9456521739130436,0.9509803921568628,0.9456521739130436,0.9454911719398033
SVC,lstm,valid,0.3548387096774194,0.1259105098855359,0.3548387096774194,0.1858678955453149
SVC,svm,train,1.0,1.0,1.0,1.0
SVC,svm,valid,0.8709677419354839,0.8924731182795699,0.8709677419354839,0.862495927012056
SVC,transformer,train,0.5,0.25,0.5,0.3333333333333333
SVC,transformer,valid,0.1612903225806451,0.0709677419354838,0.1612903225806451,0.0985663082437276
SVI,logistic_regression,train,0.8767123287671232,0.7686245074122724,0.8767123287671232,0.8191180881911808
SVI,logistic_regression,valid,0.6129032258064516,0.3756503642039542,0.6129032258064516,0.4658064516129032
SVI,lstm,train,0.9041095890410958,0.8998155953635406,0.9041095890410958,0.9016609510959528
SVI,lstm,valid,0.6129032258064516,0.3756503642039542,0.6129032258064516,0.4658064516129032
SVI,svm,train,0.9178082191780822,0.9268870766882256,0.9178082191780822,0.9212654924983692
SVI,svm,valid,0.6129032258064516,0.3756503642039542,0.6129032258064516,0.4658064516129032
SVI,transformer,train,0.8767123287671232,0.7686245074122724,0.8767123287671232,0.8191180881911808
SVI,transformer,valid,0.6129032258064516,0.3756503642039542,0.6129032258064516,0.4658064516129032
SVN,logistic_regression,train,0.9210526315789472,0.9318181818181818,0.9210526315789472,0.9205574912891984
SVN,logistic_regression,valid,1.0,1.0,1.0,1.0
SVN,lstm,train,0.9736842105263158,0.9736842105263158,0.9736842105263158,0.9736842105263158
SVN,lstm,valid,0.935483870967742,1.0,0.935483870967742,0.9666666666666668
SVN,svm,train,0.9210526315789472,0.9318181818181818,0.9210526315789472,0.9205574912891984
SVN,svm,valid,1.0,1.0,1.0,1.0
SVN,transformer,train,0.9210526315789472,0.9318181818181818,0.9210526315789472,0.9205574912891984
SVN,transformer,valid,1.0,1.0,1.0,1.0
SVT,logistic_regression,train,0.9642857142857144,0.9645490640952924,0.9642857142857144,0.964280652019844
SVT,logistic_regression,valid,0.4838709677419355,0.8279569892473119,0.4838709677419355,0.4752688172043011
SVT,lstm,train,0.6309523809523809,0.7876712328767123,0.6309523809523809,0.5727645611156686
SVT,lstm,valid,0.6774193548387096,0.5372636262513905,0.6774193548387096,0.5992555831265508
SVT,svm,train,1.0,1.0,1.0,1.0
SVT,svm,valid,0.4838709677419355,0.8279569892473119,0.4838709677419355,0.4752688172043011
SVT,transformer,train,0.5238095238095238,0.7560975609756098,0.5238095238095238,0.3841642228739002
SVT,transformer,valid,0.5483870967741935,0.6410951477365139,0.5483870967741935,0.576099706744868
SWC,logistic_regression,train,0.95,0.9501800720288114,0.95,0.94999499949995
SWC,logistic_regression,valid,0.6774193548387096,0.4588969823100936,0.6774193548387096,0.5471464019851118
SWC,lstm,train,0.94,0.9428341384863124,0.94,0.939903846153846
SWC,lstm,valid,0.6774193548387096,0.4588969823100936,0.6774193548387096,0.5471464019851118
SWC,svm,train,0.96,0.9607371794871794,0.96,0.959983993597439
SWC,svm,valid,0.6774193548387096,0.4588969823100936,0.6774193548387096,0.5471464019851118
SWC,transformer,train,0.84,0.8787878787878788,0.84,0.8357963875205254
SWC,transformer,valid,0.6774193548387096,0.4588969823100936,0.6774193548387096,0.5471464019851118
SZL,logistic_regression,train,0.8604651162790697,0.8636115657392253,0.8604651162790697,0.8601626016260162
SZL,logistic_regression,valid,0.6774193548387096,0.9255583126550868,0.6774193548387096,0.7431626928471249
SZL,lstm,train,0.5,0.25,0.5,0.3333333333333333
SZL,lstm,valid,0.9032258064516128,0.8158168574401664,0.9032258064516128,0.8572990705303445
SZL,svm,train,0.9651162790697676,0.9673913043478262,0.9651162790697676,0.9650737782591038
SZL,svm,valid,0.8387096774193549,0.8605137395459976,0.8387096774193549,0.8487641390867197
SZL,transformer,train,0.813953488372093,0.8166939443535188,0.813953488372093,0.813550135501355
SZL,transformer,valid,0.6129032258064516,0.9225806451612903,0.6129032258064516,0.689149560117302
TBC,logistic_regression,train,0.9634146341463414,0.9659090909090908,0.9634146341463414,0.9633655994043188
TBC,logistic_regression,valid,0.967741935483871,0.9365244536940688,0.967741935483871,0.9518773135906928
TBC,lstm,train,0.9634146341463414,0.9636904761904762,0.9634146341463414,0.9634091923248548
TBC,lstm,valid,0.967741935483871,0.9365244536940688,0.967741935483871,0.9518773135906928
TBC,svm,train,0.9634146341463414,0.9659090909090908,0.9634146341463414,0.9633655994043188
TBC,svm,valid,0.967741935483871,0.9365244536940688,0.967741935483871,0.9518773135906928
TBC,transformer,train,0.9634146341463414,0.9659090909090908,0.9634146341463414,0.9633655994043188
TBC,transformer,valid,0.967741935483871,0.9365244536940688,0.967741935483871,0.9518773135906928
TBT,logistic_regression,train,0.9152542372881356,0.927536231884058,0.9152542372881356,0.9146412037037036
TBT,logistic_regression,valid,0.0,0.0,0.0,0.0
TBT,lstm,train,0.923728813559322,0.9248271889400922,0.923728813559322,0.9236794825727632
TBT,lstm,valid,0.0,0.0,0.0,0.0
TBT,svm,train,0.9830508474576272,0.9836065573770492,0.9830508474576272,0.9830459770114942
TBT,svm,valid,0.0,0.0,0.0,0.0
TBT,transformer,train,0.864406779661017,0.8933333333333333,0.864406779661017,0.861867134913667
TBT,transformer,valid,0.0,0.0,0.0,0.0
TBX,logistic_regression,train,0.9912280701754386,0.9913793103448276,0.9912280701754386,0.9912273951519815
TBX,logistic_regression,valid,0.3870967741935484,0.4532814238042269,0.3870967741935484,0.2660821999925068
TBX,lstm,train,0.6666666666666666,0.7999999999999999,0.6666666666666666,0.625
TBX,lstm,valid,0.3548387096774194,0.3425499231950845,0.3548387096774194,0.2492668621700879
TBX,svm,train,1.0,1.0,1.0,1.0
TBX,svm,valid,0.4193548387096774,0.767741935483871,0.4193548387096774,0.2824884792626728
TBX,transformer,train,0.9385964912280702,0.9453125,0.9385964912280702,0.9383640997914576
TBX,transformer,valid,0.3870967741935484,0.1498439125910509,0.3870967741935484,0.2160540135033758
TCL,logistic_regression,train,0.988095238095238,0.9883720930232558,0.988095238095238,0.9880935506732812
TCL,logistic_regression,valid,0.5806451612903226,0.7903225806451613,0.5806451612903226,0.5320243104254324
TCL,lstm,train,0.9523809523809524,0.9565217391304348,0.9523809523809524,0.9522727272727274
TCL,lstm,valid,0.4193548387096774,0.1758584807492196,0.4193548387096774,0.2478005865102639
TCL,svm,train,0.8928571428571429,0.911764705882353,0.8928571428571429,0.8916129032258066
TCL,svm,valid,0.5806451612903226,0.3371488033298647,0.5806451612903226,0.4265964450296248
TCL,transformer,train,0.8571428571428571,0.8579545454545454,0.8571428571428571,0.8570618264322176
TCL,transformer,valid,0.4193548387096774,0.1758584807492196,0.4193548387096774,0.2478005865102639
TCM,logistic_regression,train,0.9910714285714286,0.9912280701754386,0.9910714285714286,0.9910707167344336
TCM,logistic_regression,valid,0.5161290322580645,0.2663891779396461,0.5161290322580645,0.3514070006863418
TCM,lstm,train,0.9464285714285714,0.9487179487179488,0.9464285714285714,0.9463601532567048
TCM,lstm,valid,0.8064516129032258,0.8124152886961236,0.8064516129032258,0.8060483870967742
TCM,svm,train,1.0,1.0,1.0,1.0
TCM,svm,valid,0.5161290322580645,0.2663891779396461,0.5161290322580645,0.3514070006863418
TCM,transformer,train,0.7767857142857143,0.845679012345679,0.7767857142857143,0.7650809631680511
TCM,transformer,valid,0.7741935483870968,0.8429172510518934,0.7741935483870968,0.7600963786097026
TCO,logistic_regression,train,0.7407407407407407,0.7708333333333334,0.7407407407407407,0.7333333333333334
TCO,logistic_regression,valid,0.5483870967741935,0.3007284079084287,0.5483870967741935,0.3884408602150538
TCO,lstm,train,0.5,0.25,0.5,0.3333333333333333
TCO,lstm,valid,0.5483870967741935,0.3007284079084287,0.5483870967741935,0.3884408602150538
TCO,svm,train,0.9074074074074074,0.921875,0.9074074074074074,0.9066067104808024
TCO,svm,valid,0.5483870967741935,0.3007284079084287,0.5483870967741935,0.3884408602150538
TCO,transformer,train,0.7592592592592593,0.8375,0.7592592592592593,0.744448489261012
TCO,transformer,valid,0.5483870967741935,0.3007284079084287,0.5483870967741935,0.3884408602150538
TCR,logistic_regression,train,0.61,0.6100440176070429,0.61,0.60996099609961
TCR,logistic_regression,valid,0.935483870967742,0.9406451612903226,0.935483870967742,0.9322196620583718
TCR,lstm,train,0.75,0.7921926133707339,0.75,0.7406369955389563
TCR,lstm,valid,0.9032258064516128,0.9296187683284458,0.9032258064516128,0.9074900304023372
TCR,svm,train,0.85,0.8569971440228477,0.85,0.8492613807657523
TCR,svm,valid,0.2580645161290322,0.0665972944849115,0.2580645161290322,0.1058726220016542
TCR,transformer,train,0.63,0.6428571428571428,0.63,0.6214833759590792
TCR,transformer,valid,0.935483870967742,0.9406451612903226,0.935483870967742,0.9322196620583718
TCT,logistic_regression,train,0.9387755102040816,0.9417190775681342,0.9387755102040816,0.9386733416770964
TCT,logistic_regression,valid,1.0,1.0,1.0,1.0
TCT,lstm,train,0.9897959183673468,0.99,0.9897959183673468,0.9897948557742372
TCT,lstm,valid,1.0,1.0,1.0,1.0
TCT,svm,train,0.979591836734694,0.979591836734694,0.979591836734694,0.979591836734694
TCT,svm,valid,0.8387096774193549,1.0,0.8387096774193549,0.912280701754386
TCT,transformer,train,0.979591836734694,0.979591836734694,0.979591836734694,0.979591836734694
TCT,transformer,valid,1.0,1.0,1.0,1.0
TDC,logistic_regression,train,0.8767123287671232,0.7686245074122724,0.8767123287671232,0.8191180881911808
TDC,logistic_regression,valid,0.967741935483871,0.9365244536940688,0.967741935483871,0.9518773135906928
TDC,lstm,train,0.8767123287671232,0.7686245074122724,0.8767123287671232,0.8191180881911808
TDC,lstm,valid,0.967741935483871,0.9365244536940688,0.967741935483871,0.9518773135906928
TDC,svm,train,0.8356164383561644,0.929549902152642,0.8356164383561644,0.859990552668871
TDC,svm,valid,0.935483870967742,0.935483870967742,0.935483870967742,0.935483870967742
TDC,transformer,train,0.8767123287671232,0.7686245074122724,0.8767123287671232,0.8191180881911808
TDC,transformer,valid,0.967741935483871,0.9365244536940688,0.967741935483871,0.9518773135906928
TDH,logistic_regression,train,0.9875,0.9878048780487806,0.9875,0.9874980465697766
TDH,logistic_regression,valid,0.3225806451612903,0.8797653958944281,0.3225806451612903,0.4720692368214004
TDH,lstm,train,0.7625,0.7666666666666666,0.7625,0.7615686274509803
TDH,lstm,valid,0.032258064516129,0.0010405827263267,0.032258064516129,0.002016129032258
TDH,svm,train,0.9625,0.962789243277048,0.9625,0.9624941397093296
TDH,svm,valid,0.1935483870967742,0.8294930875576036,0.1935483870967742,0.3138622493461203
TDH,transformer,train,0.5,0.25,0.5,0.3333333333333333
TDH,transformer,valid,0.9032258064516128,0.9343715239154616,0.9032258064516128,0.9185347184253692
TDS,logistic_regression,train,0.931372549019608,0.9315384615384616,0.931372549019608,0.9313659521291936
TDS,logistic_regression,valid,0.5161290322580645,0.2663891779396461,0.5161290322580645,0.3514070006863418
TDS,lstm,train,0.8529411764705882,0.8642857142857144,0.8529411764705882,0.8517872711421098
TDS,lstm,valid,0.5161290322580645,0.2663891779396461,0.5161290322580645,0.3514070006863418
TDS,svm,train,0.9019607843137256,0.904448742746615,0.9019607843137256,0.90180978051598
TDS,svm,valid,0.5161290322580645,0.2663891779396461,0.5161290322580645,0.3514070006863418
TDS,transformer,train,0.696078431372549,0.6967592592592594,0.696078431372549,0.6958152958152959
TDS,transformer,valid,0.3225806451612903,0.2064516129032258,0.3225806451612903,0.2517702596380802
TDW,logistic_regression,train,0.9454545454545454,0.9508196721311476,0.9454545454545454,0.9452917771883288
TDW,logistic_regression,valid,0.6774193548387096,0.7151364764267991,0.6774193548387096,0.6350602802215705
TDW,lstm,train,0.8818181818181818,0.9044117647058824,0.8818181818181818,0.8801441622663649
TDW,lstm,valid,0.5806451612903226,0.3371488033298647,0.5806451612903226,0.4265964450296248
TDW,svm,train,0.9272727272727272,0.9272727272727272,0.9272727272727272,0.9272727272727272
TDW,svm,valid,0.4838709677419355,0.7686318131256952,0.4838709677419355,0.3757296466973886
TDW,transformer,train,0.8545454545454545,0.8873239436619718,0.8545454545454545,0.8514015535292131
TDW,transformer,valid,0.5806451612903226,0.3371488033298647,0.5806451612903226,0.4265964450296248
TET,logistic_regression,train,0.717948717948718,0.7232323232323232,0.717948717948718,0.7162698412698413
TET,logistic_regression,valid,1.0,1.0,1.0,1.0
TET,lstm,train,1.0,1.0,1.0,1.0
TET,lstm,valid,1.0,1.0,1.0,1.0
TET,svm,train,0.717948717948718,0.7232323232323232,0.717948717948718,0.7162698412698413
TET,svm,valid,1.0,1.0,1.0,1.0
TET,transformer,train,0.8589743589743589,0.89,0.8589743589743589,0.8561126949522053
TET,transformer,valid,1.0,1.0,1.0,1.0
TGP,logistic_regression,train,0.8,0.8229665071770336,0.8,0.7963800904977376
TGP,logistic_regression,valid,1.0,1.0,1.0,1.0
TGP,lstm,train,0.9666666666666668,0.966897233201581,0.9666666666666668,0.966662550932214
TGP,lstm,valid,0.967741935483871,1.0,0.967741935483871,0.9836065573770492
TGP,svm,train,0.7777777777777778,0.7990430622009569,0.7777777777777778,0.7737556561085973
TGP,svm,valid,1.0,1.0,1.0,1.0
TGP,transformer,train,0.8222222222222222,0.8567523236741389,0.8222222222222222,0.8178137651821863
TGP,transformer,valid,1.0,1.0,1.0,1.0
TH1,logistic_regression,train,0.8444444444444444,0.8451261751608115,0.8444444444444444,0.8443675889328063
TH1,logistic_regression,valid,1.0,1.0,1.0,1.0
TH1,lstm,train,0.8666666666666667,0.8695868591338975,0.8666666666666667,0.8664027709054923
TH1,lstm,valid,0.935483870967742,1.0,0.935483870967742,0.9666666666666668
TH1,svm,train,0.9111111111111112,0.9185520361990952,0.9111111111111112,0.9107142857142858
TH1,svm,valid,0.7096774193548387,1.0,0.7096774193548387,0.8301886792452831
TH1,transformer,train,0.8222222222222222,0.8222222222222222,0.8222222222222222,0.8222222222222222
TH1,transformer,valid,0.967741935483871,1.0,0.967741935483871,0.9836065573770492
THB,logistic_regression,train,0.9074074074074074,0.907967032967033,0.9074074074074074,0.9073756432246998
THB,logistic_regression,valid,0.5483870967741935,0.3592880978865406,0.5483870967741935,0.4341397849462365
THB,lstm,train,0.8981481481481481,0.9015911449325492,0.8981481481481481,0.8979293753758915
THB,lstm,valid,0.7741935483870968,0.7746823069403714,0.7741935483870968,0.7663257277734068
THB,svm,train,0.925925925925926,0.935483870967742,0.925925925925926,0.9255172413793104
THB,svm,valid,0.7419354838709677,0.7638709677419355,0.7419354838709677,0.7165200391006843
THB,transformer,train,0.8703703703703703,0.8786816269284713,0.8703703703703703,0.8696551724137931
THB,transformer,valid,0.8387096774193549,0.837683284457478,0.8387096774193549,0.837271190707376
THG,logistic_regression,train,0.9791666666666666,0.98,0.9791666666666666,0.9791576204950064
THG,logistic_regression,valid,0.3548387096774194,0.1259105098855359,0.3548387096774194,0.1858678955453149
THG,lstm,train,0.9479166666666666,0.9528301886792452,0.9479166666666666,0.9477749972799476
THG,lstm,valid,0.8387096774193549,0.8891129032258065,0.8387096774193549,0.8421232292200034
THG,svm,train,0.9895833333333334,0.9897959183673468,0.9895833333333334,0.9895822029300052
THG,svm,valid,0.6451612903225806,0.4162330905306972,0.6451612903225806,0.5060088551549652
THG,transformer,train,0.4791666666666667,0.2446808510638297,0.4791666666666667,0.323943661971831
THG,transformer,valid,0.5161290322580645,0.7952853598014888,0.5161290322580645,0.4690496948561464
THT,logistic_regression,train,0.9761904761904762,0.9772727272727272,0.9761904761904762,0.9761769710720362
THT,logistic_regression,valid,0.3548387096774194,0.7997775305895439,0.3548387096774194,0.2558007923033389
THT,lstm,train,1.0,1.0,1.0,1.0
THT,lstm,valid,0.7096774193548387,0.5036420395421436,0.7096774193548387,0.5891661594643944
THT,svm,train,1.0,1.0,1.0,1.0
THT,svm,valid,0.6129032258064516,0.8341013824884793,0.6129032258064516,0.6177419354838709
THT,transformer,train,0.8333333333333334,0.8458823529411765,0.8333333333333334,0.8318077803203662
THT,transformer,valid,0.2903225806451613,0.0842872008324661,0.2903225806451613,0.1306451612903225
TIE,logistic_regression,train,0.9680851063829788,0.97,0.9680851063829788,0.9680525659907104
TIE,logistic_regression,valid,0.2903225806451613,0.2940092165898617,0.2903225806451613,0.2724315532664679
TIE,lstm,train,0.5,0.25,0.5,0.3333333333333333
TIE,lstm,valid,0.4193548387096774,0.1758584807492196,0.4193548387096774,0.2478005865102639
TIE,svm,train,0.9787234042553192,0.9787234042553192,0.9787234042553192,0.9787234042553192
TIE,svm,valid,0.2580645161290322,0.2434017595307917,0.2580645161290322,0.229800307219662
TIE,transformer,train,0.6595744680851063,0.7158603796693203,0.6595744680851063,0.6358353510895883
TIE,transformer,valid,0.5806451612903226,0.3371488033298647,0.5806451612903226,0.4265964450296248
TIG,logistic_regression,train,0.8369565217391305,0.8503685503685504,0.8369565217391305,0.8353811284742932
TIG,logistic_regression,valid,0.3225806451612903,1.0,0.3225806451612903,0.4878048780487805
TIG,lstm,train,0.5,0.25,0.5,0.3333333333333333
TIG,lstm,valid,1.0,1.0,1.0,1.0
TIG,svm,train,0.8152173913043478,0.818986131037781,0.8152173913043478,0.8146699845953311
TIG,svm,valid,0.1290322580645161,1.0,0.1290322580645161,0.2285714285714285
TIG,transformer,train,0.6521739130434783,0.7948717948717948,0.6521739130434783,0.6043010752688173
TIG,transformer,valid,0.7419354838709677,1.0,0.7419354838709677,0.8518518518518519
TIS,logistic_regression,train,0.9134615384615384,0.9148423005565862,0.9134615384615384,0.9133894697881004
TIS,logistic_regression,valid,0.5806451612903226,1.0,0.5806451612903226,0.7346938775510204
TIS,lstm,train,0.9615384615384616,0.9622222222222222,0.9615384615384616,0.9615242323344432
TIS,lstm,valid,0.6774193548387096,1.0,0.6774193548387096,0.8076923076923077
TIS,svm,train,0.9230769230769232,0.9333333333333332,0.9230769230769232,0.9226190476190476
TIS,svm,valid,0.6129032258064516,1.0,0.6129032258064516,0.76
TIS,transformer,train,0.8269230769230769,0.8348484848484848,0.8269230769230769,0.8258928571428571
TIS,transformer,valid,1.0,1.0,1.0,1.0
TIX,logistic_regression,train,0.8796296296296297,0.8861178932682248,0.8796296296296297,0.8791218252260009
TIX,logistic_regression,valid,0.6451612903225806,0.4162330905306972,0.6451612903225806,0.5060088551549652
TIX,lstm,train,0.8981481481481481,0.8993808049535603,0.8981481481481481,0.8980694980694982
TIX,lstm,valid,0.6451612903225806,0.4162330905306972,0.6451612903225806,0.5060088551549652
TIX,svm,train,0.9351851851851852,0.936532507739938,0.9351851851851852,0.935135135135135
TIX,svm,valid,0.6451612903225806,0.4162330905306972,0.6451612903225806,0.5060088551549652
TIX,transformer,train,0.8703703703703703,0.8786816269284713,0.8703703703703703,0.8696551724137931
TIX,transformer,valid,0.6451612903225806,0.4162330905306972,0.6451612903225806,0.5060088551549652
TJC,logistic_regression,train,1.0,1.0,1.0,1.0
TJC,logistic_regression,valid,1.0,1.0,1.0,1.0
TJC,lstm,train,1.0,1.0,1.0,1.0
TJC,lstm,valid,1.0,1.0,1.0,1.0
TJC,svm,train,1.0,1.0,1.0,1.0
TJC,svm,valid,1.0,1.0,1.0,1.0
TJC,transformer,train,1.0,1.0,1.0,1.0
TJC,transformer,valid,1.0,1.0,1.0,1.0
TKC,logistic_regression,train,0.875,0.9000000000000001,0.875,0.8730158730158729
TKC,logistic_regression,valid,0.6451612903225806,0.620347394540943,0.6451612903225806,0.6325110689437066
TKC,lstm,train,0.8035714285714286,0.8589743589743589,0.8035714285714286,0.7956882255389718
TKC,lstm,valid,0.7419354838709677,0.639599555061179,0.7419354838709677,0.6869772998805257
TKC,svm,train,0.7946428571428571,0.8544303797468354,0.7946428571428571,0.7856013316687473
TKC,svm,valid,0.8064516129032258,0.6503642039542143,0.8064516129032258,0.7200460829493088
TKC,transformer,train,0.8035714285714286,0.8589743589743589,0.8035714285714286,0.7956882255389718
TKC,transformer,valid,0.8064516129032258,0.6503642039542143,0.8064516129032258,0.7200460829493088
TKU,logistic_regression,train,0.8243243243243243,0.8447204968944101,0.8243243243243243,0.8216867469879519
TKU,logistic_regression,valid,0.4193548387096774,0.4638487208008899,0.4193548387096774,0.2976958525345622
TKU,lstm,train,0.5,0.25,0.5,0.3333333333333333
TKU,lstm,valid,0.5806451612903226,0.3371488033298647,0.5806451612903226,0.4265964450296248
TKU,svm,train,0.972972972972973,0.972972972972973,0.972972972972973,0.972972972972973
TKU,svm,valid,0.4193548387096774,0.4638487208008899,0.4193548387096774,0.2976958525345622
TKU,transformer,train,0.5675675675675675,0.6581196581196582,0.5675675675675675,0.495311167945439
TKU,transformer,valid,0.4516129032258064,0.7623655913978494,0.4516129032258064,0.3146839341414301
TLG,logistic_regression,train,0.9913793103448276,0.9915254237288136,0.9913793103448276,0.9913786696395392
TLG,logistic_regression,valid,0.1935483870967742,0.94026284348865,0.1935483870967742,0.235682745137695
TLG,lstm,train,0.6810344827586207,0.8052631578947368,0.6810344827586207,0.644907752130388
TLG,lstm,valid,0.064516129032258,0.0041623309053069,0.064516129032258,0.0078201368523949
TLG,svm,train,1.0,1.0,1.0,1.0
TLG,svm,valid,0.064516129032258,0.0041623309053069,0.064516129032258,0.0078201368523949
TLG,transformer,train,0.9310344827586208,0.9393939393939392,0.9310344827586208,0.930704898446834
TLG,transformer,valid,0.1935483870967742,0.7016129032258065,0.1935483870967742,0.3034001743679163
TLH,logistic_regression,train,0.8604651162790697,0.867622724765582,0.8604651162790697,0.859782608695652
TLH,logistic_regression,valid,0.7419354838709677,0.8836754643206256,0.7419354838709677,0.7909677419354838
TLH,lstm,train,0.5,0.25,0.5,0.3333333333333333
TLH,lstm,valid,0.9032258064516128,0.8158168574401664,0.9032258064516128,0.8572990705303445
TLH,svm,train,0.8604651162790697,0.8733893557422969,0.8604651162790697,0.8592471358428805
TLH,svm,valid,0.8387096774193549,0.8993548387096774,0.8387096774193549,0.8610265773990667
TLH,transformer,train,0.7209302325581395,0.7228587015821059,0.7209302325581395,0.7203252032520325
TLH,transformer,valid,0.4838709677419355,0.7967741935483871,0.4838709677419355,0.5855327468230693
TLT,logistic_regression,train,0.851063829787234,0.853625170998632,0.851063829787234,0.8507936507936508
TLT,logistic_regression,valid,1.0,1.0,1.0,1.0
TLT,lstm,train,0.9893617021276596,0.9895833333333331,0.9893617021276596,0.9893604980192416
TLT,lstm,valid,1.0,1.0,1.0,1.0
TLT,svm,train,0.8936170212765957,0.8936170212765957,0.8936170212765957,0.8936170212765957
TLT,svm,valid,1.0,1.0,1.0,1.0
TLT,transformer,train,1.0,1.0,1.0,1.0
TLT,transformer,valid,1.0,1.0,1.0,1.0
TMC,logistic_regression,train,0.863013698630137,0.744792644023269,0.863013698630137,0.7995568090249798
TMC,logistic_regression,valid,0.0967741935483871,0.0093652445369406,0.0967741935483871,0.01707779886148
TMC,lstm,train,0.2054794520547945,0.5682053643375159,0.2054794520547945,0.2539331672893317
TMC,lstm,valid,0.2580645161290322,0.91439205955335,0.2580645161290322,0.2937270367748677
TMC,svm,train,0.863013698630137,0.744792644023269,0.863013698630137,0.7995568090249798
TMC,svm,valid,0.0967741935483871,0.0093652445369406,0.0967741935483871,0.01707779886148
TMC,transformer,train,0.6438356164383562,0.9010654490106544,0.6438356164383562,0.6981893984514592
TMC,transformer,valid,0.9032258064516128,0.8158168574401664,0.9032258064516128,0.8572990705303445
TMP,logistic_regression,train,0.8679245283018868,0.8955223880597014,0.8679245283018868,0.8655797101449275
TMP,logistic_regression,valid,0.6129032258064516,0.8341013824884793,0.6129032258064516,0.6177419354838709
TMP,lstm,train,0.6132075471698113,0.6261904761904762,0.6132075471698113,0.6029962546816479
TMP,lstm,valid,0.2903225806451613,0.0842872008324661,0.2903225806451613,0.1306451612903225
TMP,svm,train,0.839622641509434,0.8613636363636363,0.839622641509434,0.8371735791090629
TMP,svm,valid,0.7096774193548387,0.5036420395421436,0.7096774193548387,0.5891661594643944
TMP,transformer,train,0.5094339622641509,0.5382395382395382,0.5094339622641509,0.3956140350877193
TMP,transformer,valid,0.7419354838709677,0.7258064516129032,0.7419354838709677,0.6929032258064516
TMS,logistic_regression,train,0.9041095890410958,0.8174141489960592,0.9041095890410958,0.8585788903124076
TMS,logistic_regression,valid,0.6774193548387096,0.4588969823100936,0.6774193548387096,0.5471464019851118
TMS,lstm,train,0.9041095890410958,0.8174141489960592,0.9041095890410958,0.8585788903124076
TMS,lstm,valid,0.6774193548387096,0.4588969823100936,0.6774193548387096,0.5471464019851118
TMS,svm,train,0.0958904109589041,0.0091949709138675,0.0958904109589041,0.0167808219178082
TMS,svm,valid,0.3225806451612903,0.1040582726326743,0.3225806451612903,0.1573564122738001
TMS,transformer,train,0.9041095890410958,0.8174141489960592,0.9041095890410958,0.8585788903124076
TMS,transformer,valid,0.6774193548387096,0.4588969823100936,0.6774193548387096,0.5471464019851118
TMT,logistic_regression,train,0.9224137931034484,0.9286576168929108,0.9224137931034484,0.9221302304766168
TMT,logistic_regression,valid,0.5806451612903226,0.6074817023583627,0.5806451612903226,0.5888055797733217
TMT,lstm,train,0.9396551724137931,0.9408345752608048,0.9396551724137931,0.939614783966684
TMT,lstm,valid,0.6129032258064516,0.6297215329473395,0.6129032258064516,0.6188455008488963
TMT,svm,train,0.9396551724137931,0.93978590544157,0.9396551724137931,0.9396506874767744
TMT,svm,valid,0.3225806451612903,0.3291090629800307,0.3225806451612903,0.2198726939259898
TMT,transformer,train,0.7758620689655172,0.8052631578947368,0.7758620689655172,0.7703320134023758
TMT,transformer,valid,0.6129032258064516,0.6297215329473395,0.6129032258064516,0.6188455008488963
TMW,logistic_regression,train,0.9042553191489362,0.9196428571428572,0.9042553191489362,0.9033695031410623
TMW,logistic_regression,valid,1.0,1.0,1.0,1.0
TMW,lstm,train,1.0,1.0,1.0,1.0
TMW,lstm,valid,1.0,1.0,1.0,1.0
TMW,svm,train,0.8829787234042553,0.9051724137931032,0.8829787234042553,0.8813539873780839
TMW,svm,valid,1.0,1.0,1.0,1.0
TMW,transformer,train,0.9787234042553192,0.979591836734694,0.9787234042553192,0.978713768115942
TMW,transformer,valid,1.0,1.0,1.0,1.0
TMX,logistic_regression,train,0.981132075471698,0.9818181818181816,0.981132075471698,0.981125356125356
TMX,logistic_regression,valid,0.8064516129032258,0.6503642039542143,0.8064516129032258,0.7200460829493088
TMX,lstm,train,0.9433962264150944,0.9491525423728814,0.9433962264150944,0.9432142857142856
TMX,lstm,valid,0.8064516129032258,0.6503642039542143,0.8064516129032258,0.7200460829493088
TMX,svm,train,0.9716981132075472,0.9732142857142856,0.9716981132075472,0.9716754253139752
TMX,svm,valid,0.1935483870967742,0.0374609781477627,0.1935483870967742,0.062772449869224
TMX,transformer,train,0.8490566037735849,0.8840579710144927,0.8490566037735849,0.8455373406193077
TMX,transformer,valid,0.8064516129032258,0.6503642039542143,0.8064516129032258,0.7200460829493088
TNA,logistic_regression,train,0.97,0.9716981132075472,0.97,0.9699729756781104
TNA,logistic_regression,valid,0.032258064516129,0.0010405827263267,0.032258064516129,0.002016129032258
TNA,lstm,train,0.94,0.9464285714285714,0.94,0.939783219590526
TNA,lstm,valid,0.967741935483871,0.9365244536940688,0.967741935483871,0.9518773135906928
TNA,svm,train,0.97,0.970188075230092,0.97,0.96999699969997
TNA,svm,valid,0.032258064516129,0.0010405827263267,0.032258064516129,0.002016129032258
TNA,transformer,train,0.88,0.9032258064516128,0.88,0.8782467532467533
TNA,transformer,valid,0.0967741935483871,0.9688542825361514,0.0967741935483871,0.1231182795698924
TNB,logistic_regression,train,0.9021739130434784,0.9023640661938536,0.9021739130434784,0.9021623537752568
TNB,logistic_regression,valid,0.0,0.0,0.0,0.0
TNB,lstm,train,0.9021739130434784,0.903891789273849,0.9021739130434784,0.9020697811945596
TNB,lstm,valid,0.064516129032258,1.0,0.064516129032258,0.1212121212121212
TNB,svm,train,0.9239130434782608,0.9289813486370158,0.9239130434782608,0.9236876407157248
TNB,svm,valid,1.0,1.0,1.0,1.0
TNB,transformer,train,0.7608695652173914,0.779918864097363,0.7608695652173914,0.7567307692307692
TNB,transformer,valid,0.0,0.0,0.0,0.0
TNC,logistic_regression,train,0.8306451612903226,0.8734939759036144,0.8306451612903226,0.8256444593237363
TNC,logistic_regression,valid,0.8064516129032258,0.6503642039542143,0.8064516129032258,0.7200460829493088
TNC,lstm,train,0.6854838709677419,0.7722413134784268,0.6854838709677419,0.658257366970532
TNC,lstm,valid,0.7419354838709677,0.8446519524617996,0.7419354838709677,0.7673509286412512
TNC,svm,train,0.935483870967742,0.9428571428571428,0.935483870967742,0.93521421107628
TNC,svm,valid,0.8064516129032258,0.6503642039542143,0.8064516129032258,0.7200460829493088
TNC,transformer,train,0.5887096774193549,0.5927891156462585,0.5887096774193549,0.5841388834089565
TNC,transformer,valid,0.1935483870967742,0.0374609781477627,0.1935483870967742,0.062772449869224
TNG,logistic_regression,train,0.9487179487179488,0.9534883720930232,0.9487179487179488,0.948582729070534
TNG,logistic_regression,valid,0.3225806451612903,0.1040582726326743,0.3225806451612903,0.1573564122738001
TNG,lstm,train,0.8846153846153846,0.90625,0.8846153846153846,0.8830584707646176
TNG,lstm,valid,0.3225806451612903,0.1040582726326743,0.3225806451612903,0.1573564122738001
TNG,svm,train,1.0,1.0,1.0,1.0
TNG,svm,valid,0.5806451612903226,0.817671809256662,0.5806451612903226,0.5692520308760576
TNG,transformer,train,0.5512820512820513,0.7635135135135135,0.5512820512820513,0.4381559991767854
TNG,transformer,valid,0.3225806451612903,0.1040582726326743,0.3225806451612903,0.1573564122738001
TNM,logistic_regression,train,0.7631578947368421,0.7827380952380952,0.7631578947368421,0.758985200845666
TNM,logistic_regression,valid,0.4193548387096774,0.4193548387096774,0.4193548387096774,0.4193548387096774
TNM,lstm,train,0.9605263157894736,0.9634146341463414,0.9605263157894736,0.9604647130223686
TNM,lstm,valid,0.967741935483871,0.970674486803519,0.967741935483871,0.9681165936083324
TNM,svm,train,0.9078947368421052,0.910452961672474,0.9078947368421052,0.9077509970521936
TNM,svm,valid,0.7096774193548387,0.8471986417657046,0.7096774193548387,0.7151380321569422
TNM,transformer,train,0.7763157894736842,0.7927366104181951,0.7763157894736842,0.773134328358209
TNM,transformer,valid,0.4516129032258064,0.4361355490387749,0.4516129032258064,0.443558257985549
TNT,logistic_regression,train,0.7454545454545455,0.8160919540229885,0.7454545454545455,0.7303921568627451
TNT,logistic_regression,valid,0.7419354838709677,0.9007444168734492,0.7419354838709677,0.7758227435646791
TNT,lstm,train,0.7272727272727273,0.7807268272764395,0.7272727272727273,0.7136410968413744
TNT,lstm,valid,0.6774193548387096,0.8924731182795699,0.6774193548387096,0.7196620583717358
TNT,svm,train,0.8636363636363636,0.8928571428571429,0.8636363636363636,0.8610526315789473
TNT,svm,valid,0.3548387096774194,0.8709677419354839,0.3548387096774194,0.3682795698924731
TNT,transformer,train,0.7090909090909091,0.8160919540229885,0.7090909090909091,0.6821957385337666
TNT,transformer,valid,0.8064516129032258,0.8722710980775498,0.8064516129032258,0.8260368663594471
TPH,logistic_regression,train,0.7727272727272727,0.7735411140583554,0.7727272727272727,0.7725581010669093
TPH,logistic_regression,valid,0.0967741935483871,0.9688542825361514,0.0967741935483871,0.1231182795698924
TPH,lstm,train,0.5,0.25,0.5,0.3333333333333333
TPH,lstm,valid,0.032258064516129,0.0010405827263267,0.032258064516129,0.002016129032258
TPH,svm,train,0.7727272727272727,0.7728174603174603,0.7727272727272727,0.7727084883048186
TPH,svm,valid,0.064516129032258,0.9688172043010752,0.064516129032258,0.064516129032258
TPH,transformer,train,0.5636363636363636,0.5786035116374031,0.5636363636363636,0.5418257549461992
TPH,transformer,valid,0.967741935483871,0.9365244536940688,0.967741935483871,0.9518773135906928
TPP,logistic_regression,train,0.9107142857142856,0.915483870967742,0.9107142857142856,0.9104573073233132
TPP,logistic_regression,valid,0.1612903225806451,0.0260145681581685,0.1612903225806451,0.0448028673835125
TPP,lstm,train,0.875,0.8769230769230768,0.875,0.8748403575989782
TPP,lstm,valid,0.1612903225806451,0.0260145681581685,0.1612903225806451,0.0448028673835125
TPP,svm,train,0.9196428571428572,0.9307692307692308,0.9196428571428572,0.9191205969670224
TPP,svm,valid,0.1612903225806451,0.0260145681581685,0.1612903225806451,0.0448028673835125
TPP,transformer,train,0.5446428571428571,0.6904761904761906,0.5446428571428571,0.4368530020703933
TPP,transformer,valid,0.8387096774193549,0.7034339229968783,0.8387096774193549,0.7651386530843237
TRA,logistic_regression,train,0.7439024390243902,0.7628205128205129,0.7439024390243902,0.7392094502498865
TRA,logistic_regression,valid,0.7419354838709677,0.7433380084151472,0.7419354838709677,0.7284178187403995
TRA,lstm,train,0.7682926829268293,0.8097527472527472,0.7682926829268293,0.7602708108939837
TRA,lstm,valid,0.7419354838709677,0.7638709677419355,0.7419354838709677,0.7165200391006843
TRA,svm,train,0.8780487804878049,0.8816816816816817,0.8780487804878049,0.8777579010137151
TRA,svm,valid,0.4516129032258064,0.7730812013348164,0.4516129032258064,0.3433367052564534
TRA,transformer,train,0.7073170731707317,0.744561403508772,0.7073170731707317,0.6957328385899815
TRA,transformer,valid,0.7419354838709677,0.7433380084151472,0.7419354838709677,0.7284178187403995
TRC,logistic_regression,train,0.9385964912280702,0.9453125,0.9385964912280702,0.9383640997914576
TRC,logistic_regression,valid,0.7741935483870968,0.929032258064516,0.7741935483870968,0.8445747800586509
TRC,lstm,train,0.9649122807017544,0.9672131147540984,0.9649122807017544,0.964869029275809
TRC,lstm,valid,0.967741935483871,0.9365244536940688,0.967741935483871,0.9518773135906928
TRC,svm,train,0.9912280701754386,0.9913793103448276,0.9912280701754386,0.9912273951519815
TRC,svm,valid,0.967741935483871,0.9365244536940688,0.967741935483871,0.9518773135906928
TRC,transformer,train,0.8070175438596491,0.860759493670886,0.8070175438596491,0.7995524296675193
TRC,transformer,valid,0.6774193548387096,0.970674486803519,0.6774193548387096,0.7795698924731184
TS4,logistic_regression,train,1.0,1.0,1.0,1.0
TS4,logistic_regression,valid,0.7741935483870968,0.7540942928039702,0.7741935483870968,0.7550514002126905
TS4,lstm,train,1.0,1.0,1.0,1.0
TS4,lstm,valid,0.8387096774193549,0.8675115207373272,0.8387096774193549,0.80995917428555
TS4,svm,train,1.0,1.0,1.0,1.0
TS4,svm,valid,0.6129032258064516,0.6427035330261136,0.6129032258064516,0.6256109481915934
TS4,transformer,train,0.9910714285714286,0.9912280701754386,0.9910714285714286,0.9910707167344336
TS4,transformer,valid,0.8064516129032258,0.8464961067853171,0.8064516129032258,0.7595533498759305
TSB,logistic_regression,train,0.9878048780487804,0.988095238095238,0.9878048780487804,0.987803064108285
TSB,logistic_regression,valid,0.4516129032258064,1.0,0.4516129032258064,0.6222222222222222
TSB,lstm,train,0.5,0.25,0.5,0.3333333333333333
TSB,lstm,valid,1.0,1.0,1.0,1.0
TSB,svm,train,0.9878048780487804,0.988095238095238,0.9878048780487804,0.987803064108285
TSB,svm,valid,0.5161290322580645,1.0,0.5161290322580645,0.6808510638297872
TSB,transformer,train,0.951219512195122,0.9555555555555556,0.951219512195122,0.951103160405486
TSB,transformer,valid,0.6129032258064516,1.0,0.6129032258064516,0.76
TSC,logistic_regression,train,0.5,0.25,0.5,0.3333333333333333
TSC,logistic_regression,valid,0.4516129032258064,0.2039542143600416,0.4516129032258064,0.2810035842293907
TSC,lstm,train,0.5,0.25,0.5,0.3333333333333333
TSC,lstm,valid,0.5483870967741935,0.3007284079084287,0.5483870967741935,0.3884408602150538
TSC,svm,train,1.0,1.0,1.0,1.0
TSC,svm,valid,0.4516129032258064,0.2039542143600416,0.4516129032258064,0.2810035842293907
TSC,transformer,train,0.7804878048780488,0.8474576271186441,0.7804878048780488,0.7693749999999999
TSC,transformer,valid,0.8709677419354839,0.8955453149001537,0.8709677419354839,0.8670062252405207
TST,logistic_regression,train,1.0,1.0,1.0,1.0
TST,logistic_regression,valid,0.4193548387096774,0.1758584807492196,0.4193548387096774,0.2478005865102639
TST,lstm,train,0.4901960784313725,0.2475247524752475,0.4901960784313725,0.3289473684210526
TST,lstm,valid,0.4193548387096774,0.1758584807492196,0.4193548387096774,0.2478005865102639
TST,svm,train,0.9901960784313726,0.9903846153846154,0.9901960784313726,0.9901951360184562
TST,svm,valid,0.4193548387096774,0.1758584807492196,0.4193548387096774,0.2478005865102639
TST,transformer,train,0.5588235294117647,0.7034574468085106,0.5588235294117647,0.4634716540035067
TST,transformer,valid,0.4193548387096774,0.1758584807492196,0.4193548387096774,0.2478005865102639
TTC,logistic_regression,train,0.8214285714285714,0.8216108905275099,0.8214285714285714,0.8214032600992203
TTC,logistic_regression,valid,0.935483870967742,0.8751300728407908,0.935483870967742,0.9043010752688172
TTC,lstm,train,0.9523809523809524,0.9523809523809524,0.9523809523809524,0.9523809523809524
TTC,lstm,valid,0.935483870967742,0.8751300728407908,0.935483870967742,0.9043010752688172
TTC,svm,train,0.8333333333333334,0.8340909090909091,0.8333333333333334,0.8332387975042541
TTC,svm,valid,0.935483870967742,0.8751300728407908,0.935483870967742,0.9043010752688172
TTC,transformer,train,0.9285714285714286,0.9324942791762014,0.9285714285714286,0.9284090909090909
TTC,transformer,valid,0.935483870967742,0.8751300728407908,0.935483870967742,0.9043010752688172
TTF,logistic_regression,train,0.7403846153846154,0.7622025010084711,0.7403846153846154,0.7348692285903126
TTF,logistic_regression,valid,1.0,1.0,1.0,1.0
TTF,lstm,train,0.9134615384615384,0.9173198954833892,0.9134615384615384,0.9132610508757298
TTF,lstm,valid,1.0,1.0,1.0,1.0
TTF,svm,train,0.9326923076923076,0.9367301231802913,0.9326923076923076,0.9325363729033456
TTF,svm,valid,0.9032258064516128,1.0,0.9032258064516128,0.9491525423728814
TTF,transformer,train,0.8846153846153846,0.8846153846153846,0.8846153846153846,0.8846153846153846
TTF,transformer,valid,1.0,1.0,1.0,1.0
TTG,logistic_regression,train,0.9166666666666666,0.9232804232804231,0.9166666666666666,0.9163398692810456
TTG,logistic_regression,valid,0.4516129032258064,1.0,0.4516129032258064,0.6222222222222222
TTG,lstm,train,0.96875,0.9689535388623536,0.96875,0.9687466087900164
TTG,lstm,valid,0.3548387096774194,1.0,0.3548387096774194,0.5238095238095238
TTG,svm,train,0.96875,0.9689535388623536,0.96875,0.9687466087900164
TTG,svm,valid,1.0,1.0,1.0,1.0
TTG,transformer,train,0.9791666666666666,0.9791666666666666,0.9791666666666666,0.9791666666666666
TTG,transformer,valid,1.0,1.0,1.0,1.0
TTZ,logistic_regression,train,0.9722222222222222,0.9736842105263158,0.9722222222222222,0.9722007722007724
TTZ,logistic_regression,valid,0.8064516129032258,1.0,0.8064516129032258,0.8928571428571429
TTZ,lstm,train,0.8981481481481481,0.8993808049535603,0.8981481481481481,0.8980694980694982
TTZ,lstm,valid,0.7741935483870968,1.0,0.7741935483870968,0.8727272727272727
TTZ,svm,train,1.0,1.0,1.0,1.0
TTZ,svm,valid,0.7741935483870968,1.0,0.7741935483870968,0.8727272727272727
TTZ,transformer,train,0.7592592592592593,0.7842105263157896,0.7592592592592593,0.7538569424964936
TTZ,transformer,valid,0.8387096774193549,1.0,0.8387096774193549,0.912280701754386
TV1,logistic_regression,train,0.872093023255814,0.8739130434782609,0.872093023255814,0.8719371869500475
TV1,logistic_regression,valid,0.5806451612903226,0.5801030089455137,0.5806451612903226,0.5797687666430714
TV1,lstm,train,0.7325581395348837,0.8053977272727273,0.7325581395348837,0.7156002875629044
TV1,lstm,valid,0.4838709677419355,0.2341311134235171,0.4838709677419355,0.3155680224403927
TV1,svm,train,0.9302325581395348,0.9387755102040816,0.9302325581395348,0.929891304347826
TV1,svm,valid,0.6129032258064516,0.6175953079178885,0.6129032258064516,0.6046319272125724
TV1,transformer,train,0.627906976744186,0.6281842818428185,0.627906976744186,0.6277056277056277
TV1,transformer,valid,0.6129032258064516,0.624221844934918,0.6129032258064516,0.6080238547031717
TV2,logistic_regression,train,0.9333333333333332,0.9411764705882352,0.9333333333333332,0.9330357142857144
TV2,logistic_regression,valid,1.0,1.0,1.0,1.0
TV2,lstm,train,0.95,0.9545454545454546,0.95,0.949874686716792
TV2,lstm,valid,1.0,1.0,1.0,1.0
TV2,svm,train,0.9583333333333334,0.9615384615384616,0.9583333333333334,0.9582608695652174
TV2,svm,valid,0.967741935483871,1.0,0.967741935483871,0.9836065573770492
TV2,transformer,train,0.9416666666666668,0.9477611940298508,0.9416666666666668,0.941467493554456
TV2,transformer,valid,1.0,1.0,1.0,1.0
TV3,logistic_regression,train,0.9726027397260274,0.9459560893225746,0.9726027397260274,0.9590943683409436
TV3,logistic_regression,valid,0.2580645161290322,0.0665972944849115,0.2580645161290322,0.1058726220016542
TV3,lstm,train,0.9726027397260274,0.9459560893225746,0.9726027397260274,0.9590943683409436
TV3,lstm,valid,0.2580645161290322,0.0665972944849115,0.2580645161290322,0.1058726220016542
TV3,svm,train,0.9726027397260274,0.9863013698630136,0.9726027397260274,0.9769732550554469
TV3,svm,valid,0.2580645161290322,0.0665972944849115,0.2580645161290322,0.1058726220016542
TV3,transformer,train,0.8767123287671232,0.9431299294312993,0.8767123287671232,0.9087091290870912
TV3,transformer,valid,0.5806451612903226,0.8402457757296466,0.5806451612903226,0.5920382917045875
TV4,logistic_regression,train,0.90625,0.9150776053215076,0.90625,0.9057488818588416
TV4,logistic_regression,valid,0.5161290322580645,0.2663891779396461,0.5161290322580645,0.3514070006863418
TV4,lstm,train,0.90625,0.9210526315789472,0.90625,0.9054187192118226
TV4,lstm,valid,0.5161290322580645,0.2663891779396461,0.5161290322580645,0.3514070006863418
TV4,svm,train,0.9479166666666666,0.9528301886792452,0.9479166666666666,0.9477749972799476
TV4,svm,valid,0.5161290322580645,0.2663891779396461,0.5161290322580645,0.3514070006863418
TV4,transformer,train,0.8645833333333334,0.8934426229508197,0.8645833333333334,0.8620537194650161
TV4,transformer,valid,0.8064516129032258,0.8064516129032258,0.8064516129032258,0.8064516129032258
TVD,logistic_regression,train,0.8902439024390244,0.91,0.8902439024390244,0.8889056149330122
TVD,logistic_regression,valid,0.8387096774193549,1.0,0.8387096774193549,0.912280701754386
TVD,lstm,train,0.8658536585365854,0.894230769230769,0.8658536585365854,0.863395426321369
TVD,lstm,valid,0.8387096774193549,1.0,0.8387096774193549,0.912280701754386
TVD,svm,train,0.902439024390244,0.9112462006079028,0.902439024390244,0.901913875598086
TVD,svm,valid,0.8387096774193549,1.0,0.8387096774193549,0.912280701754386
TVD,transformer,train,0.8048780487804879,0.8596491228070176,0.8048780487804879,0.7971552257266543
TVD,transformer,valid,0.7419354838709677,1.0,0.7419354838709677,0.8518518518518519
TVG,logistic_regression,train,0.9607843137254902,0.9636363636363636,0.9607843137254902,0.960723912206392
TVG,logistic_regression,valid,0.4193548387096774,0.969439728353141,0.4193548387096774,0.556221198156682
TVG,lstm,train,0.9117647058823528,0.925,0.9117647058823528,0.911072362685266
TVG,lstm,valid,0.032258064516129,0.0010405827263267,0.032258064516129,0.002016129032258
TVG,svm,train,0.9705882352941176,0.972222222222222,0.9705882352941176,0.9705627705627704
TVG,svm,valid,0.967741935483871,0.9365244536940688,0.967741935483871,0.9518773135906928
TVG,transformer,train,0.5784313725490197,0.7712765957446809,0.5784313725490197,0.4873173582700175
TVG,transformer,valid,0.967741935483871,0.9365244536940688,0.967741935483871,0.9518773135906928
TXM,logistic_regression,train,0.99,0.9901960784313724,0.99,0.98999899989999
TXM,logistic_regression,valid,0.7096774193548387,0.5873192436040043,0.7096774193548387,0.642726719415703
TXM,lstm,train,0.95,0.9545454545454546,0.95,0.9498746867167918
TXM,lstm,valid,0.7741935483870968,0.5993756503642039,0.7741935483870968,0.6756598240469208
TXM,svm,train,0.98,0.9807692307692308,0.98,0.9799919967987194
TXM,svm,valid,0.7741935483870968,0.5993756503642039,0.7741935483870968,0.6756598240469208
TXM,transformer,train,0.7,0.7380952380952382,0.7,0.6875
TXM,transformer,valid,0.6451612903225806,0.5734767025089605,0.6451612903225806,0.6072106261859582
TYA,logistic_regression,train,0.8958333333333334,0.8986013986013986,0.8958333333333334,0.8956521739130435
TYA,logistic_regression,valid,0.032258064516129,0.0010405827263267,0.032258064516129,0.002016129032258
TYA,lstm,train,0.5,0.25,0.5,0.3333333333333333
TYA,lstm,valid,0.032258064516129,0.0010405827263267,0.032258064516129,0.002016129032258
TYA,svm,train,0.9166666666666666,0.9195804195804196,0.9166666666666666,0.9165217391304348
TYA,svm,valid,0.032258064516129,0.0010405827263267,0.032258064516129,0.002016129032258
TYA,transformer,train,0.5625,0.6124999999999999,0.5625,0.5078125
TYA,transformer,valid,0.1290322580645161,0.96889400921659,0.1290322580645161,0.1781777732834462
UDC,logistic_regression,train,0.913793103448276,0.9264705882352942,0.913793103448276,0.9131476489967056
UDC,logistic_regression,valid,0.4838709677419355,0.3722084367245657,0.4838709677419355,0.420757363253857
UDC,lstm,train,0.4913793103448275,0.2478260869565217,0.4913793103448275,0.3294797687861271
UDC,lstm,valid,0.0967741935483871,0.1262026032823995,0.0967741935483871,0.1043010752688172
UDC,svm,train,0.9310344827586208,0.9393939393939392,0.9310344827586208,0.930704898446834
UDC,svm,valid,0.4838709677419355,0.4270353302611367,0.4838709677419355,0.4499837080482241
UDC,transformer,train,0.6293103448275862,0.7360282148670645,0.6293103448275862,0.5820695433598658
UDC,transformer,valid,0.5483870967741935,0.3917050691244239,0.5483870967741935,0.456989247311828
UDJ,logistic_regression,train,0.8653846153846154,0.8659259259259259,0.8653846153846154,0.8653348131705513
UDJ,logistic_regression,valid,0.967741935483871,1.0,0.967741935483871,0.9836065573770492
UDJ,lstm,train,0.971153846153846,0.9727272727272728,0.971153846153846,0.9711298232627
UDJ,lstm,valid,1.0,1.0,1.0,1.0
UDJ,svm,train,0.9423076923076924,0.9482758620689656,0.9423076923076924,0.9421150278293136
UDJ,svm,valid,0.967741935483871,1.0,0.967741935483871,0.9836065573770492
UDJ,transformer,train,0.9519230769230768,0.9534322820037106,0.9519230769230768,0.9518830387711668
UDJ,transformer,valid,1.0,1.0,1.0,1.0
UIC,logistic_regression,train,0.9661016949152542,0.9682539682539684,0.9661016949152542,0.9660626977279264
UIC,logistic_regression,valid,0.0967741935483871,0.9397849462365592,0.0967741935483871,0.0704301075268817
UIC,lstm,train,0.5,0.25,0.5,0.3333333333333333
UIC,lstm,valid,0.935483870967742,0.8751300728407908,0.935483870967742,0.9043010752688172
UIC,svm,train,0.9830508474576272,0.9836065573770492,0.9830508474576272,0.9830459770114942
UIC,svm,valid,0.935483870967742,0.8751300728407908,0.935483870967742,0.9043010752688172
UIC,transformer,train,0.5,0.25,0.5,0.3333333333333333
UIC,transformer,valid,0.3870967741935484,0.9416282642089092,0.3870967741935484,0.490955514798432
UNI,logistic_regression,train,0.9041095890410958,0.8174141489960592,0.9041095890410958,0.8585788903124076
UNI,logistic_regression,valid,0.967741935483871,0.9365244536940688,0.967741935483871,0.9518773135906928
UNI,lstm,train,0.9726027397260274,0.9726027397260274,0.9726027397260274,0.9726027397260274
UNI,lstm,valid,0.967741935483871,0.9365244536940688,0.967741935483871,0.9518773135906928
UNI,svm,train,0.9726027397260274,0.9726027397260274,0.9726027397260274,0.9726027397260274
UNI,svm,valid,0.967741935483871,0.9365244536940688,0.967741935483871,0.9518773135906928
UNI,transformer,train,0.9041095890410958,0.8174141489960592,0.9041095890410958,0.8585788903124076
UNI,transformer,valid,0.967741935483871,0.9365244536940688,0.967741935483871,0.9518773135906928
V11,logistic_regression,train,0.7685185185185185,0.7686106346483704,0.7685185185185185,0.7684986710108892
V11,logistic_regression,valid,0.8387096774193549,0.8411290322580646,0.8387096774193549,0.8390467522836822
V11,lstm,train,0.8888888888888888,0.8910344827586206,0.8888888888888888,0.8887362637362637
V11,lstm,valid,0.8064516129032258,0.8569424964936886,0.8064516129032258,0.794574780058651
V11,svm,train,0.7407407407407407,0.813392857142857,0.7407407407407407,0.7247906807426283
V11,svm,valid,0.4516129032258064,0.2039542143600416,0.4516129032258064,0.2810035842293907
V11,transformer,train,0.8148148148148148,0.8218793828892005,0.8148148148148148,0.8137931034482759
V11,transformer,valid,0.9032258064516128,0.90432864626413,0.9032258064516128,0.9028161802355352
V12,logistic_regression,train,0.8469387755102041,0.8541666666666667,0.8469387755102041,0.8461538461538463
V12,logistic_regression,valid,0.6129032258064516,0.3756503642039542,0.6129032258064516,0.4658064516129032
V12,lstm,train,0.6938775510204082,0.7023033463711429,0.6938775510204082,0.6906565656565656
V12,lstm,valid,0.6129032258064516,0.3756503642039542,0.6129032258064516,0.4658064516129032
V12,svm,train,0.8571428571428571,0.8571428571428571,0.8571428571428571,0.8571428571428571
V12,svm,valid,0.8387096774193549,0.8861480075901328,0.8387096774193549,0.8403950517409917
V12,transformer,train,0.7142857142857143,0.7982608695652174,0.7142857142857143,0.692652329749104
V12,transformer,valid,0.6129032258064516,0.3756503642039542,0.6129032258064516,0.4658064516129032
V15,logistic_regression,train,0.8559322033898306,0.8881578947368421,0.8559322033898306,0.8528786211954529
V15,logistic_regression,valid,0.8064516129032258,0.847926267281106,0.8064516129032258,0.7696774193548387
V15,lstm,train,0.8389830508474576,0.8624078624078624,0.8389830508474576,0.8363384188626907
V15,lstm,valid,0.8709677419354839,0.8908188585607941,0.8709677419354839,0.857910906298003
V15,svm,train,0.847457627118644,0.8539654667837284,0.847457627118644,0.8467532467532467
V15,svm,valid,0.6451612903225806,0.7841191066997519,0.6451612903225806,0.6586789554531489
V15,transformer,train,0.8220338983050848,0.8442874692874693,0.8220338983050848,0.8191108840061317
V15,transformer,valid,0.9032258064516128,0.9148387096774192,0.9032258064516128,0.8966369251887439
V21,logistic_regression,train,0.875,0.8819209039548023,0.875,0.8744311321630909
V21,logistic_regression,valid,0.6129032258064516,0.3756503642039542,0.6129032258064516,0.4658064516129032
V21,lstm,train,0.8076923076923077,0.8317384370015949,0.8076923076923077,0.8041431261770244
V21,lstm,valid,0.6129032258064516,0.3756503642039542,0.6129032258064516,0.4658064516129032
V21,svm,train,0.8846153846153846,0.8851851851851852,0.8846153846153846,0.8845726970033296
V21,svm,valid,0.6129032258064516,0.3756503642039542,0.6129032258064516,0.4658064516129032
V21,transformer,train,0.7692307692307693,0.7973856209150327,0.7692307692307693,0.7636363636363637
V21,transformer,valid,0.5483870967741935,0.5182328190743338,0.5483870967741935,0.5247311827956989
VBC,logistic_regression,train,0.8157894736842105,0.8392857142857143,0.8157894736842105,0.8125440451021847
VBC,logistic_regression,valid,0.3870967741935484,0.3064516129032258,0.3870967741935484,0.342085521380345
VBC,lstm,train,0.7982456140350878,0.8273648648648649,0.7982456140350878,0.7936570394270874
VBC,lstm,valid,0.3548387096774194,0.2931276297335203,0.3548387096774194,0.3210445468509985
VBC,svm,train,0.8596491228070176,0.8710701810098443,0.8596491228070176,0.858560794044665
VBC,svm,valid,0.6129032258064516,0.3756503642039542,0.6129032258064516,0.4658064516129032
VBC,transformer,train,0.8333333333333334,0.8516233766233766,0.8333333333333334,0.8311374444531067
VBC,transformer,valid,0.5161290322580645,0.3502304147465437,0.5161290322580645,0.4172958133150308
VBH,logistic_regression,train,0.8804347826086957,0.8820598006644518,0.8804347826086957,0.8803075103489061
VBH,logistic_regression,valid,0.967741935483871,0.9365244536940688,0.967741935483871,0.9518773135906928
VBH,lstm,train,0.5869565217391305,0.6684981684981686,0.5869565217391305,0.5301075268817205
VBH,lstm,valid,0.6774193548387096,0.9237536656891496,0.6774193548387096,0.781637717121588
VBH,svm,train,0.9239130434782608,0.9257237778832464,0.9239130434782608,0.9238320520402128
VBH,svm,valid,0.967741935483871,0.9365244536940688,0.967741935483871,0.9518773135906928
VBH,transformer,train,0.8043478260869565,0.813840155945419,0.8043478260869565,0.8028571428571428
VBH,transformer,valid,0.967741935483871,0.9365244536940688,0.967741935483871,0.9518773135906928
VC1,logistic_regression,train,0.9041095890410958,0.8174141489960592,0.9041095890410958,0.8585788903124076
VC1,logistic_regression,valid,0.2903225806451613,0.0842872008324661,0.2903225806451613,0.1306451612903225
VC1,lstm,train,0.6301369863013698,0.7846988886017059,0.6301369863013698,0.6989754806032002
VC1,lstm,valid,0.5806451612903226,0.6766129032258065,0.5806451612903226,0.5996861377506539
VC1,svm,train,0.0958904109589041,0.0091949709138675,0.0958904109589041,0.0167808219178082
VC1,svm,valid,0.7096774193548387,0.5036420395421436,0.7096774193548387,0.5891661594643944
VC1,transformer,train,0.6301369863013698,0.7846988886017059,0.6301369863013698,0.6989754806032002
VC1,transformer,valid,0.2258064516129032,0.3212252642992681,0.2258064516129032,0.2588916459884202
VC2,logistic_regression,train,0.8918918918918919,0.8965262379896526,0.8918918918918919,0.8915750915750916
VC2,logistic_regression,valid,0.8387096774193549,0.8891129032258065,0.8387096774193549,0.8421232292200034
VC2,lstm,train,0.7972972972972973,0.8028273809523809,0.7972972972972973,0.7963676389653276
VC2,lstm,valid,0.7096774193548387,0.799777530589544,0.7096774193548387,0.6358434192535575
VC2,svm,train,0.9324324324324323,0.9404761904761906,0.9324324324324323,0.932122546321776
VC2,svm,valid,0.7096774193548387,0.8403225806451613,0.7096774193548387,0.7096774193548387
VC2,transformer,train,0.8513513513513513,0.8516081871345029,0.8513513513513513,0.851324200913242
VC2,transformer,valid,0.8709677419354839,0.9053763440860216,0.8709677419354839,0.873724841466777
VC3,logistic_regression,train,0.951219512195122,0.9555555555555556,0.951219512195122,0.951103160405486
VC3,logistic_regression,valid,0.7741935483870968,0.5993756503642039,0.7741935483870968,0.6756598240469208
VC3,lstm,train,1.0,1.0,1.0,1.0
VC3,lstm,valid,0.7741935483870968,0.5993756503642039,0.7741935483870968,0.6756598240469208
VC3,svm,train,0.975609756097561,0.9767441860465116,0.975609756097561,0.9755952380952382
VC3,svm,valid,0.7741935483870968,0.5993756503642039,0.7741935483870968,0.6756598240469208
VC3,transformer,train,0.9146341463414634,0.9270833333333331,0.9146341463414634,0.914007490636704
VC3,transformer,valid,0.7741935483870968,0.5993756503642039,0.7741935483870968,0.6756598240469208
VC5,logistic_regression,train,0.931372549019608,0.939655172413793,0.931372549019608,0.9310478029937228
VC5,logistic_regression,valid,0.7741935483870968,0.5993756503642039,0.7741935483870968,0.6756598240469208
VC5,lstm,train,0.8725490196078431,0.8797021943573667,0.8725490196078431,0.8719459198454853
VC5,lstm,valid,0.935483870967742,0.9404466501240696,0.935483870967742,0.9313978494623656
VC5,svm,train,0.9215686274509804,0.9222179437812862,0.9215686274509804,0.9215384615384616
VC5,svm,valid,0.8387096774193549,0.9059139784946236,0.8387096774193549,0.8505547439491453
VC5,transformer,train,0.9019607843137256,0.904448742746615,0.9019607843137256,0.90180978051598
VC5,transformer,valid,0.967741935483871,0.969032258064516,0.967741935483871,0.966830404618423
VC6,logistic_regression,train,0.875,0.8799058084772372,0.875,0.8745951548127997
VC6,logistic_regression,valid,0.2903225806451613,0.0842872008324661,0.2903225806451613,0.1306451612903225
VC6,lstm,train,0.5,0.25,0.5,0.3333333333333333
VC6,lstm,valid,0.7096774193548387,0.5036420395421436,0.7096774193548387,0.5891661594643944
VC6,svm,train,0.9090909090909092,0.923076923076923,0.9090909090909092,0.9083333333333332
VC6,svm,valid,0.2903225806451613,0.0842872008324661,0.2903225806451613,0.1306451612903225
VC6,transformer,train,0.7727272727272727,0.84375,0.7727272727272727,0.7603485838779956
VC6,transformer,valid,0.4838709677419355,0.8141935483870967,0.4838709677419355,0.4578476551911087
VC7,logistic_regression,train,0.9672131147540984,0.9692307692307692,0.9672131147540984,0.9671778315846112
VC7,logistic_regression,valid,0.5161290322580645,0.8315412186379928,0.5161290322580645,0.6369251887439945
VC7,lstm,train,0.5,0.25,0.5,0.3333333333333333
VC7,lstm,valid,0.935483870967742,0.8751300728407908,0.935483870967742,0.9043010752688172
VC7,svm,train,0.9590163934426228,0.962121212121212,0.9590163934426228,0.9589474392624
VC7,svm,valid,0.5483870967741935,0.8370118845500848,0.5483870967741935,0.6626344086021506
VC7,transformer,train,0.6557377049180327,0.6564102564102564,0.6557377049180327,0.655367231638418
VC7,transformer,valid,0.4838709677419355,0.8254269449715369,0.4838709677419355,0.6100981767180926
VC9,logistic_regression,train,0.9315068493150684,0.8677050103208857,0.9315068493150684,0.8984746915379382
VC9,logistic_regression,valid,0.6451612903225806,0.4162330905306972,0.6451612903225806,0.5060088551549652
VC9,lstm,train,0.9315068493150684,0.8677050103208857,0.9315068493150684,0.8984746915379382
VC9,lstm,valid,0.6451612903225806,0.4162330905306972,0.6451612903225806,0.5060088551549652
VC9,svm,train,0.9315068493150684,0.8677050103208857,0.9315068493150684,0.8984746915379382
VC9,svm,valid,0.6451612903225806,0.4162330905306972,0.6451612903225806,0.5060088551549652
VC9,transformer,train,0.9315068493150684,0.8677050103208857,0.9315068493150684,0.8984746915379382
VC9,transformer,valid,0.6451612903225806,0.4162330905306972,0.6451612903225806,0.5060088551549652
VCA,logistic_regression,train,0.7254901960784313,0.7254901960784313,0.7254901960784313,0.7254901960784313
VCA,logistic_regression,valid,0.8064516129032258,0.6503642039542143,0.8064516129032258,0.7200460829493088
VCA,lstm,train,0.8333333333333334,0.8564967105263157,0.8333333333333334,0.8305813385442109
VCA,lstm,valid,0.8064516129032258,0.6503642039542143,0.8064516129032258,0.7200460829493088
VCA,svm,train,0.9509803921568628,0.951153846153846,0.9509803921568628,0.9509756800922812
VCA,svm,valid,0.6129032258064516,0.8709677419354839,0.6129032258064516,0.6485568760611206
VCA,transformer,train,0.8529411764705882,0.8863636363636364,0.8529411764705882,0.8496905393457117
VCA,transformer,valid,0.8064516129032258,0.6503642039542143,0.8064516129032258,0.7200460829493088
VCB,logistic_regression,train,0.8947368421052632,0.9072721498888536,0.8947368421052632,0.8939205955334988
VCB,logistic_regression,valid,0.2258064516129032,0.5721966205837173,0.2258064516129032,0.1721333694768229
VCB,lstm,train,0.9649122807017544,0.9672131147540984,0.9649122807017544,0.964869029275809
VCB,lstm,valid,0.8064516129032258,0.6503642039542143,0.8064516129032258,0.7200460829493088
VCB,svm,train,0.9035087719298246,0.9036330049261084,0.9035087719298246,0.9035013466717968
VCB,svm,valid,0.8064516129032258,0.6503642039542143,0.8064516129032258,0.7200460829493088
VCB,transformer,train,0.9210526315789472,0.9211822660098524,0.9210526315789472,0.9210465563678336
VCB,transformer,valid,0.3548387096774194,0.8511166253101736,0.3548387096774194,0.3413978494623655
VCC,logistic_regression,train,0.75,0.7880952380952381,0.75,0.7414529914529915
VCC,logistic_regression,valid,0.4838709677419355,0.2341311134235171,0.4838709677419355,0.3155680224403927
VCC,lstm,train,0.9090909090909092,0.916842105263158,0.9090909090909092,0.9086663207057604
VCC,lstm,valid,0.967741935483871,0.969639468690702,0.967741935483871,0.9676745205110056
VCC,svm,train,0.7159090909090909,0.8188405797101449,0.7159090909090909,0.6909678325607529
VCC,svm,valid,0.4838709677419355,0.2341311134235171,0.4838709677419355,0.3155680224403927
VCC,transformer,train,0.875,0.8913746630727762,0.875,0.873678715907608
VCC,transformer,valid,0.967741935483871,0.969639468690702,0.967741935483871,0.9676745205110056
VCF,logistic_regression,train,0.8790322580645161,0.8839262187088274,0.8790322580645161,0.8786455275004893
VCF,logistic_regression,valid,0.0967741935483871,0.0093652445369406,0.0967741935483871,0.01707779886148
VCF,lstm,train,0.6048387096774194,0.6070954026043051,0.6048387096774194,0.602745995423341
VCF,lstm,valid,0.0967741935483871,0.0093652445369406,0.0967741935483871,0.01707779886148
VCF,svm,train,0.9193548387096774,0.9305555555555556,0.9193548387096774,0.918826918041372
VCF,svm,valid,0.0967741935483871,0.0093652445369406,0.0967741935483871,0.01707779886148
VCF,transformer,train,0.4193548387096774,0.405140758873929,0.4193548387096774,0.3967567567567567
VCF,transformer,valid,0.9032258064516128,0.8158168574401664,0.9032258064516128,0.8572990705303445
VCG,logistic_regression,train,0.88,0.8824476650563607,0.88,0.8798076923076923
VCG,logistic_regression,valid,0.6774193548387096,0.4588969823100936,0.6774193548387096,0.5471464019851118
VCG,lstm,train,0.76,0.7708333333333335,0.76,0.7575757575757575
VCG,lstm,valid,0.6774193548387096,0.4588969823100936,0.6774193548387096,0.5471464019851118
VCG,svm,train,0.85,0.850140056022409,0.85,0.84998499849985
VCG,svm,valid,0.6774193548387096,0.4588969823100936,0.6774193548387096,0.5471464019851118
VCG,transformer,train,0.72,0.8015350877192984,0.72,0.6996996996996998
VCG,transformer,valid,0.6774193548387096,0.4588969823100936,0.6774193548387096,0.5471464019851118
VCM,logistic_regression,train,0.9,0.9017857142857142,0.9,0.899888765294772
VCM,logistic_regression,valid,0.3870967741935484,0.1498439125910509,0.3870967741935484,0.2160540135033758
VCM,lstm,train,0.8222222222222222,0.8222222222222222,0.8222222222222222,0.8222222222222222
VCM,lstm,valid,0.6451612903225806,0.814866760168303,0.6451612903225806,0.6286396996074415
VCM,svm,train,0.9777777777777776,0.9787234042553192,0.9777777777777776,0.9777667984189722
VCM,svm,valid,0.3870967741935484,0.1498439125910509,0.3870967741935484,0.2160540135033758
VCM,transformer,train,0.7777777777777778,0.7868434472208056,0.7777777777777778,0.7760079641612742
VCM,transformer,valid,0.3870967741935484,0.1498439125910509,0.3870967741935484,0.2160540135033758
VCR,logistic_regression,train,0.775,0.8021978021978022,0.775,0.7698209718670077
VCR,logistic_regression,valid,0.1290322580645161,0.0166493236212278,0.1290322580645161,0.0294930875576036
VCR,lstm,train,1.0,1.0,1.0,1.0
VCR,lstm,valid,0.9032258064516128,0.9148883374689828,0.9032258064516128,0.9076891864475554
VCR,svm,train,0.775,0.8133903133903134,0.775,0.7678916827852997
VCR,svm,valid,0.8709677419354839,0.7585848074921956,0.8709677419354839,0.8109010011123471
VCR,transformer,train,0.7,0.7867383512544803,0.7,0.6754563894523326
VCR,transformer,valid,0.1290322580645161,0.0166493236212278,0.1290322580645161,0.0294930875576036
VCS,logistic_regression,train,0.9590163934426228,0.962121212121212,0.9590163934426228,0.9589474392624
VCS,logistic_regression,valid,1.0,1.0,1.0,1.0
VCS,lstm,train,1.0,1.0,1.0,1.0
VCS,lstm,valid,1.0,1.0,1.0,1.0
VCS,svm,train,1.0,1.0,1.0,1.0
VCS,svm,valid,0.8709677419354839,1.0,0.8709677419354839,0.9310344827586208
VCS,transformer,train,1.0,1.0,1.0,1.0
VCS,transformer,valid,1.0,1.0,1.0,1.0
VCT,logistic_regression,train,0.9315068493150684,0.8677050103208857,0.9315068493150684,0.8984746915379382
VCT,logistic_regression,valid,0.0967741935483871,0.0093652445369406,0.0967741935483871,0.01707779886148
VCT,lstm,train,0.9315068493150684,0.8677050103208857,0.9315068493150684,0.8984746915379382
VCT,lstm,valid,0.064516129032258,0.0064516129032258,0.064516129032258,0.0117302052785923
VCT,svm,train,0.9315068493150684,0.8677050103208857,0.9315068493150684,0.8984746915379382
VCT,svm,valid,0.0967741935483871,0.0093652445369406,0.0967741935483871,0.01707779886148
VCT,transformer,train,0.8767123287671232,0.8640063529878896,0.8767123287671232,0.8703129687031297
VCT,transformer,valid,0.0967741935483871,0.0093652445369406,0.0967741935483871,0.01707779886148
VDL,logistic_regression,train,0.979591836734694,0.979591836734694,0.979591836734694,0.979591836734694
VDL,logistic_regression,valid,1.0,1.0,1.0,1.0
VDL,lstm,train,0.9897959183673468,0.99,0.9897959183673468,0.9897948557742372
VDL,lstm,valid,0.967741935483871,1.0,0.967741935483871,0.9836065573770492
VDL,svm,train,1.0,1.0,1.0,1.0
VDL,svm,valid,0.8709677419354839,1.0,0.8709677419354839,0.9310344827586208
VDL,transformer,train,0.9897959183673468,0.99,0.9897959183673468,0.9897948557742372
VDL,transformer,valid,1.0,1.0,1.0,1.0
VDN,logistic_regression,train,0.863013698630137,0.744792644023269,0.863013698630137,0.7995568090249798
VDN,logistic_regression,valid,0.3548387096774194,0.1259105098855359,0.3548387096774194,0.1858678955453149
VDN,lstm,train,0.4931506849315068,0.7074679628811312,0.4931506849315068,0.5722686267958571
VDN,lstm,valid,0.3548387096774194,0.1259105098855359,0.3548387096774194,0.1858678955453149
VDN,svm,train,0.863013698630137,0.744792644023269,0.863013698630137,0.7995568090249798
VDN,svm,valid,0.3548387096774194,0.1259105098855359,0.3548387096774194,0.1858678955453149
VDN,transformer,train,0.8356164383561644,0.7414624734709627,0.8356164383561644,0.7857288897975874
VDN,transformer,valid,0.3548387096774194,0.1259105098855359,0.3548387096774194,0.1858678955453149
VDS,logistic_regression,train,0.975609756097561,0.9767441860465116,0.975609756097561,0.9755952380952382
VDS,logistic_regression,valid,0.5483870967741935,0.7591397849462365,0.5483870967741935,0.4195301542776998
VDS,lstm,train,0.975609756097561,0.9767441860465116,0.975609756097561,0.9755952380952382
VDS,lstm,valid,0.5161290322580645,0.2663891779396461,0.5161290322580645,0.3514070006863418
VDS,svm,train,0.975609756097561,0.9767441860465116,0.975609756097561,0.9755952380952382
VDS,svm,valid,0.8064516129032258,0.8269794721407625,0.8064516129032258,0.8023159636062862
VDS,transformer,train,0.5853658536585366,0.7733333333333332,0.5853658536585366,0.4992816091954022
VDS,transformer,valid,0.5161290322580645,0.2663891779396461,0.5161290322580645,0.3514070006863418
VDT,logistic_regression,train,0.9067796610169492,0.9078341013824884,0.9067796610169492,0.9067193675889328
VDT,logistic_regression,valid,0.935483870967742,0.9399332591768632,0.935483870967742,0.925883256528418
VDT,lstm,train,0.8813559322033898,0.8884986830553117,0.8813559322033898,0.8808080808080807
VDT,lstm,valid,0.935483870967742,0.9399332591768632,0.935483870967742,0.925883256528418
VDT,svm,train,0.9491525423728814,0.9496692551049756,0.9491525423728814,0.9491379310344829
VDT,svm,valid,0.1290322580645161,0.0166493236212278,0.1290322580645161,0.0294930875576036
VDT,transformer,train,0.923728813559322,0.9267939814814814,0.923728813559322,0.923591625296784
VDT,transformer,valid,0.967741935483871,0.9741935483870968,0.967741935483871,0.9692297288158516
VE1,logistic_regression,train,0.9041095890410958,0.8174141489960592,0.9041095890410958,0.8585788903124076
VE1,logistic_regression,valid,0.7741935483870968,0.5993756503642039,0.7741935483870968,0.6756598240469208
VE1,lstm,train,0.9041095890410958,0.8174141489960592,0.9041095890410958,0.8585788903124076
VE1,lstm,valid,0.7741935483870968,0.5993756503642039,0.7741935483870968,0.6756598240469208
VE1,svm,train,0.0958904109589041,0.0091949709138675,0.0958904109589041,0.0167808219178082
VE1,svm,valid,0.2258064516129032,0.0509885535900104,0.2258064516129032,0.0831918505942275
VE1,transformer,train,0.9041095890410958,0.8174141489960592,0.9041095890410958,0.8585788903124076
VE1,transformer,valid,0.7741935483870968,0.5993756503642039,0.7741935483870968,0.6756598240469208
VE2,logistic_regression,train,0.97,0.9716981132075472,0.97,0.9699729756781104
VE2,logistic_regression,valid,1.0,1.0,1.0,1.0
VE2,lstm,train,1.0,1.0,1.0,1.0
VE2,lstm,valid,1.0,1.0,1.0,1.0
VE2,svm,train,0.98,0.9807692307692308,0.98,0.9799919967987194
VE2,svm,valid,1.0,1.0,1.0,1.0
VE2,transformer,train,0.99,0.9901960784313724,0.99,0.98999899989999
VE2,transformer,valid,0.967741935483871,1.0,0.967741935483871,0.9836065573770492
VE3,logistic_regression,train,0.95,0.9545454545454544,0.95,0.949874686716792
VE3,logistic_regression,valid,0.2903225806451613,0.1563275434243176,0.2903225806451613,0.2032258064516129
VE3,lstm,train,0.75,0.8333333333333333,0.75,0.7333333333333333
VE3,lstm,valid,0.3870967741935484,0.1868743047830923,0.3870967741935484,0.2520630157539384
VE3,svm,train,0.9875,0.9878048780487806,0.9875,0.9874980465697766
VE3,svm,valid,0.2903225806451613,0.1563275434243176,0.2903225806451613,0.2032258064516129
VE3,transformer,train,0.8125,0.8636363636363636,0.8125,0.8056680161943319
VE3,transformer,valid,0.4193548387096774,0.4104218362282879,0.4193548387096774,0.3480938416422288
VE4,logistic_regression,train,0.8823529411764706,0.9047619047619048,0.8823529411764706,0.880701754385965
VE4,logistic_regression,valid,0.1612903225806451,0.2052046625101653,0.1612903225806451,0.1771482786663052
VE4,lstm,train,0.8137254901960784,0.8197492163009404,0.8137254901960784,0.8128440366972477
VE4,lstm,valid,0.7419354838709677,0.7419354838709677,0.7419354838709677,0.7419354838709677
VE4,svm,train,0.931372549019608,0.9355590062111802,0.931372549019608,0.9312072453993642
VE4,svm,valid,0.6451612903225806,0.4162330905306972,0.6451612903225806,0.5060088551549652
VE4,transformer,train,0.5980392156862745,0.6290485829959515,0.5980392156862745,0.5723489109315881
VE4,transformer,valid,0.2903225806451613,0.3345021037868163,0.2903225806451613,0.2634860395771211
VE8,logistic_regression,train,1.0,1.0,1.0,1.0
VE8,logistic_regression,valid,1.0,1.0,1.0,1.0
VE8,lstm,train,1.0,1.0,1.0,1.0
VE8,lstm,valid,1.0,1.0,1.0,1.0
VE8,svm,train,1.0,1.0,1.0,1.0
VE8,svm,valid,1.0,1.0,1.0,1.0
VE8,transformer,train,1.0,1.0,1.0,1.0
VE8,transformer,valid,1.0,1.0,1.0,1.0
VE9,logistic_regression,train,0.7352941176470589,0.7953667953667954,0.7352941176470589,0.7211139240506329
VE9,logistic_regression,valid,0.6129032258064516,0.6129032258064516,0.6129032258064516,0.6129032258064516
VE9,lstm,train,0.5,0.25,0.5,0.3333333333333333
VE9,lstm,valid,0.8064516129032258,0.6503642039542143,0.8064516129032258,0.7200460829493088
VE9,svm,train,0.7352941176470589,0.8269230769230769,0.7352941176470589,0.7153488372093023
VE9,svm,valid,0.7096774193548387,0.6336405529953917,0.7096774193548387,0.6695069993913573
VE9,transformer,train,0.4901960784313725,0.4838300570703867,0.4901960784313725,0.4345415778251599
VE9,transformer,valid,0.7741935483870968,0.6451612903225806,0.7741935483870968,0.7038123167155425
VES,logistic_regression,train,0.8571428571428571,0.8571428571428571,0.8571428571428571,0.8571428571428571
VES,logistic_regression,valid,0.4838709677419355,0.8500948766603416,0.4838709677419355,0.5784946236559141
VES,lstm,train,0.9107142857142856,0.9242424242424242,0.9107142857142856,0.9099967855994856
VES,lstm,valid,0.5161290322580645,0.8551075268817204,0.5161290322580645,0.6085205511904292
VES,svm,train,0.875,0.8793548387096776,0.875,0.8746402302526383
VES,svm,valid,0.8709677419354839,0.8129032258064516,0.8709677419354839,0.8409343715239154
VES,transformer,train,0.5,0.25,0.5,0.3333333333333333
VES,transformer,valid,0.9032258064516128,0.9181600955794504,0.9032258064516128,0.909258483452032
VFC,logistic_regression,train,0.9239130434782608,0.924113475177305,0.9239130434782608,0.9239040529363112
VFC,logistic_regression,valid,1.0,1.0,1.0,1.0
VFC,lstm,train,0.9565217391304348,0.9573863636363636,0.9565217391304348,0.9565011820330968
VFC,lstm,valid,1.0,1.0,1.0,1.0
VFC,svm,train,0.967391304347826,0.9693877551020408,0.967391304347826,0.9673565937315196
VFC,svm,valid,1.0,1.0,1.0,1.0
VFC,transformer,train,0.967391304347826,0.967612293144208,0.967391304347826,0.967387451258419
VFC,transformer,valid,1.0,1.0,1.0,1.0
VFG,logistic_regression,train,0.84,0.8405448717948718,0.84,0.839935974389756
VFG,logistic_regression,valid,0.6129032258064516,0.7788018433179723,0.6129032258064516,0.5366568914956011
VFG,lstm,train,0.52,0.7551020408163265,0.52,0.3762993762993762
VFG,lstm,valid,0.5483870967741935,0.7591397849462365,0.5483870967741935,0.4195301542776998
VFG,svm,train,0.87,0.8701480592236895,0.87,0.8699869986998701
VFG,svm,valid,0.5483870967741935,0.5560675883256528,0.5483870967741935,0.5114369501466276
VFG,transformer,train,0.81,0.8203803224472924,0.81,0.8084484323016434
VFG,transformer,valid,0.6129032258064516,0.6466973886328726,0.6129032258064516,0.5812316715542521
VFR,logistic_regression,train,0.9361702127659576,0.9361702127659576,0.9361702127659576,0.9361702127659576
VFR,logistic_regression,valid,0.1935483870967742,0.968982630272953,0.1935483870967742,0.2788871821129886
VFR,lstm,train,0.6382978723404256,0.7901234567901235,0.6382978723404256,0.5838541666666667
VFR,lstm,valid,0.032258064516129,0.0010405827263267,0.032258064516129,0.002016129032258
VFR,svm,train,0.946808510638298,0.9519230769230768,0.946808510638298,0.9466575871070252
VFR,svm,valid,0.4516129032258064,0.9695340501792116,0.4516129032258064,0.5885418723101828
VFR,transformer,train,0.7127659574468085,0.7128623188405798,0.7127659574468085,0.7127334465195246
VFR,transformer,valid,0.032258064516129,0.0010405827263267,0.032258064516129,0.002016129032258
VGP,logistic_regression,train,0.85,0.8733333333333334,0.85,0.8476190476190478
VGP,logistic_regression,valid,0.7096774193548387,0.7123655913978494,0.7096774193548387,0.710284154110628
VGP,lstm,train,0.9375,0.9444444444444444,0.9375,0.9372549019607844
VGP,lstm,valid,0.7419354838709677,0.7529953917050691,0.7419354838709677,0.7340124504810414
VGP,svm,train,0.9625,0.9651162790697676,0.9625,0.962447191362854
VGP,svm,valid,0.6451612903225806,0.6987593052109181,0.6451612903225806,0.5982548268646108
VGP,transformer,train,0.7875,0.8214535290006989,0.7875,0.7817364788958434
VGP,transformer,valid,0.4516129032258064,0.4749103942652329,0.4516129032258064,0.3688134577198306
VGS,logistic_regression,train,0.9693877551020408,0.971153846153846,0.9693877551020408,0.9693590411672746
VGS,logistic_regression,valid,0.4838709677419355,0.2341311134235171,0.4838709677419355,0.3155680224403927
VGS,lstm,train,0.9591836734693876,0.9622641509433962,0.9591836734693876,0.9591155611180644
VGS,lstm,valid,0.4838709677419355,0.2341311134235171,0.4838709677419355,0.3155680224403927
VGS,svm,train,0.9591836734693876,0.9622641509433962,0.9591836734693876,0.9591155611180644
VGS,svm,valid,0.4838709677419355,0.2341311134235171,0.4838709677419355,0.3155680224403927
VGS,transformer,train,0.7653061224489796,0.8402777777777778,0.7653061224489796,0.7516253443526171
VGS,transformer,valid,0.4838709677419355,0.2341311134235171,0.4838709677419355,0.3155680224403927
VHC,logistic_regression,train,0.84,0.8449675324675325,0.84,0.8394219189080689
VHC,logistic_regression,valid,0.5161290322580645,0.2663891779396461,0.5161290322580645,0.3514070006863418
VHC,lstm,train,0.88,0.8899835796387521,0.88,0.8792270531400966
VHC,lstm,valid,0.6774193548387096,0.7373271889400921,0.6774193548387096,0.6510263929618768
VHC,svm,train,0.93,0.9343434343434344,0.93,0.9298245614035088
VHC,svm,valid,0.6774193548387096,0.6873900293255133,0.6774193548387096,0.670526606010477
VHC,transformer,train,0.84,0.8449675324675325,0.84,0.8394219189080689
VHC,transformer,valid,0.5806451612903226,0.7686318131256952,0.5806451612903226,0.480877082015602
VHF,logistic_regression,train,0.8295454545454546,0.8297157622739019,0.8295454545454546,0.8295234405269276
VHF,logistic_regression,valid,0.7741935483870968,1.0,0.7741935483870968,0.8727272727272727
VHF,lstm,train,1.0,1.0,1.0,1.0
VHF,lstm,valid,1.0,1.0,1.0,1.0
VHF,svm,train,0.7272727272727273,0.7528735632183909,0.7272727272727273,0.7201907790143083
VHF,svm,valid,0.4838709677419355,1.0,0.4838709677419355,0.6521739130434783
VHF,transformer,train,0.8636363636363636,0.8834422657952069,0.8636363636363636,0.8618524332810047
VHF,transformer,valid,0.6774193548387096,1.0,0.6774193548387096,0.8076923076923077
VHG,logistic_regression,train,0.9722222222222222,0.9736842105263158,0.9722222222222222,0.9722007722007724
VHG,logistic_regression,valid,0.4838709677419355,0.2341311134235171,0.4838709677419355,0.3155680224403927
VHG,lstm,train,0.7777777777777778,0.8461538461538461,0.7777777777777778,0.7662337662337663
VHG,lstm,valid,0.4838709677419355,0.2341311134235171,0.4838709677419355,0.3155680224403927
VHG,svm,train,1.0,1.0,1.0,1.0
VHG,svm,valid,0.4516129032258064,0.2258064516129032,0.4516129032258064,0.3010752688172043
VHG,transformer,train,0.5,0.25,0.5,0.3333333333333333
VHG,transformer,valid,0.4838709677419355,0.2341311134235171,0.4838709677419355,0.3155680224403927
VHH,logistic_regression,train,0.7560975609756098,0.7560975609756098,0.7560975609756098,0.7560975609756098
VHH,logistic_regression,valid,0.0,0.0,0.0,0.0
VHH,lstm,train,0.5,0.25,0.5,0.3333333333333333
VHH,lstm,valid,1.0,1.0,1.0,1.0
VHH,svm,train,0.8536585365853658,0.8613981762917933,0.8536585365853658,0.8528708133971291
VHH,svm,valid,0.0,0.0,0.0,0.0
VHH,transformer,train,0.3658536585365853,0.3116123642439432,0.3658536585365853,0.3166666666666667
VHH,transformer,valid,0.2580645161290322,1.0,0.2580645161290322,0.4102564102564102
VHL,logistic_regression,train,0.8645833333333334,0.8685827117156647,0.8645833333333334,0.8642149929278643
VHL,logistic_regression,valid,0.967741935483871,1.0,0.967741935483871,0.9836065573770492
VHL,lstm,train,1.0,1.0,1.0,1.0
VHL,lstm,valid,1.0,1.0,1.0,1.0
VHL,svm,train,0.84375,0.8475208424747697,0.84375,0.8433249918398434
VHL,svm,valid,0.967741935483871,1.0,0.967741935483871,0.9836065573770492
VHL,transformer,train,0.7916666666666666,0.7937062937062938,0.7916666666666666,0.7913043478260869
VHL,transformer,valid,1.0,1.0,1.0,1.0
VIC,logistic_regression,train,0.8904109589041096,0.792831675736536,0.8904109589041096,0.8387929323009728
VIC,logistic_regression,valid,0.0,0.0,0.0,0.0
VIC,lstm,train,0.9315068493150684,0.9363992172211352,0.9315068493150684,0.9172086158387528
VIC,lstm,valid,0.8709677419354839,1.0,0.8709677419354839,0.9310344827586208
VIC,svm,train,0.8904109589041096,0.792831675736536,0.8904109589041096,0.8387929323009728
VIC,svm,valid,0.0,0.0,0.0,0.0
VIC,transformer,train,0.8904109589041096,0.792831675736536,0.8904109589041096,0.8387929323009728
VIC,transformer,valid,0.1290322580645161,1.0,0.1290322580645161,0.2285714285714285
VID,logistic_regression,train,0.717948717948718,0.7332864180154821,0.717948717948718,0.7132352941176471
VID,logistic_regression,valid,0.8064516129032258,0.8296547821165817,0.8064516129032258,0.8040119273515857
VID,lstm,train,0.9230769230769232,0.9275747508305648,0.9230769230769232,0.9228740936058012
VID,lstm,valid,0.7096774193548387,0.7666992505702184,0.7096774193548387,0.6964952048823017
VID,svm,train,0.8717948717948718,0.8881262868908717,0.8717948717948718,0.8704318936877076
VID,svm,valid,0.4838709677419355,0.2341311134235171,0.4838709677419355,0.3155680224403927
VID,transformer,train,0.8205128205128205,0.8239202657807309,0.8205128205128205,0.8200395517468687
VID,transformer,valid,0.6774193548387096,0.7047898338220918,0.6774193548387096,0.6625636672325976
VIE,logistic_regression,train,0.58,0.5821018062397373,0.58,0.5772946859903382
VIE,logistic_regression,valid,0.4193548387096774,1.0,0.4193548387096774,0.5909090909090909
VIE,lstm,train,0.6,0.7367424242424242,0.6,0.5324918186068256
VIE,lstm,valid,0.7096774193548387,1.0,0.7096774193548387,0.8301886792452831
VIE,svm,train,0.8,0.8446691176470589,0.8,0.7933030177759405
VIE,svm,valid,0.0,0.0,0.0,0.0
VIE,transformer,train,0.53,0.5380517503805176,0.53,0.5037482842360892
VIE,transformer,valid,0.4838709677419355,1.0,0.4838709677419355,0.6521739130434783
VIG,logistic_regression,train,0.9315068493150684,0.8677050103208857,0.9315068493150684,0.8984746915379382
VIG,logistic_regression,valid,0.967741935483871,0.9365244536940688,0.967741935483871,0.9518773135906928
VIG,lstm,train,1.0,1.0,1.0,1.0
VIG,lstm,valid,0.967741935483871,0.9365244536940688,0.967741935483871,0.9518773135906928
VIG,svm,train,0.9726027397260274,0.980430528375734,0.9726027397260274,0.9746813875826348
VIG,svm,valid,0.967741935483871,0.9365244536940688,0.967741935483871,0.9518773135906928
VIG,transformer,train,1.0,1.0,1.0,1.0
VIG,transformer,valid,0.967741935483871,0.9838709677419356,0.967741935483871,0.97284490614179
VIP,logistic_regression,train,0.9545454545454546,0.9583333333333331,0.9545454545454546,0.9544513457556936
VIP,logistic_regression,valid,0.7096774193548387,0.8403225806451613,0.7096774193548387,0.7096774193548387
VIP,lstm,train,0.5,0.25,0.5,0.3333333333333333
VIP,lstm,valid,0.6451612903225806,0.4162330905306972,0.6451612903225806,0.5060088551549652
VIP,svm,train,0.9431818181818182,0.9489795918367346,0.9431818181818182,0.9429977976421816
VIP,svm,valid,0.7741935483870968,0.8620071684587813,0.7741935483870968,0.777496882057505
VIP,transformer,train,0.5681818181818182,0.7062499999999999,0.5681818181818182,0.4813895781637717
VIP,transformer,valid,0.8709677419354839,0.8725969371130662,0.8709677419354839,0.8675883256528418
VIR,logistic_regression,train,1.0,1.0,1.0,1.0
VIR,logistic_regression,valid,1.0,1.0,1.0,1.0
VIR,lstm,train,1.0,1.0,1.0,1.0
VIR,lstm,valid,1.0,1.0,1.0,1.0
VIR,svm,train,1.0,1.0,1.0,1.0
VIR,svm,valid,1.0,1.0,1.0,1.0
VIR,transformer,train,1.0,1.0,1.0,1.0
VIR,transformer,valid,1.0,1.0,1.0,1.0
VIT,logistic_regression,train,0.98,0.9807692307692308,0.98,0.9799919967987194
VIT,logistic_regression,valid,0.7419354838709677,0.5935483870967743,0.7419354838709677,0.6594982078853046
VIT,lstm,train,0.92,0.9310344827586208,0.92,0.9194847020933976
VIT,lstm,valid,0.7741935483870968,0.5993756503642039,0.7741935483870968,0.6756598240469208
VIT,svm,train,0.97,0.9716981132075472,0.97,0.9699729756781104
VIT,svm,valid,0.8064516129032258,0.7864823348694316,0.8064516129032258,0.7751861042183623
VIT,transformer,train,0.87,0.8968253968253969,0.87,0.8677652324280336
VIT,transformer,valid,0.7741935483870968,0.5993756503642039,0.7741935483870968,0.6756598240469208
VIX,logistic_regression,train,0.986842105263158,0.9871794871794872,0.986842105263158,0.9868398268398269
VIX,logistic_regression,valid,0.4193548387096774,0.1758584807492196,0.4193548387096774,0.2478005865102639
VIX,lstm,train,0.9605263157894736,0.9634146341463414,0.9605263157894736,0.9604647130223686
VIX,lstm,valid,0.8387096774193549,0.841827053402006,0.8387096774193549,0.8393923877794844
VIX,svm,train,1.0,1.0,1.0,1.0
VIX,svm,valid,0.4193548387096774,0.1758584807492196,0.4193548387096774,0.2478005865102639
VIX,transformer,train,0.8289473684210527,0.8590325018896448,0.8289473684210527,0.8252873563218391
VIX,transformer,valid,0.4193548387096774,0.1758584807492196,0.4193548387096774,0.2478005865102639
VLA,logistic_regression,train,0.8863636363636364,0.8895833333333333,0.8863636363636364,0.8861283643892339
VLA,logistic_regression,valid,0.5806451612903226,0.7825567502986858,0.5806451612903226,0.517327938256341
VLA,lstm,train,0.7954545454545454,0.8055555555555555,0.7954545454545454,0.79375
VLA,lstm,valid,0.7419354838709677,0.8357771260997067,0.7419354838709677,0.7309070857457954
VLA,svm,train,0.9090909090909092,0.923076923076923,0.9090909090909092,0.9083333333333332
VLA,svm,valid,0.5806451612903226,0.7825567502986858,0.5806451612903226,0.517327938256341
VLA,transformer,train,0.5909090909090909,0.609181141439206,0.5909090909090909,0.5730458221024258
VLA,transformer,valid,0.5483870967741935,0.7741935483870968,0.5483870967741935,0.4655913978494623
VLF,logistic_regression,train,0.8552631578947368,0.8555093555093557,0.8552631578947368,0.8552380952380951
VLF,logistic_regression,valid,0.7419354838709677,0.810752688172043,0.7419354838709677,0.658560794044665
VLF,lstm,train,0.9473684210526316,0.9473684210526316,0.9473684210526316,0.9473684210526316
VLF,lstm,valid,0.9032258064516128,0.9148387096774192,0.9032258064516128,0.8966369251887439
VLF,svm,train,0.9342105263157896,0.9345114345114346,0.9342105263157896,0.9341991341991344
VLF,svm,valid,0.7096774193548387,0.5036420395421436,0.7096774193548387,0.5891661594643944
VLF,transformer,train,0.7368421052631579,0.7368421052631579,0.7368421052631579,0.7368421052631579
VLF,transformer,valid,0.8387096774193549,0.8685782556750298,0.8387096774193549,0.815921405783157
VMC,logistic_regression,train,0.9583333333333334,0.9594820384294068,0.9583333333333334,0.958307275380446
VMC,logistic_regression,valid,0.2580645161290322,0.2451612903225806,0.2580645161290322,0.2514474772539288
VMC,lstm,train,0.875,0.8776223776223776,0.875,0.8747826086956522
VMC,lstm,valid,0.4838709677419355,0.3405017921146953,0.4838709677419355,0.3997194950911641
VMC,svm,train,0.95,0.9545454545454546,0.95,0.949874686716792
VMC,svm,valid,0.6129032258064516,0.3756503642039542,0.6129032258064516,0.4658064516129032
VMC,transformer,train,0.8333333333333334,0.8472222222222221,0.8333333333333334,0.8316498316498316
VMC,transformer,valid,0.064516129032258,0.0714487832484436,0.064516129032258,0.064516129032258
VMD,logistic_regression,train,0.9901960784313726,0.9903846153846154,0.9901960784313726,0.9901951360184562
VMD,logistic_regression,valid,0.7096774193548387,0.7526881720430108,0.7096774193548387,0.6860739575137688
VMD,lstm,train,0.9803921568627452,0.981132075471698,0.9803921568627452,0.9803846153846152
VMD,lstm,valid,0.6774193548387096,0.7273118279569892,0.6774193548387096,0.6436251920122887
VMD,svm,train,0.9509803921568628,0.9525462962962964,0.9509803921568628,0.9509379509379507
VMD,svm,valid,0.8387096774193549,0.8545676335050149,0.8387096774193549,0.8387096774193549
VMD,transformer,train,0.9607843137254902,0.9636363636363636,0.9607843137254902,0.960723912206392
VMD,transformer,valid,0.8709677419354839,0.8757781550650819,0.8709677419354839,0.8695891921698373
VNA,logistic_regression,train,0.9178082191780822,0.8423719271908425,0.9178082191780822,0.8784735812133073
VNA,logistic_regression,valid,0.8064516129032258,0.6503642039542143,0.8064516129032258,0.7200460829493088
VNA,lstm,train,0.9178082191780822,0.8423719271908425,0.9178082191780822,0.8784735812133073
VNA,lstm,valid,0.8064516129032258,0.6503642039542143,0.8064516129032258,0.7200460829493088
VNA,svm,train,0.8904109589041096,0.9530332681017613,0.8904109589041096,0.9088497499456404
VNA,svm,valid,0.8064516129032258,0.6503642039542143,0.8064516129032258,0.7200460829493088
VNA,transformer,train,0.9178082191780822,0.8423719271908425,0.9178082191780822,0.8784735812133073
VNA,transformer,valid,0.8064516129032258,0.6503642039542143,0.8064516129032258,0.7200460829493088
VNC,logistic_regression,train,0.9565217391304348,0.96,0.9565217391304348,0.956439393939394
VNC,logistic_regression,valid,0.967741935483871,0.9365244536940688,0.967741935483871,0.9518773135906928
VNC,lstm,train,0.9456521739130436,0.9475557664926436,0.9456521739130436,0.9455943228858664
VNC,lstm,valid,0.967741935483871,0.9365244536940688,0.967741935483871,0.9518773135906928
VNC,svm,train,0.967391304347826,0.9693877551020408,0.967391304347826,0.9673565937315196
VNC,svm,valid,1.0,1.0,1.0,1.0
VNC,transformer,train,0.9565217391304348,0.96,0.9565217391304348,0.956439393939394
VNC,transformer,valid,0.967741935483871,0.9365244536940688,0.967741935483871,0.9518773135906928
VND,logistic_regression,train,0.7888888888888889,0.7925,0.7888888888888889,0.788235294117647
VND,logistic_regression,valid,0.6129032258064516,0.8709677419354839,0.6129032258064516,0.6485568760611206
VND,lstm,train,0.8777777777777778,0.9017857142857142,0.8777777777777778,0.8759243012908886
VND,lstm,valid,0.7741935483870968,0.8957816377171216,0.7741935483870968,0.797409878785486
VND,svm,train,0.8888888888888888,0.8896585848589809,0.8888888888888888,0.8888339920948616
VND,svm,valid,0.8064516129032258,0.6503642039542143,0.8064516129032258,0.7200460829493088
VND,transformer,train,0.8666666666666667,0.8947368421052632,0.8666666666666667,0.8642533936651584
VND,transformer,valid,0.7741935483870968,0.8957816377171216,0.7741935483870968,0.797409878785486
VNE,logistic_regression,train,0.8958333333333334,0.9071428571428573,0.8958333333333334,0.8951048951048951
VNE,logistic_regression,valid,0.5806451612903226,0.6563814866760169,0.5806451612903226,0.6161948650427914
VNE,lstm,train,0.5,0.25,0.5,0.3333333333333333
VNE,lstm,valid,0.8387096774193549,0.7034339229968783,0.8387096774193549,0.7651386530843237
VNE,svm,train,0.7916666666666666,0.8529411764705882,0.7916666666666666,0.7822141560798549
VNE,svm,valid,0.4838709677419355,0.6290322580645161,0.4838709677419354,0.546984572230014
VNE,transformer,train,0.5208333333333334,0.5208695652173913,0.5208333333333334,0.5206252713851498
VNE,transformer,valid,0.6774193548387096,0.7988269794721409,0.6774193548387096,0.7168653576437588
VNF,logistic_regression,train,0.9736842105263158,0.975,0.9736842105263158,0.9736659736659736
VNF,logistic_regression,valid,0.3548387096774194,1.0,0.3548387096774194,0.5238095238095238
VNF,lstm,train,0.5,0.25,0.5,0.3333333333333333
VNF,lstm,valid,0.0,0.0,0.0,0.0
VNF,svm,train,0.986842105263158,0.9871794871794872,0.986842105263158,0.9868398268398269
VNF,svm,valid,0.4838709677419355,1.0,0.4838709677419355,0.6521739130434783
VNF,transformer,train,0.7894736842105263,0.7927170868347339,0.7894736842105263,0.788888888888889
VNF,transformer,valid,0.3548387096774194,1.0,0.3548387096774194,0.5238095238095238
VNG,logistic_regression,train,0.8409090909090909,0.8416149068322981,0.8409090909090909,0.8408268733850129
VNG,logistic_regression,valid,0.967741935483871,0.9365244536940688,0.967741935483871,0.9518773135906928
VNG,lstm,train,0.9318181818181818,0.94,0.9318181818181818,0.9314997405293202
VNG,lstm,valid,0.8709677419354839,0.9741935483870968,0.8709677419354839,0.9093701996927804
VNG,svm,train,0.9659090909090908,0.9680851063829788,0.9659090909090908,0.965869424692954
VNG,svm,valid,0.9032258064516128,0.9343715239154616,0.9032258064516128,0.9185347184253692
VNG,transformer,train,0.8863636363636364,0.9074074074074072,0.8863636363636364,0.8848770277341707
VNG,transformer,valid,0.967741935483871,0.9365244536940688,0.967741935483871,0.9518773135906928
VNH,logistic_regression,train,0.8833333333333333,0.9054054054054054,0.8833333333333333,0.8817234581807942
VNH,logistic_regression,valid,0.7419354838709677,0.8137096774193548,0.7419354838709677,0.750206782464847
VNH,lstm,train,0.875,0.9,0.875,0.873015873015873
VNH,lstm,valid,0.7096774193548387,0.7998102466793169,0.7096774193548387,0.7182795698924731
VNH,svm,train,0.875,0.8751041956098916,0.875,0.8749913188415862
VNH,svm,valid,0.8064516129032258,0.8494623655913978,0.8064516129032258,0.777073732718894
VNH,transformer,train,0.8583333333333333,0.8896103896103896,0.8583333333333333,0.8554319325349018
VNH,transformer,valid,0.7741935483870968,0.8286290322580645,0.7741935483870968,0.7815170008718396
VNI,logistic_regression,train,0.8113207547169812,0.811764705882353,0.8113207547169812,0.8112535612535612
VNI,logistic_regression,valid,1.0,1.0,1.0,1.0
VNI,lstm,train,1.0,1.0,1.0,1.0
VNI,lstm,valid,1.0,1.0,1.0,1.0
VNI,svm,train,0.8490566037735849,0.8571948998178508,0.8490566037735849,0.8481919083422842
VNI,svm,valid,1.0,1.0,1.0,1.0
VNI,transformer,train,0.8490566037735849,0.8679174484052533,0.8490566037735849,0.847097006851785
VNI,transformer,valid,1.0,1.0,1.0,1.0
VNINDEX,logistic_regression,train,0.8898305084745762,0.9097222222222224,0.8898305084745762,0.8884769174845512
VNINDEX,logistic_regression,valid,0.5806451612903226,0.5074441687344914,0.5806451612903226,0.5330587966140471
VNINDEX,lstm,train,0.8220338983050848,0.824363425925926,0.8220338983050848,0.8217137923591624
VNINDEX,lstm,valid,0.6774193548387096,0.4588969823100936,0.6774193548387096,0.5471464019851118
VNINDEX,svm,train,0.9067796610169492,0.9125874125874126,0.9067796610169492,0.9064504504504506
VNINDEX,svm,valid,0.6774193548387096,0.4588969823100936,0.6774193548387096,0.5471464019851118
VNINDEX,transformer,train,0.7203389830508474,0.8206521739130435,0.7203389830508474,0.6966108297623685
VNINDEX,transformer,valid,0.6774193548387096,0.4588969823100936,0.6774193548387096,0.5471464019851118
VNL,logistic_regression,train,0.9302325581395348,0.9387755102040816,0.9302325581395348,0.929891304347826
VNL,logistic_regression,valid,0.6129032258064516,0.8240469208211144,0.6129032258064516,0.6080645161290323
VNL,lstm,train,0.8604651162790697,0.890909090909091,0.8604651162790697,0.8576944291230005
VNL,lstm,valid,0.8387096774193549,0.869727047146402,0.8387096774193549,0.8204072294669412
VNL,svm,train,0.9767441860465116,0.9777777777777776,0.9767441860465116,0.9767316017316016
VNL,svm,valid,0.3870967741935484,0.7886540600667408,0.3870967741935484,0.2832380335886647
VNL,transformer,train,0.8488372093023255,0.8505434782608695,0.8488372093023255,0.8486530391227832
VNL,transformer,valid,0.3225806451612903,0.4066213921901528,0.3225806451612903,0.3353220750328648
VNM,logistic_regression,train,0.8728813559322034,0.8986486486486487,0.8728813559322034,0.8707934885758084
VNM,logistic_regression,valid,0.1290322580645161,0.96889400921659,0.1290322580645161,0.1781777732834462
VNM,lstm,train,0.5,0.25,0.5,0.3333333333333333
VNM,lstm,valid,0.967741935483871,0.9365244536940688,0.967741935483871,0.9518773135906928
VNM,svm,train,0.9661016949152542,0.9682539682539684,0.9661016949152542,0.9660626977279264
VNM,svm,valid,0.032258064516129,0.0010405827263267,0.032258064516129,0.002016129032258
VNM,transformer,train,0.7372881355932204,0.8277777777777777,0.7372881355932204,0.7178122348221861
VNM,transformer,valid,0.032258064516129,0.0010405827263267,0.032258064516129,0.002016129032258
VNR,logistic_regression,train,0.9907407407407408,0.9909090909090909,0.9907407407407408,0.9907399468404356
VNR,logistic_regression,valid,0.7096774193548387,0.7967741935483871,0.7096774193548387,0.616525789201311
VNR,lstm,train,0.9351851851851852,0.942622950819672,0.9351851851851852,0.9349117520447696
VNR,lstm,valid,0.6774193548387096,0.4588969823100936,0.6774193548387096,0.5471464019851118
VNR,svm,train,0.9907407407407408,0.9909090909090909,0.9907407407407408,0.9907399468404356
VNR,svm,valid,0.7096774193548387,0.7967741935483871,0.7096774193548387,0.616525789201311
VNR,transformer,train,0.9166666666666666,0.9285714285714284,0.9166666666666666,0.916083916083916
VNR,transformer,valid,0.7741935483870968,0.8306451612903226,0.7741935483870968,0.7295285359801489
VNS,logistic_regression,train,0.8,0.8005937654626422,0.8,0.7999011857707511
VNS,logistic_regression,valid,0.2903225806451613,0.0842872008324661,0.2903225806451613,0.1306451612903225
VNS,lstm,train,0.5,0.25,0.5,0.3333333333333333
VNS,lstm,valid,0.7096774193548387,0.5036420395421436,0.7096774193548387,0.5891661594643944
VNS,svm,train,0.8,0.8023892483822797,0.8,0.7996041563582383
VNS,svm,valid,0.2903225806451613,0.0842872008324661,0.2903225806451613,0.1306451612903225
VNS,transformer,train,0.5666666666666667,0.5669642857142857,0.5666666666666667,0.5661846496106785
VNS,transformer,valid,0.8709677419354839,0.8853372434017596,0.8709677419354839,0.8743471582181259
VNT,logistic_regression,train,0.9473684210526316,0.9523809523809524,0.9473684210526316,0.947222222222222
VNT,logistic_regression,valid,0.4838709677419355,0.7686318131256952,0.4838709677419355,0.3757296466973886
VNT,lstm,train,1.0,1.0,1.0,1.0
VNT,lstm,valid,0.6451612903225806,0.7057184750733139,0.6451612903225806,0.6399703374119392
VNT,svm,train,0.986842105263158,0.9871794871794872,0.986842105263158,0.9868398268398269
VNT,svm,valid,0.5483870967741935,0.6360448807854138,0.5483870967741935,0.5242624758753791
VNT,transformer,train,0.7368421052631579,0.8275862068965517,0.7368421052631579,0.7172619047619048
VNT,transformer,valid,0.4193548387096774,0.1758584807492196,0.4193548387096774,0.2478005865102639
VNX,logistic_regression,train,0.8333333333333334,0.8356643356643357,0.8333333333333334,0.8330434782608696
VNX,logistic_regression,valid,0.2580645161290322,0.0665972944849115,0.2580645161290322,0.1058726220016542
VNX,lstm,train,0.8958333333333334,0.8965217391304346,0.8958333333333334,0.8957881024750325
VNX,lstm,valid,0.2580645161290322,0.0665972944849115,0.2580645161290322,0.1058726220016542
VNX,svm,train,0.90625,0.9210526315789472,0.90625,0.9054187192118226
VNX,svm,valid,0.2580645161290322,0.0665972944849115,0.2580645161290322,0.1058726220016542
VNX,transformer,train,0.5520833333333334,0.653256704980843,0.5520833333333334,0.4635477582846004
VNX,transformer,valid,0.3225806451612903,0.4121863799283154,0.3225806451612903,0.3619197482297403
VPC,logistic_regression,train,0.9736842105263158,0.975,0.9736842105263158,0.9736659736659736
VPC,logistic_regression,valid,0.7419354838709677,0.8316970546984571,0.7419354838709677,0.7260894170911149
VPC,lstm,train,0.9342105263157896,0.9418604651162792,0.9342105263157896,0.9339245348635018
VPC,lstm,valid,0.8064516129032258,0.8617511520737328,0.8064516129032258,0.8002481389578163
VPC,svm,train,0.9605263157894736,0.9608454608454609,0.9605263157894736,0.9605194805194804
VPC,svm,valid,0.8064516129032258,0.8064516129032258,0.8064516129032258,0.8064516129032258
VPC,transformer,train,0.8947368421052632,0.9130434782608696,0.8947368421052632,0.8935574229691877
VPC,transformer,valid,0.8387096774193549,0.8790322580645161,0.8387096774193549,0.8352961256187063
VPH,logistic_regression,train,0.7727272727272727,0.7732919254658385,0.7727272727272727,0.7726098191214471
VPH,logistic_regression,valid,0.8387096774193549,0.9007444168734492,0.8387096774193549,0.8480761305308906
VPH,lstm,train,0.9204545454545454,0.9259549973835688,0.9204545454545454,0.920196916699054
VPH,lstm,valid,0.8064516129032258,0.8894009216589861,0.8064516129032258,0.8183284457478005
VPH,svm,train,0.7386363636363636,0.749056603773585,0.7386363636363636,0.7358736787159075
VPH,svm,valid,0.8064516129032258,0.8464961067853171,0.8064516129032258,0.7595533498759305
VPH,transformer,train,0.8409090909090909,0.8793103448275862,0.8409090909090909,0.8367779544250133
VPH,transformer,valid,0.967741935483871,0.971326164874552,0.967741935483871,0.9683322791482184
VQC,logistic_regression,train,0.9622641509433962,0.9649122807017544,0.9622641509433962,0.962210338680927
VQC,logistic_regression,valid,0.5483870967741935,0.3007284079084287,0.5483870967741935,0.3884408602150538
VQC,lstm,train,0.8301886792452831,0.8732394366197184,0.8301886792452831,0.8251466275659824
VQC,lstm,valid,0.5483870967741935,0.3007284079084287,0.5483870967741935,0.3884408602150538
VQC,svm,train,0.981132075471698,0.9818181818181816,0.981132075471698,0.981125356125356
VQC,svm,valid,0.5483870967741935,0.3007284079084287,0.5483870967741935,0.3884408602150538
VQC,transformer,train,0.7924528301886793,0.799271402550091,0.7924528301886793,0.7912638739706409
VQC,transformer,valid,0.5483870967741935,0.3007284079084287,0.5483870967741935,0.3884408602150538
VRC,logistic_regression,train,0.9,0.9033333333333334,0.9,0.8997929606625259
VRC,logistic_regression,valid,0.6129032258064516,0.5975887911371781,0.6129032258064516,0.6027649769585254
VRC,lstm,train,0.8272727272727273,0.8273809523809523,0.8272727272727273,0.8272584511116621
VRC,lstm,valid,0.3548387096774194,0.4449388209121245,0.3548387096774194,0.2360703812316715
VRC,svm,train,0.9181818181818182,0.9250672043010753,0.9181818181818182,0.917849141150112
VRC,svm,valid,0.4193548387096774,0.4730279208457575,0.4193548387096774,0.4303334236920574
VRC,transformer,train,0.8454545454545455,0.8455687830687831,0.8454545454545455,0.8454417720472767
VRC,transformer,valid,0.4516129032258064,0.5938940092165899,0.4516129032258064,0.421437105308073
VSC,logistic_regression,train,0.881578947368421,0.8839721254355399,0.881578947368421,0.8813941390671058
VSC,logistic_regression,valid,0.7741935483870968,0.8620071684587813,0.7741935483870968,0.777496882057505
VSC,lstm,train,0.9605263157894736,0.9608454608454609,0.9605263157894736,0.9605194805194804
VSC,lstm,valid,0.935483870967742,0.935483870967742,0.935483870967742,0.935483870967742
VSC,svm,train,0.9342105263157896,0.9345114345114346,0.9342105263157896,0.9341991341991344
VSC,svm,valid,0.967741935483871,0.9704301075268816,0.967741935483871,0.9680296328262668
VSC,transformer,train,0.7368421052631579,0.8275862068965517,0.7368421052631579,0.7172619047619048
VSC,transformer,valid,0.4516129032258064,0.6526054590570719,0.4516129032258064,0.398256320836966
VSG,logistic_regression,train,0.90625,0.907843137254902,0.90625,0.906158357771261
VSG,logistic_regression,valid,1.0,1.0,1.0,1.0
VSG,lstm,train,1.0,1.0,1.0,1.0
VSG,lstm,valid,1.0,1.0,1.0,1.0
VSG,svm,train,0.96875,0.9689535388623536,0.96875,0.9687466087900164
VSG,svm,valid,1.0,1.0,1.0,1.0
VSG,transformer,train,0.9791666666666666,0.98,0.9791666666666666,0.9791576204950064
VSG,transformer,valid,1.0,1.0,1.0,1.0
VSH,logistic_regression,train,0.863013698630137,0.744792644023269,0.863013698630137,0.7995568090249798
VSH,logistic_regression,valid,1.0,1.0,1.0,1.0
VSH,lstm,train,1.0,1.0,1.0,1.0
VSH,lstm,valid,1.0,1.0,1.0,1.0
VSH,svm,train,0.863013698630137,0.744792644023269,0.863013698630137,0.7995568090249798
VSH,svm,valid,1.0,1.0,1.0,1.0
VSH,transformer,train,0.9452054794520548,0.9516056591062204,0.9452054794520548,0.94725424818222
VSH,transformer,valid,0.967741935483871,1.0,0.967741935483871,0.9836065573770492
VSI,logistic_regression,train,0.9178082191780822,0.8423719271908425,0.9178082191780822,0.8784735812133073
VSI,logistic_regression,valid,0.0,0.0,0.0,0.0
VSI,lstm,train,0.2465753424657534,0.9258926566359758,0.2465753424657534,0.2935487293892942
VSI,lstm,valid,0.4516129032258064,1.0,0.4516129032258064,0.6222222222222222
VSI,svm,train,0.4794520547945205,0.9290161892901618,0.4794520547945205,0.5742351598173515
VSI,svm,valid,0.935483870967742,1.0,0.935483870967742,0.9666666666666668
VSI,transformer,train,0.8356164383561644,0.8356164383561644,0.8356164383561644,0.8356164383561644
VSI,transformer,valid,0.0,0.0,0.0,0.0
VST,logistic_regression,train,0.8904109589041096,0.792831675736536,0.8904109589041096,0.8387929323009728
VST,logistic_regression,valid,0.967741935483871,0.9365244536940688,0.967741935483871,0.9518773135906928
VST,lstm,train,0.8904109589041096,0.792831675736536,0.8904109589041096,0.8387929323009728
VST,lstm,valid,0.967741935483871,0.9365244536940688,0.967741935483871,0.9518773135906928
VST,svm,train,0.8904109589041096,0.792831675736536,0.8904109589041096,0.8387929323009728
VST,svm,valid,0.967741935483871,0.9365244536940688,0.967741935483871,0.9518773135906928
VST,transformer,train,0.8904109589041096,0.792831675736536,0.8904109589041096,0.8387929323009728
VST,transformer,valid,0.967741935483871,0.9365244536940688,0.967741935483871,0.9518773135906928
VTA,logistic_regression,train,0.9897959183673468,0.99,0.9897959183673468,0.9897948557742372
VTA,logistic_regression,valid,1.0,1.0,1.0,1.0
VTA,lstm,train,1.0,1.0,1.0,1.0
VTA,lstm,valid,1.0,1.0,1.0,1.0
VTA,svm,train,1.0,1.0,1.0,1.0
VTA,svm,valid,1.0,1.0,1.0,1.0
VTA,transformer,train,1.0,1.0,1.0,1.0
VTA,transformer,valid,1.0,1.0,1.0,1.0
VTB,logistic_regression,train,0.9508196721311476,0.9513048157115952,0.9508196721311476,0.9508064516129032
VTB,logistic_regression,valid,0.8064516129032258,0.8064516129032258,0.8064516129032258,0.8064516129032258
VTB,lstm,train,0.918032786885246,0.919838056680162,0.918032786885246,0.917944578961528
VTB,lstm,valid,0.9032258064516128,0.9063964709126,0.9032258064516128,0.9038535309503052
VTB,svm,train,0.9344262295081968,0.934893731503901,0.9344262295081968,0.9344086021505376
VTB,svm,valid,0.7096774193548387,0.8341013824884793,0.7096774193548387,0.7042168065527354
VTB,transformer,train,0.9098360655737704,0.912608225108225,0.9098360655737704,0.9096843663772798
VTB,transformer,valid,0.967741935483871,0.9702233250620348,0.967741935483871,0.967951176983435
VTC,logistic_regression,train,0.7564102564102564,0.7579365079365079,0.7564102564102564,0.7560493827160494
VTC,logistic_regression,valid,0.7419354838709677,0.5504682622268471,0.7419354838709677,0.6320191158900836
VTC,lstm,train,0.7564102564102564,0.7649456521739131,0.7564102564102564,0.7544324772162386
VTC,lstm,valid,0.7419354838709677,0.5504682622268471,0.7419354838709677,0.6320191158900836
VTC,svm,train,0.717948717948718,0.7185234014502307,0.717948717948718,0.7177631578947368
VTC,svm,valid,0.7419354838709677,0.5504682622268471,0.7419354838709677,0.6320191158900836
VTC,transformer,train,0.6794871794871795,0.6824866310160428,0.6794871794871795,0.678164713649117
VTC,transformer,valid,0.7419354838709677,0.5504682622268471,0.7419354838709677,0.6320191158900836
VTI,logistic_regression,train,0.8909090909090909,0.8993583248902398,0.8909090909090909,0.8903290129611168
VTI,logistic_regression,valid,0.8064516129032258,0.8661887694145759,0.8064516129032258,0.8352534562211983
VTI,lstm,train,0.8272727272727273,0.8409090909090909,0.8272727272727273,0.8255280073461891
VTI,lstm,valid,0.8064516129032258,0.8661887694145759,0.8064516129032258,0.8352534562211983
VTI,svm,train,0.9272727272727272,0.9365079365079364,0.9272727272727272,0.9268860086407444
VTI,svm,valid,0.7741935483870968,0.8635235732009926,0.7741935483870968,0.8164222873900293
VTI,transformer,train,0.8181818181818182,0.829059829059829,0.8181818181818182,0.8166666666666668
VTI,transformer,valid,0.7741935483870968,0.8635235732009926,0.7741935483870968,0.8164222873900293
VTL,logistic_regression,train,0.6219512195121951,0.623792270531401,0.6219512195121952,0.6205403791610689
VTL,logistic_regression,valid,1.0,1.0,1.0,1.0
VTL,lstm,train,0.8048780487804879,0.8056052474657126,0.8048780487804879,0.8047619047619047
VTL,lstm,valid,0.9032258064516128,1.0,0.9032258064516128,0.9491525423728814
VTL,svm,train,0.6707317073170732,0.7174242424242424,0.6707317073170732,0.652050919377652
VTL,svm,valid,1.0,1.0,1.0,1.0
VTL,transformer,train,0.7560975609756098,0.7662337662337663,0.7560975609756098,0.7537537537537538
VTL,transformer,valid,1.0,1.0,1.0,1.0
VTO,logistic_regression,train,0.97,0.9716981132075472,0.97,0.9699729756781104
VTO,logistic_regression,valid,0.6129032258064516,0.3756503642039542,0.6129032258064516,0.4658064516129032
VTO,lstm,train,0.96,0.962962962962963,0.96,0.9599358974358976
VTO,lstm,valid,0.6129032258064516,0.3756503642039542,0.6129032258064516,0.4658064516129032
VTO,svm,train,0.95,0.9545454545454546,0.95,0.9498746867167918
VTO,svm,valid,0.6129032258064516,0.3756503642039542,0.6129032258064516,0.4658064516129032
VTO,transformer,train,0.8,0.8342245989304813,0.8,0.7947454844006568
VTO,transformer,valid,0.6129032258064516,0.3756503642039542,0.6129032258064516,0.4658064516129032
VTS,logistic_regression,train,0.863013698630137,0.744792644023269,0.863013698630137,0.7995568090249798
VTS,logistic_regression,valid,0.935483870967742,0.8751300728407908,0.935483870967742,0.9043010752688172
VTS,lstm,train,0.958904109589041,0.9683877766069549,0.958904109589041,0.9610831069597175
VTS,lstm,valid,0.8064516129032258,0.9516129032258064,0.8064516129032258,0.8533498759305211
VTS,svm,train,0.863013698630137,0.744792644023269,0.863013698630137,0.7995568090249798
VTS,svm,valid,0.935483870967742,0.8751300728407908,0.935483870967742,0.9043010752688172
VTS,transformer,train,0.863013698630137,0.744792644023269,0.863013698630137,0.7995568090249798
VTS,transformer,valid,0.8064516129032258,0.8661887694145759,0.8064516129032258,0.8352534562211983
VTV,logistic_regression,train,0.97,0.9716981132075472,0.97,0.9699729756781104
VTV,logistic_regression,valid,0.5806451612903226,1.0,0.5806451612903226,0.7346938775510204
VTV,lstm,train,0.93,0.93859649122807,0.93,0.9296553110240175
VTV,lstm,valid,0.3548387096774194,1.0,0.3548387096774194,0.5238095238095238
VTV,svm,train,0.96,0.962962962962963,0.96,0.9599358974358976
VTV,svm,valid,0.6451612903225806,1.0,0.6451612903225806,0.7843137254901961
VTV,transformer,train,0.81,0.8623188405797102,0.81,0.8028841166096068
VTV,transformer,valid,0.4838709677419355,1.0,0.4838709677419355,0.6521739130434783
VXB,logistic_regression,train,0.5921052631578947,0.5926829268292684,0.5921052631578947,0.5914687012311427
VXB,logistic_regression,valid,0.5161290322580645,0.6648233486943165,0.5161290322580645,0.5161290322580645
VXB,lstm,train,0.9078947368421052,0.910452961672474,0.9078947368421052,0.9077509970521936
VXB,lstm,valid,0.6451612903225806,0.7009408602150538,0.6451612903225806,0.6566695727986052
VXB,svm,train,0.8289473684210527,0.8725490196078431,0.8289473684210527,0.8237916889602283
VXB,svm,valid,0.6774193548387096,0.4588969823100936,0.6774193548387096,0.5471464019851118
VXB,transformer,train,0.6578947368421053,0.7374999999999999,0.6578947368421053,0.6266061980347694
VXB,transformer,valid,0.6451612903225806,0.7009408602150538,0.6451612903225806,0.6566695727986052
WCS,logistic_regression,train,1.0,1.0,1.0,1.0
WCS,logistic_regression,valid,0.5806451612903226,0.3371488033298647,0.5806451612903226,0.4265964450296248
WCS,lstm,train,0.8953488372093024,0.9134615384615384,0.8953488372093024,0.89419002050581
WCS,lstm,valid,0.5806451612903226,0.3371488033298647,0.5806451612903226,0.4265964450296248
WCS,svm,train,1.0,1.0,1.0,1.0
WCS,svm,valid,0.5806451612903226,0.3371488033298647,0.5806451612903226,0.4265964450296248
WCS,transformer,train,0.9186046511627908,0.924342105263158,0.9186046511627908,0.9183285849952516
WCS,transformer,valid,0.5806451612903226,0.3371488033298647,0.5806451612903226,0.4265964450296248
WSB,logistic_regression,train,0.8333333333333334,0.8356643356643357,0.8333333333333334,0.8330434782608696
WSB,logistic_regression,valid,0.7741935483870968,0.5993756503642039,0.7741935483870968,0.6756598240469208
WSB,lstm,train,0.8125,0.8130434782608695,0.8125,0.8124185844550587
WSB,lstm,valid,0.7741935483870968,0.5993756503642039,0.7741935483870968,0.6756598240469208
WSB,svm,train,0.8541666666666666,0.8566433566433567,0.8541666666666666,0.8539130434782609
WSB,svm,valid,0.7741935483870968,0.5993756503642039,0.7741935483870968,0.6756598240469208
WSB,transformer,train,0.8125,0.8146853146853147,0.8125,0.8121739130434783
WSB,transformer,valid,0.7741935483870968,0.5993756503642039,0.7741935483870968,0.6756598240469208
WSS,logistic_regression,train,0.8767123287671232,0.7686245074122724,0.8767123287671232,0.8191180881911808
WSS,logistic_regression,valid,0.967741935483871,0.9365244536940688,0.967741935483871,0.9518773135906928
WSS,lstm,train,0.8767123287671232,0.7686245074122724,0.8767123287671232,0.8191180881911808
WSS,lstm,valid,0.967741935483871,0.9365244536940688,0.967741935483871,0.9518773135906928
WSS,svm,train,0.9452054794520548,0.9620653319283456,0.9452054794520548,0.949303016912385
WSS,svm,valid,0.967741935483871,0.9365244536940688,0.967741935483871,0.9518773135906928
WSS,transformer,train,0.9726027397260274,0.9726027397260274,0.9726027397260274,0.9726027397260274
WSS,transformer,valid,0.967741935483871,0.9365244536940688,0.967741935483871,0.9518773135906928
WTC,logistic_regression,train,0.8936170212765957,0.9001380579843535,0.8936170212765957,0.8931818181818183
WTC,logistic_regression,valid,0.5483870967741935,0.3007284079084287,0.5483870967741935,0.3884408602150538
WTC,lstm,train,0.8829787234042553,0.9051724137931032,0.8829787234042553,0.8813539873780839
WTC,lstm,valid,0.5483870967741935,0.3007284079084287,0.5483870967741935,0.3884408602150538
WTC,svm,train,0.946808510638298,0.9519230769230768,0.946808510638298,0.9466575871070252
WTC,svm,valid,0.5483870967741935,0.3007284079084287,0.5483870967741935,0.3884408602150538
WTC,transformer,train,0.7340425531914894,0.739351851851852,0.7340425531914894,0.7325594628428361
WTC,transformer,valid,0.5483870967741935,0.3007284079084287,0.5483870967741935,0.3884408602150538
YBC,logistic_regression,train,0.8648648648648649,0.8691796008869179,0.8648648648648649,0.8644688644688645
YBC,logistic_regression,valid,0.03225806451612903,1.0,0.03225806451612903,0.0625
YBC,lstm,train,0.5,0.25,0.5,0.3333333333333333
YBC,lstm,valid,1.0,1.0,1.0,1.0
YBC,svm,train,0.9324324324324325,0.9327485380116959,0.9324324324324325,0.9324200913242009
YBC,svm,valid,0.0,0.0,0.0,0.0
YBC,transformer,train,0.6486486486486487,0.7566204287515763,0.6486486486486487,0.6073469387755102
YBC,transformer,valid,0.3225806451612903,1.0,0.3225806451612903,0.4878048780487805
